source_accession	asset_name	asset_id	source_group	release_tag	license_status	file_present	file_verified_hash	disposition	parse_error
15KLIB_2A3_0000	15KLIB_2A3_0000.rdat	421580585	data-rna-structures	data-rna-structures	VERIFIED_CC0_RMDB	True	True	PARSE_SUCCESS	
15KLIB_DMS_0000	15KLIB_DMS_0000.rdat	421580587	data-rna-structures	data-rna-structures	VERIFIED_CC0_RMDB	True	True	PARSE_SUCCESS	
15KREP_2A3_0000	15KREP_2A3_0000.rdat	421580584	data-rna-structures	data-rna-structures	VERIFIED_CC0_RMDB	True	True	PARSE_SUCCESS	
15KREP_2A3_0001	15KREP_2A3_0001.rdat	421580586	data-rna-structures	data-rna-structures	VERIFIED_CC0_RMDB	True	True	PARSE_SUCCESS	
15KREP_DMS_0000	15KREP_DMS_0000.rdat	421580588	data-rna-structures	data-rna-structures	VERIFIED_CC0_RMDB	True	True	PARSE_SUCCESS	
15KREP_DMS_0001	15KREP_DMS_0001.rdat	421580811	data-rna-structures	data-rna-structures	VERIFIED_CC0_RMDB	True	True	PARSE_SUCCESS	
16SFWJ_1M7_0001	16SFWJ_1M7_0001.rdat	421580813	data-rna-structures	data-rna-structures	VERIFIED_CC0_RMDB	True	True	PARSE_SUCCESS	
16SFWJ_DMS_0001	16SFWJ_DMS_0001.rdat	421580816	data-rna-structures	data-rna-structures	VERIFIED_CC0_RMDB	True	True	PARSE_SUCCESS	
16SFWJ_MCA_0000	16SFWJ_MCA_0000.rdat	421580819	data-rna-structures	data-rna-structures	VERIFIED_CC0_RMDB	True	True	PARSE_FAIL_LENGTH_MISMATCH_REACTIVITY_VS_SEQPOS	D0XContractError: REACTIVITY:1 length does not match SEQPOS
16SFWJ_MCA_0001	16SFWJ_MCA_0001.rdat	421580828	data-rna-structures	data-rna-structures	VERIFIED_CC0_RMDB	True	True	PARSE_FAIL_LENGTH_MISMATCH_REACTIVITY_VS_SEQPOS	D0XContractError: REACTIVITY:1 length does not match SEQPOS
16SFWJ_MCA_0002	16SFWJ_MCA_0002.rdat	421580831	data-rna-structures	data-rna-structures	VERIFIED_CC0_RMDB	True	True	PARSE_FAIL_LENGTH_MISMATCH_REACTIVITY_VS_SEQPOS	D0XContractError: REACTIVITY:1 length does not match SEQPOS
16SFWJ_MCA_0003	16SFWJ_MCA_0003.rdat	421580832	data-rna-structures	data-rna-structures	VERIFIED_CC0_RMDB	True	True	PARSE_FAIL_LENGTH_MISMATCH_REACTIVITY_VS_SEQPOS	D0XContractError: REACTIVITY:1 length does not match SEQPOS
16SFWJ_MCA_0004	16SFWJ_MCA_0004.rdat	421580837	data-rna-structures	data-rna-structures	VERIFIED_CC0_RMDB	True	True	PARSE_FAIL_LENGTH_MISMATCH_REACTIVITY_VS_SEQPOS	D0XContractError: REACTIVITY:1 length does not match SEQPOS
16SFWJ_NMIA_0001	16SFWJ_NMIA_0001.rdat	421580851	data-rna-structures	data-rna-structures	VERIFIED_CC0_RMDB	True	True	PARSE_SUCCESS	
16SFWJ_RSQ_0001	16SFWJ_RSQ_0001.rdat	421580850	data-rna-structures	data-rna-structures	VERIFIED_CC0_RMDB	True	True	PARSE_SUCCESS	
16SFWJ_STD_0001	16SFWJ_STD_0001.rdat	421580868	data-rna-structures	data-rna-structures	VERIFIED_CC0_RMDB	True	True	PARSE_SUCCESS	
16SRRNA_H44_0001	16SRRNA_H44_0001.rdat	421580872	data-rna-structures	data-rna-structures	VERIFIED_CC0_RMDB	True	True	PARSE_SUCCESS	
23SRRNA_H101_0001	23SRRNA_H101_0001.rdat	421580882	data-rna-structures	data-rna-structures	VERIFIED_CC0_RMDB	True	True	PARSE_SUCCESS	
23SRR_H101_0001	23SRR_H101_0001.rdat	421580881	data-rna-structures	data-rna-structures	VERIFIED_CC0_RMDB	True	True	PARSE_FAIL_NON_NUMERIC_REACTIVITY	D0XContractError: non-numeric value in REACTIVITY:1: '9.98E-05    0.000361364    1.72E-05    2.91E-05    0.000100889    0.000113881    0.00014629    2.82E-05    0.000188258    7.77E-05    0.000389828    9.99E-05    4.15E-05    3.59E-05    1.22E-05    0.000119777    9.18E-05    9.57E-06    8.32E-06    6.33E-05    2.33E-05    0.000215128    6.48E-05    1.74E-05    7.07E-05    0.00019238    0.000325506    2.97E-05    3.67E-05    2.60E-06    7.61E-06    1.79E-06    0    0    3.65E-06    6.31E-06    0    7.28E-06    2.07E-05    3.42E-06    7.70E-05    2.54E-05    1.29E-06'
243RNA_DMS_0000	243RNA_DMS_0000.rdat	421580883	data-rna-structures	data-rna-structures	VERIFIED_CC0_RMDB	True	True	PARSE_FAIL_ANNOTATION_MISSING_SEPARATOR	D0XContractError: annotation token lacks key/value separator at line 14: ''
4WY16S_DCP_0000	4WY16S_DCP_0000.rdat	421580887	data-rna-structures	data-rna-structures	VERIFIED_CC0_RMDB	True	True	PARSE_FAIL_LENGTH_MISMATCH_REACTIVITY_VS_SEQPOS	D0XContractError: REACTIVITY:1 length does not match SEQPOS
5SRRNA_1M7_0001	5SRRNA_1M7_0001.rdat	421580889	data-rna-structures	data-rna-structures	VERIFIED_CC0_RMDB	True	True	PARSE_FAIL_LENGTH_MISMATCH_REACTIVITY_VS_SEQPOS	D0XContractError: REACTIVITY:1 length does not match SEQPOS
5SRRNA_1M7_0002	5SRRNA_1M7_0002.rdat	421580892	data-rna-structures	data-rna-structures	VERIFIED_CC0_RMDB	True	True	PARSE_FAIL_LENGTH_MISMATCH_REACTIVITY_VS_SEQPOS	D0XContractError: REACTIVITY:1 length does not match SEQPOS
5SRRNA_1M7_0003	5SRRNA_1M7_0003.rdat	421580898	data-rna-structures	data-rna-structures	VERIFIED_CC0_RMDB	True	True	PARSE_FAIL_LENGTH_MISMATCH_REACTIVITY_VS_SEQPOS	D0XContractError: REACTIVITY:1 length does not match SEQPOS
5SRRNA_1M7_0005	5SRRNA_1M7_0005.rdat	421580899	data-rna-structures	data-rna-structures	VERIFIED_CC0_RMDB	True	True	PARSE_FAIL_LENGTH_MISMATCH_REACTIVITY_VS_SEQPOS	D0XContractError: REACTIVITY:1 length does not match SEQPOS
5SRRNA_1M7_0006	5SRRNA_1M7_0006.rdat	421580901	data-rna-structures	data-rna-structures	VERIFIED_CC0_RMDB	True	True	PARSE_FAIL_LENGTH_MISMATCH_REACTIVITY_VS_SEQPOS	D0XContractError: REACTIVITY:1 length does not match SEQPOS
5SRRNA_1M7_0007	5SRRNA_1M7_0007.rdat	421580905	data-rna-structures	data-rna-structures	VERIFIED_CC0_RMDB	True	True	PARSE_FAIL_MISSING_REACTIVITY_ROWS	D0XContractError: missing REACTIVITY rows
5SRRNA_1M7_0008	5SRRNA_1M7_0008.rdat	421580908	data-rna-structures	data-rna-structures	VERIFIED_CC0_RMDB	True	True	PARSE_FAIL_MISSING_REACTIVITY_ROWS	D0XContractError: missing REACTIVITY rows
5SRRNA_1M7_0009	5SRRNA_1M7_0009.rdat	421580912	data-rna-structures	data-rna-structures	VERIFIED_CC0_RMDB	True	True	PARSE_FAIL_MISSING_REACTIVITY_ROWS	D0XContractError: missing REACTIVITY rows
5SRRNA_CMC_0001	5SRRNA_CMC_0001.rdat	421580917	data-rna-structures	data-rna-structures	VERIFIED_CC0_RMDB	True	True	PARSE_FAIL_MALFORMED_SEQPOS	D0XContractError: malformed SEQPOS token at ordinal 1: '-10'
5SRRNA_CMC_0005	5SRRNA_CMC_0005.rdat	421580918	data-rna-structures	data-rna-structures	VERIFIED_CC0_RMDB	True	True	PARSE_FAIL_LENGTH_MISMATCH_REACTIVITY_VS_SEQPOS	D0XContractError: REACTIVITY:1 length does not match SEQPOS
5SRRNA_DCP_0000	5SRRNA_DCP_0000.rdat	421580920	data-rna-structures	data-rna-structures	VERIFIED_CC0_RMDB	True	True	PARSE_FAIL_LENGTH_MISMATCH_REACTIVITY_VS_SEQPOS	D0XContractError: REACTIVITY:1 length does not match SEQPOS
5SRRNA_DMS_0001	5SRRNA_DMS_0001.rdat	421580921	data-rna-structures	data-rna-structures	VERIFIED_CC0_RMDB	True	True	PARSE_FAIL_INVALID_PROFILE_INDEX	D0XContractError: invalid positive profile index at line 14: 'REACTIVITY:1                   -0.0102    0.0653   -0.0519   -0.1931    0.0638    0.2835    0.2148    0.1557    0.0574    0.3944    0.3346    0.0552    0.0566   -0.0312   -0.0108   -0.0318   -0.0258   -0.0435   -0.0283   -0.0365   -0.0212    0.0020   -0.0143    0.0065    0.0612    0.5577    0.0089   -0.0085   -0.0021    0.0039   -0.0350   -0.0095   -0.0016   -0.0105    0.0132    0.0345    0.0116   -0.0009    0.0754    0.1218    0.0146    0.0065   -0.0152    0.0371    0.1267    0.1844    0.0675    0.0906    0.2774    0.2229    0.0569    0.0619    0.1167    0.0335    0.1232    0.7098    0.5044    0.2030    0.0464    0.2885    0.3370    0.0926    0.8203    0.7565    0.0530    0.0493    0.0219    0.4904    0.6691    0.6858    0.0435    0.0596    0.0700    0.0212    0.0099    0.1217    0.6253   -0.0032    0.0188    0.0918    0.0085   -0.0034    0.0172    0.6745    0.1011    0.0146    0.0146    0.0347    0.6720    0.0306    0.0007   -0.0036   -0.0129   -0.0092   -0.0007    0.0531    0.1323    0.0927    0.1942    0.1584    0.0664    0.0201    0.0102    0.0928    0.1752    0.0487    0.0062    0.0547    0.0207    0.6854    0.2565    0.2634    0.0469    0.2584    0.7414    0.0648    0.0362    0.0990    0.7084    0.8308    0.1685    0.0869   -0.0095    0.0205'
5SRRNA_DMS_0005	5SRRNA_DMS_0005.rdat	421580922	data-rna-structures	data-rna-structures	VERIFIED_CC0_RMDB	True	True	PARSE_FAIL_LENGTH_MISMATCH_REACTIVITY_VS_SEQPOS	D0XContractError: REACTIVITY:1 length does not match SEQPOS
5SRRNA_DMS_0006	5SRRNA_DMS_0006.rdat	421580926	data-rna-structures	data-rna-structures	VERIFIED_CC0_RMDB	True	True	PARSE_FAIL_LENGTH_MISMATCH_REACTIVITY_VS_SEQPOS	D0XContractError: REACTIVITY:1 length does not match SEQPOS
5SRRNA_MCA_0000	5SRRNA_MCA_0000.rdat	421580925	data-rna-structures	data-rna-structures	VERIFIED_CC0_RMDB	True	True	PARSE_FAIL_LENGTH_MISMATCH_REACTIVITY_VS_SEQPOS	D0XContractError: REACTIVITY:1 length does not match SEQPOS
5SRRNA_MCA_0001	5SRRNA_MCA_0001.rdat	421580927	data-rna-structures	data-rna-structures	VERIFIED_CC0_RMDB	True	True	PARSE_FAIL_LENGTH_MISMATCH_REACTIVITY_VS_SEQPOS	D0XContractError: REACTIVITY:1 length does not match SEQPOS
5SRRNA_SHP_0001	5SRRNA_SHP_0001.rdat	421580934	data-rna-structures	data-rna-structures	VERIFIED_CC0_RMDB	True	True	PARSE_FAIL_MALFORMED_SEQPOS	D0XContractError: malformed SEQPOS token at ordinal 1: '-10'
5SRRNA_SHP_0002	5SRRNA_SHP_0002.rdat	421580935	data-rna-structures	data-rna-structures	VERIFIED_CC0_RMDB	True	True	PARSE_FAIL_MALFORMED_SEQPOS	D0XContractError: malformed SEQPOS token at ordinal 1: '-19'
5SRRNA_SHP_0003	5SRRNA_SHP_0003.rdat	421580936	data-rna-structures	data-rna-structures	VERIFIED_CC0_RMDB	True	True	PARSE_FAIL_MALFORMED_SEQPOS	D0XContractError: malformed SEQPOS token at ordinal 1: '-10'
5SSC__1M7_0001	5SSC__1M7_0001.rdat	421580941	data-rna-structures	data-rna-structures	VERIFIED_CC0_RMDB	True	True	PARSE_FAIL_LENGTH_MISMATCH_REACTIVITY_VS_SEQPOS	D0XContractError: REACTIVITY:1 length does not match SEQPOS
5SSC__1M7_0002	5SSC__1M7_0002.rdat	421580942	data-rna-structures	data-rna-structures	VERIFIED_CC0_RMDB	True	True	PARSE_FAIL_LENGTH_MISMATCH_REACTIVITY_VS_SEQPOS	D0XContractError: REACTIVITY:1 length does not match SEQPOS
5SSC__1M7_0003	5SSC__1M7_0003.rdat	421580945	data-rna-structures	data-rna-structures	VERIFIED_CC0_RMDB	True	True	PARSE_FAIL_LENGTH_MISMATCH_REACTIVITY_VS_SEQPOS	D0XContractError: REACTIVITY:1 length does not match SEQPOS
5SSC__1M7_0004	5SSC__1M7_0004.rdat	421580954	data-rna-structures	data-rna-structures	VERIFIED_CC0_RMDB	True	True	PARSE_FAIL_LENGTH_MISMATCH_REACTIVITY_VS_SEQPOS	D0XContractError: REACTIVITY:1 length does not match SEQPOS
5SSC__1M7_0005	5SSC__1M7_0005.rdat	421580955	data-rna-structures	data-rna-structures	VERIFIED_CC0_RMDB	True	True	PARSE_FAIL_LENGTH_MISMATCH_REACTIVITY_VS_SEQPOS	D0XContractError: REACTIVITY:1 length does not match SEQPOS
5SSC__1M7_0006	5SSC__1M7_0006.rdat	421580960	data-rna-structures	data-rna-structures	VERIFIED_CC0_RMDB	True	True	PARSE_FAIL_LENGTH_MISMATCH_REACTIVITY_VS_SEQPOS	D0XContractError: REACTIVITY:1 length does not match SEQPOS
ADD125_STD_0001	ADD125_STD_0001.rdat	421580151	data-riboswitches	data-riboswitches	VERIFIED_CC0_RMDB	True	True	PARSE_SUCCESS	
ADD140_1M7_0001	ADD140_1M7_0001.rdat	421580153	data-riboswitches	data-riboswitches	VERIFIED_CC0_RMDB	True	True	PARSE_SUCCESS	
ADD140_1M7_0002	ADD140_1M7_0002.rdat	421580152	data-riboswitches	data-riboswitches	VERIFIED_CC0_RMDB	True	True	PARSE_SUCCESS	
ADD140_1M7_0003	ADD140_1M7_0003.rdat	421580148	data-riboswitches	data-riboswitches	VERIFIED_CC0_RMDB	True	True	PARSE_SUCCESS	
ADD140_1M7_0004	ADD140_1M7_0004.rdat	421580150	data-riboswitches	data-riboswitches	VERIFIED_CC0_RMDB	True	True	PARSE_SUCCESS	
ADD140_1M7_0005	ADD140_1M7_0005.rdat	421580155	data-riboswitches	data-riboswitches	VERIFIED_CC0_RMDB	True	True	PARSE_SUCCESS	
ADD140_1M7_0006	ADD140_1M7_0006.rdat	421580156	data-riboswitches	data-riboswitches	VERIFIED_CC0_RMDB	True	True	PARSE_SUCCESS	
ADD140_1M7_0007	ADD140_1M7_0007.rdat	421580157	data-riboswitches	data-riboswitches	VERIFIED_CC0_RMDB	True	True	PARSE_SUCCESS	
ADD140_1M7_0008	ADD140_1M7_0008.rdat	421580158	data-riboswitches	data-riboswitches	VERIFIED_CC0_RMDB	True	True	PARSE_SUCCESS	
ADD140_1M7_0009	ADD140_1M7_0009.rdat	421580159	data-riboswitches	data-riboswitches	VERIFIED_CC0_RMDB	True	True	PARSE_SUCCESS	
ADD140_1M7_0010	ADD140_1M7_0010.rdat	421580160	data-riboswitches	data-riboswitches	VERIFIED_CC0_RMDB	True	True	PARSE_SUCCESS	
ADD140_1M7_0011	ADD140_1M7_0011.rdat	421580162	data-riboswitches	data-riboswitches	VERIFIED_CC0_RMDB	True	True	PARSE_SUCCESS	
ADD140_1M7_0012	ADD140_1M7_0012.rdat	421580163	data-riboswitches	data-riboswitches	VERIFIED_CC0_RMDB	True	True	PARSE_SUCCESS	
ADD140_1M7_0013	ADD140_1M7_0013.rdat	421580164	data-riboswitches	data-riboswitches	VERIFIED_CC0_RMDB	True	True	PARSE_SUCCESS	
ADD140_1M7_0014	ADD140_1M7_0014.rdat	421580165	data-riboswitches	data-riboswitches	VERIFIED_CC0_RMDB	True	True	PARSE_SUCCESS	
ADD140_DCP_0001	ADD140_DCP_0001.rdat	421580169	data-riboswitches	data-riboswitches	VERIFIED_CC0_RMDB	True	True	PARSE_SUCCESS	
ADD140_DCP_0002	ADD140_DCP_0002.rdat	421580171	data-riboswitches	data-riboswitches	VERIFIED_CC0_RMDB	True	True	PARSE_SUCCESS	
ADD140_LCK_0001	ADD140_LCK_0001.rdat	421580172	data-riboswitches	data-riboswitches	VERIFIED_CC0_RMDB	True	True	PARSE_SUCCESS	
ADD140_LCK_0002	ADD140_LCK_0002.rdat	421580173	data-riboswitches	data-riboswitches	VERIFIED_CC0_RMDB	True	True	PARSE_SUCCESS	
ADD140_LCK_0003	ADD140_LCK_0003.rdat	421580175	data-riboswitches	data-riboswitches	VERIFIED_CC0_RMDB	True	True	PARSE_SUCCESS	
ADD140_LCK_0004	ADD140_LCK_0004.rdat	421580177	data-riboswitches	data-riboswitches	VERIFIED_CC0_RMDB	True	True	PARSE_SUCCESS	
ADD140_LCK_0005	ADD140_LCK_0005.rdat	421580176	data-riboswitches	data-riboswitches	VERIFIED_CC0_RMDB	True	True	PARSE_SUCCESS	
ADD140_LCK_0006	ADD140_LCK_0006.rdat	421580179	data-riboswitches	data-riboswitches	VERIFIED_CC0_RMDB	True	True	PARSE_SUCCESS	
ADD140_RSQ_0001	ADD140_RSQ_0001.rdat	421580185	data-riboswitches	data-riboswitches	VERIFIED_CC0_RMDB	True	True	PARSE_SUCCESS	
ADD140_RSQ_0002	ADD140_RSQ_0002.rdat	421580186	data-riboswitches	data-riboswitches	VERIFIED_CC0_RMDB	True	True	PARSE_SUCCESS	
ADD140_RSQ_0003	ADD140_RSQ_0003.rdat	421580187	data-riboswitches	data-riboswitches	VERIFIED_CC0_RMDB	True	True	PARSE_SUCCESS	
ADD140_RSQ_0004	ADD140_RSQ_0004.rdat	421580189	data-riboswitches	data-riboswitches	VERIFIED_CC0_RMDB	True	True	PARSE_SUCCESS	
ADD140_STD_0001	ADD140_STD_0001.rdat	421580190	data-riboswitches	data-riboswitches	VERIFIED_CC0_RMDB	True	True	PARSE_SUCCESS	
ADD71_STD_0001	ADD71_STD_0001.rdat	421580192	data-riboswitches	data-riboswitches	VERIFIED_CC0_RMDB	True	True	PARSE_SUCCESS	
ADDAPO_DCP_0000	ADDAPO_DCP_0000.rdat	421580193	data-riboswitches	data-riboswitches	VERIFIED_CC0_RMDB	True	True	PARSE_FAIL_LENGTH_MISMATCH_REACTIVITY_VS_SEQPOS	D0XContractError: REACTIVITY:1 length does not match SEQPOS
ADDHLO_DCP_0000	ADDHLO_DCP_0000.rdat	421580195	data-riboswitches	data-riboswitches	VERIFIED_CC0_RMDB	True	True	PARSE_FAIL_LENGTH_MISMATCH_REACTIVITY_VS_SEQPOS	D0XContractError: REACTIVITY:1 length does not match SEQPOS
ADDRSW_1M7_0001	ADDRSW_1M7_0001.rdat	421580196	data-riboswitches	data-riboswitches	VERIFIED_CC0_RMDB	True	True	PARSE_FAIL_LENGTH_MISMATCH_REACTIVITY_VS_SEQPOS	D0XContractError: REACTIVITY:1 length does not match SEQPOS
ADDRSW_1M7_0002	ADDRSW_1M7_0002.rdat	421580201	data-riboswitches	data-riboswitches	VERIFIED_CC0_RMDB	True	True	PARSE_FAIL_LENGTH_MISMATCH_REACTIVITY_VS_SEQPOS	D0XContractError: REACTIVITY:1 length does not match SEQPOS
ADDRSW_1M7_0003	ADDRSW_1M7_0003.rdat	421580200	data-riboswitches	data-riboswitches	VERIFIED_CC0_RMDB	True	True	PARSE_FAIL_LENGTH_MISMATCH_REACTIVITY_VS_SEQPOS	D0XContractError: REACTIVITY:1 length does not match SEQPOS
ADDRSW_1M7_0005	ADDRSW_1M7_0005.rdat	421580203	data-riboswitches	data-riboswitches	VERIFIED_CC0_RMDB	True	True	PARSE_FAIL_LENGTH_MISMATCH_REACTIVITY_VS_SEQPOS	D0XContractError: REACTIVITY:1 length does not match SEQPOS
ADDRSW_1M7_0006	ADDRSW_1M7_0006.rdat	421580205	data-riboswitches	data-riboswitches	VERIFIED_CC0_RMDB	True	True	PARSE_FAIL_LENGTH_MISMATCH_REACTIVITY_VS_SEQPOS	D0XContractError: REACTIVITY:1 length does not match SEQPOS
ADDRSW_CMC_0001	ADDRSW_CMC_0001.rdat	421580207	data-riboswitches	data-riboswitches	VERIFIED_CC0_RMDB	True	True	PARSE_FAIL_MALFORMED_SEQPOS	D0XContractError: malformed SEQPOS token at ordinal 1: '-3'
ADDRSW_CMC_0005	ADDRSW_CMC_0005.rdat	421580208	data-riboswitches	data-riboswitches	VERIFIED_CC0_RMDB	True	True	PARSE_FAIL_LENGTH_MISMATCH_REACTIVITY_VS_SEQPOS	D0XContractError: REACTIVITY:1 length does not match SEQPOS
ADDRSW_DMS_0001	ADDRSW_DMS_0001.rdat	421580209	data-riboswitches	data-riboswitches	VERIFIED_CC0_RMDB	True	True	PARSE_FAIL_MALFORMED_SEQPOS	D0XContractError: malformed SEQPOS token at ordinal 1: '-3'
ADDRSW_DMS_0005	ADDRSW_DMS_0005.rdat	421580211	data-riboswitches	data-riboswitches	VERIFIED_CC0_RMDB	True	True	PARSE_FAIL_LENGTH_MISMATCH_REACTIVITY_VS_SEQPOS	D0XContractError: REACTIVITY:1 length does not match SEQPOS
ADDRSW_DMS_0006	ADDRSW_DMS_0006.rdat	421580214	data-riboswitches	data-riboswitches	VERIFIED_CC0_RMDB	True	True	PARSE_FAIL_LENGTH_MISMATCH_REACTIVITY_VS_SEQPOS	D0XContractError: REACTIVITY:1 length does not match SEQPOS
ADDRSW_SHP_0001	ADDRSW_SHP_0001.rdat	421580215	data-riboswitches	data-riboswitches	VERIFIED_CC0_RMDB	True	True	PARSE_FAIL_MALFORMED_SEQPOS	D0XContractError: malformed SEQPOS token at ordinal 1: '-3'
ADDRSW_SHP_0002	ADDRSW_SHP_0002.rdat	421580216	data-riboswitches	data-riboswitches	VERIFIED_CC0_RMDB	True	True	PARSE_FAIL_MALFORMED_SEQPOS	D0XContractError: malformed SEQPOS token at ordinal 1: '-7'
ADDRSW_SHP_0003	ADDRSW_SHP_0003.rdat	421580220	data-riboswitches	data-riboswitches	VERIFIED_CC0_RMDB	True	True	PARSE_FAIL_MALFORMED_SEQPOS	D0XContractError: malformed SEQPOS token at ordinal 1: '-7'
ADDRSW_SHP_0004	ADDRSW_SHP_0004.rdat	421580222	data-riboswitches	data-riboswitches	VERIFIED_CC0_RMDB	True	True	PARSE_FAIL_MALFORMED_SEQPOS	D0XContractError: malformed SEQPOS token at ordinal 1: '-7'
ADDRSW_SHP_0005	ADDRSW_SHP_0005.rdat	421580225	data-riboswitches	data-riboswitches	VERIFIED_CC0_RMDB	True	True	PARSE_FAIL_MALFORMED_SEQPOS	D0XContractError: malformed SEQPOS token at ordinal 1: '-3'
ADDSCHW_1M7_0000	ADDSCHW_1M7_0000.rdat	421580241	data-riboswitches	data-riboswitches	VERIFIED_CC0_RMDB	True	True	PARSE_FAIL_LENGTH_MISMATCH_REACTIVITY_VS_SEQPOS	D0XContractError: REACTIVITY:1 length does not match SEQPOS
ADDSCHW_1M7_0001	ADDSCHW_1M7_0001.rdat	421580252	data-riboswitches	data-riboswitches	VERIFIED_CC0_RMDB	True	True	PARSE_FAIL_LENGTH_MISMATCH_REACTIVITY_VS_SEQPOS	D0XContractError: REACTIVITY:1 length does not match SEQPOS
ADDSC_1M7_0001	ADDSC_1M7_0001.rdat	421580224	data-riboswitches	data-riboswitches	VERIFIED_CC0_RMDB	True	True	PARSE_FAIL_LENGTH_MISMATCH_REACTIVITY_VS_SEQPOS	D0XContractError: REACTIVITY:1 length does not match SEQPOS
ADDSC_1M7_0002	ADDSC_1M7_0002.rdat	421580228	data-riboswitches	data-riboswitches	VERIFIED_CC0_RMDB	True	True	PARSE_FAIL_LENGTH_MISMATCH_REACTIVITY_VS_SEQPOS	D0XContractError: REACTIVITY:1 length does not match SEQPOS
ADDSC_1M7_0003	ADDSC_1M7_0003.rdat	421580227	data-riboswitches	data-riboswitches	VERIFIED_CC0_RMDB	True	True	PARSE_FAIL_LENGTH_MISMATCH_REACTIVITY_VS_SEQPOS	D0XContractError: REACTIVITY:1 length does not match SEQPOS
ADDSC_1M7_0004	ADDSC_1M7_0004.rdat	421580229	data-riboswitches	data-riboswitches	VERIFIED_CC0_RMDB	True	True	PARSE_FAIL_LENGTH_MISMATCH_REACTIVITY_VS_SEQPOS	D0XContractError: REACTIVITY:1 length does not match SEQPOS
ADDSC_1M7_0005	ADDSC_1M7_0005.rdat	421580244	data-riboswitches	data-riboswitches	VERIFIED_CC0_RMDB	True	True	PARSE_FAIL_LENGTH_MISMATCH_REACTIVITY_VS_SEQPOS	D0XContractError: REACTIVITY:1 length does not match SEQPOS
ADDSC_1M7_0006	ADDSC_1M7_0006.rdat	421580242	data-riboswitches	data-riboswitches	VERIFIED_CC0_RMDB	True	True	PARSE_FAIL_LENGTH_MISMATCH_REACTIVITY_VS_SEQPOS	D0XContractError: REACTIVITY:1 length does not match SEQPOS
ADDSC_1M7_0007	ADDSC_1M7_0007.rdat	421580243	data-riboswitches	data-riboswitches	VERIFIED_CC0_RMDB	True	True	PARSE_FAIL_MISSING_REACTIVITY_ROWS	D0XContractError: missing REACTIVITY rows
ADDSC_1M7_0008	ADDSC_1M7_0008.rdat	421580245	data-riboswitches	data-riboswitches	VERIFIED_CC0_RMDB	True	True	PARSE_FAIL_MISSING_REACTIVITY_ROWS	D0XContractError: missing REACTIVITY rows
ADOCBL_DMS_0000	ADOCBL_DMS_0000.rdat	421591902	data-general	data-general	VERIFIED_CC0_RMDB	True	True	PARSE_FAIL_MALFORMED_SEQPOS	D0XContractError: malformed SEQPOS token at ordinal 1: 'g-18'
ADOCBL_DMS_0001	ADOCBL_DMS_0001.rdat	421591904	data-general	data-general	VERIFIED_CC0_RMDB	True	True	PARSE_FAIL_MALFORMED_SEQPOS	D0XContractError: malformed SEQPOS token at ordinal 1: 'g-18'
ADOCBL_DMS_0002	ADOCBL_DMS_0002.rdat	421591899	data-general	data-general	VERIFIED_CC0_RMDB	True	True	PARSE_FAIL_MALFORMED_SEQPOS	D0XContractError: malformed SEQPOS token at ordinal 1: 'g-18'
ADOCBL_DMS_0003	ADOCBL_DMS_0003.rdat	421591901	data-general	data-general	VERIFIED_CC0_RMDB	True	True	PARSE_FAIL_MALFORMED_SEQPOS	D0XContractError: malformed SEQPOS token at ordinal 1: 'g-18'
AGSARNA_1M7_0001	AGSARNA_1M7_0001.rdat	421591900	data-general	data-general	VERIFIED_CC0_RMDB	True	True	PARSE_FAIL_OTHER	D0XContractError: missing SEQPOS
AGSARNA_1M7_0002	AGSARNA_1M7_0002.rdat	421591914	data-general	data-general	VERIFIED_CC0_RMDB	True	True	PARSE_FAIL_OTHER	D0XContractError: missing SEQPOS
AGSARNA_1M7_0003	AGSARNA_1M7_0003.rdat	421591916	data-general	data-general	VERIFIED_CC0_RMDB	True	True	PARSE_FAIL_OTHER	D0XContractError: missing SEQPOS
AGSARNA_1M7_0004	AGSARNA_1M7_0004.rdat	421591919	data-general	data-general	VERIFIED_CC0_RMDB	True	True	PARSE_FAIL_OTHER	D0XContractError: missing SEQPOS
AGSARNA_1M7_0005	AGSARNA_1M7_0005.rdat	421591918	data-general	data-general	VERIFIED_CC0_RMDB	True	True	PARSE_FAIL_OTHER	D0XContractError: missing SEQPOS
AGSARNA_1M7_0006	AGSARNA_1M7_0006.rdat	421591917	data-general	data-general	VERIFIED_CC0_RMDB	True	True	PARSE_FAIL_OTHER	D0XContractError: missing SEQPOS
AMGA3_DMS_0001	AMGA3_DMS_0001.rdat	421591920	data-general	data-general	VERIFIED_CC0_RMDB	True	True	PARSE_SUCCESS	
AMGNA3_DMS_0001	AMGNA3_DMS_0001.rdat	421591924	data-general	data-general	VERIFIED_CC0_RMDB	True	True	PARSE_SUCCESS	
ARCHII_2A3_0000	ARCHII_2A3_0000.rdat	421591925	data-general	data-general	VERIFIED_CC0_RMDB	True	True	PARSE_SUCCESS	
ARCHII_DMS_0000	ARCHII_DMS_0000.rdat	421591923	data-general	data-general	VERIFIED_CC0_RMDB	True	True	PARSE_SUCCESS	
ATPAMP_DMS_0000	ATPAMP_DMS_0000.rdat	421591928	data-general	data-general	VERIFIED_CC0_RMDB	True	True	PARSE_FAIL_ANNOTATION_MISSING_SEPARATOR	D0XContractError: annotation token lacks key/value separator at line 14: ''
ATPAPO_DMS_0000	ATPAPO_DMS_0000.rdat	421591932	data-general	data-general	VERIFIED_CC0_RMDB	True	True	PARSE_FAIL_ANNOTATION_MISSING_SEPARATOR	D0XContractError: annotation token lacks key/value separator at line 14: ''
ATPCON_DMS_0001	ATPCON_DMS_0001.rdat	421591934	data-general	data-general	VERIFIED_CC0_RMDB	True	True	PARSE_SUCCESS	
ATPCON_TITR_0001	ATPCON_TITR_0001.rdat	421591948	data-general	data-general	VERIFIED_CC0_RMDB	True	True	PARSE_SUCCESS	
ATTR03_DMS_0001	ATTR03_DMS_0001.rdat	421591947	data-general	data-general	VERIFIED_CC0_RMDB	True	True	PARSE_SUCCESS	
ATTR03_TITR_0001	ATTR03_TITR_0001.rdat	421591949	data-general	data-general	VERIFIED_CC0_RMDB	True	True	PARSE_SUCCESS	
ATTR04_DMS_0001	ATTR04_DMS_0001.rdat	421591981	data-general	data-general	VERIFIED_CC0_RMDB	True	True	PARSE_SUCCESS	
ATTR04_TITR_0001	ATTR04_TITR_0001.rdat	421591972	data-general	data-general	VERIFIED_CC0_RMDB	True	True	PARSE_SUCCESS	
ATTR05_DMS_0001	ATTR05_DMS_0001.rdat	421591980	data-general	data-general	VERIFIED_CC0_RMDB	True	True	PARSE_SUCCESS	
ATTR05_TITR_0001	ATTR05_TITR_0001.rdat	421591997	data-general	data-general	VERIFIED_CC0_RMDB	True	True	PARSE_SUCCESS	
ATTR06_DMS_0001	ATTR06_DMS_0001.rdat	421591995	data-general	data-general	VERIFIED_CC0_RMDB	True	True	PARSE_SUCCESS	
ATTR07_DMS_0001	ATTR07_DMS_0001.rdat	421591998	data-general	data-general	VERIFIED_CC0_RMDB	True	True	PARSE_SUCCESS	
ATTR08_DMS_0001	ATTR08_DMS_0001.rdat	421592011	data-general	data-general	VERIFIED_CC0_RMDB	True	True	PARSE_SUCCESS	
ATTR09_DMS_0001	ATTR09_DMS_0001.rdat	421592012	data-general	data-general	VERIFIED_CC0_RMDB	True	True	PARSE_SUCCESS	
ATTR10_DMS_0001	ATTR10_DMS_0001.rdat	421592013	data-general	data-general	VERIFIED_CC0_RMDB	True	True	PARSE_SUCCESS	
BSTHPN_1M7_0000	BSTHPN_1M7_0000.rdat	421592023	data-general	data-general	VERIFIED_CC0_RMDB	True	True	PARSE_FAIL_LENGTH_MISMATCH_REACTIVITY_VS_SEQPOS	D0XContractError: REACTIVITY:1 length does not match SEQPOS
BSUGLY_DMS_0001	BSUGLY_DMS_0001.rdat	421580254	data-riboswitches	data-riboswitches	VERIFIED_CC0_RMDB	True	True	PARSE_FAIL_MISSING_REACTIVITY_ROWS	D0XContractError: missing REACTIVITY rows
BSUGLY_DMS_0002	BSUGLY_DMS_0002.rdat	421580255	data-riboswitches	data-riboswitches	VERIFIED_CC0_RMDB	True	True	PARSE_FAIL_MISSING_REACTIVITY_ROWS	D0XContractError: missing REACTIVITY rows
BSUGLY_DMS_0003	BSUGLY_DMS_0003.rdat	421580256	data-riboswitches	data-riboswitches	VERIFIED_CC0_RMDB	True	True	PARSE_FAIL_MISSING_REACTIVITY_ROWS	D0XContractError: missing REACTIVITY rows
BSUGLY_DMS_0004	BSUGLY_DMS_0004.rdat	421580257	data-riboswitches	data-riboswitches	VERIFIED_CC0_RMDB	True	True	PARSE_FAIL_MISSING_REACTIVITY_ROWS	D0XContractError: missing REACTIVITY rows
BSUGLY_DMS_0005	BSUGLY_DMS_0005.rdat	421580260	data-riboswitches	data-riboswitches	VERIFIED_CC0_RMDB	True	True	PARSE_FAIL_MISSING_REACTIVITY_ROWS	D0XContractError: missing REACTIVITY rows
BSUGLY_DMS_0006	BSUGLY_DMS_0006.rdat	421580262	data-riboswitches	data-riboswitches	VERIFIED_CC0_RMDB	True	True	PARSE_FAIL_MISSING_REACTIVITY_ROWS	D0XContractError: missing REACTIVITY rows
BSUGLY_DMS_0007	BSUGLY_DMS_0007.rdat	421580265	data-riboswitches	data-riboswitches	VERIFIED_CC0_RMDB	True	True	PARSE_FAIL_MISSING_REACTIVITY_ROWS	D0XContractError: missing REACTIVITY rows
BSUGLY_DMS_0008	BSUGLY_DMS_0008.rdat	421580264	data-riboswitches	data-riboswitches	VERIFIED_CC0_RMDB	True	True	PARSE_FAIL_MISSING_REACTIVITY_ROWS	D0XContractError: missing REACTIVITY rows
BSUGLY_DMS_0009	BSUGLY_DMS_0009.rdat	421580266	data-riboswitches	data-riboswitches	VERIFIED_CC0_RMDB	True	True	PARSE_FAIL_MISSING_REACTIVITY_ROWS	D0XContractError: missing REACTIVITY rows
BSUGLY_DMS_0010	BSUGLY_DMS_0010.rdat	421580269	data-riboswitches	data-riboswitches	VERIFIED_CC0_RMDB	True	True	PARSE_FAIL_MISSING_REACTIVITY_ROWS	D0XContractError: missing REACTIVITY rows
BSUGLY_DMS_0011	BSUGLY_DMS_0011.rdat	421580271	data-riboswitches	data-riboswitches	VERIFIED_CC0_RMDB	True	True	PARSE_FAIL_MISSING_REACTIVITY_ROWS	D0XContractError: missing REACTIVITY rows
BSUGLY_DMS_0012	BSUGLY_DMS_0012.rdat	421580270	data-riboswitches	data-riboswitches	VERIFIED_CC0_RMDB	True	True	PARSE_FAIL_MISSING_REACTIVITY_ROWS	D0XContractError: missing REACTIVITY rows
BSUGLY_DMS_0013	BSUGLY_DMS_0013.rdat	421580272	data-riboswitches	data-riboswitches	VERIFIED_CC0_RMDB	True	True	PARSE_FAIL_MISSING_REACTIVITY_ROWS	D0XContractError: missing REACTIVITY rows
BSUGLY_DMS_0014	BSUGLY_DMS_0014.rdat	421580273	data-riboswitches	data-riboswitches	VERIFIED_CC0_RMDB	True	True	PARSE_FAIL_MISSING_REACTIVITY_ROWS	D0XContractError: missing REACTIVITY rows
BTUBR_1M7_0001	BTUBR_1M7_0001.rdat	421580275	data-riboswitches	data-riboswitches	VERIFIED_CC0_RMDB	True	True	PARSE_FAIL_MISSING_REACTIVITY_ROWS	D0XContractError: missing REACTIVITY rows
CBAG4P_BZCN_0001	CBAG4P_BZCN_0001.rdat	421592027	data-general	data-general	VERIFIED_CC0_RMDB	True	True	PARSE_FAIL_MISSING_REACTIVITY_ROWS	D0XContractError: missing REACTIVITY rows
CBAG4P_BZCN_0002	CBAG4P_BZCN_0002.rdat	421592030	data-general	data-general	VERIFIED_CC0_RMDB	True	True	PARSE_FAIL_MISSING_REACTIVITY_ROWS	D0XContractError: missing REACTIVITY rows
CBAG4P_BZCN_0003	CBAG4P_BZCN_0003.rdat	421592040	data-general	data-general	VERIFIED_CC0_RMDB	True	True	PARSE_FAIL_MISSING_REACTIVITY_ROWS	D0XContractError: missing REACTIVITY rows
CBAG4P_BZCN_0004	CBAG4P_BZCN_0004.rdat	421592043	data-general	data-general	VERIFIED_CC0_RMDB	True	True	PARSE_FAIL_MISSING_REACTIVITY_ROWS	D0XContractError: missing REACTIVITY rows
CBAG4P_DMS_0001	CBAG4P_DMS_0001.rdat	421592044	data-general	data-general	VERIFIED_CC0_RMDB	True	True	PARSE_FAIL_MISSING_REACTIVITY_ROWS	D0XContractError: missing REACTIVITY rows
CBAG4P_DMS_0002	CBAG4P_DMS_0002.rdat	421592053	data-general	data-general	VERIFIED_CC0_RMDB	True	True	PARSE_FAIL_MISSING_REACTIVITY_ROWS	D0XContractError: missing REACTIVITY rows
CBAG4P_DMS_0003	CBAG4P_DMS_0003.rdat	421592061	data-general	data-general	VERIFIED_CC0_RMDB	True	True	PARSE_FAIL_MISSING_REACTIVITY_ROWS	D0XContractError: missing REACTIVITY rows
CBAG4P_DMS_0004	CBAG4P_DMS_0004.rdat	421592065	data-general	data-general	VERIFIED_CC0_RMDB	True	True	PARSE_FAIL_MISSING_REACTIVITY_ROWS	D0XContractError: missing REACTIVITY rows
CBLAPO_DCP_0000	CBLAPO_DCP_0000.rdat	421580276	data-riboswitches	data-riboswitches	VERIFIED_CC0_RMDB	True	True	PARSE_FAIL_LENGTH_MISMATCH_REACTIVITY_VS_SEQPOS	D0XContractError: REACTIVITY:1 length does not match SEQPOS
CBLHLO_DCP_0000	CBLHLO_DCP_0000.rdat	421580277	data-riboswitches	data-riboswitches	VERIFIED_CC0_RMDB	True	True	PARSE_FAIL_LENGTH_MISMATCH_REACTIVITY_VS_SEQPOS	D0XContractError: REACTIVITY:1 length does not match SEQPOS
CDGAPO_DCP_0000	CDGAPO_DCP_0000.rdat	421580278	data-riboswitches	data-riboswitches	VERIFIED_CC0_RMDB	True	True	PARSE_FAIL_LENGTH_MISMATCH_REACTIVITY_VS_SEQPOS	D0XContractError: REACTIVITY:1 length does not match SEQPOS
CDGHLO_DCP_0000	CDGHLO_DCP_0000.rdat	421580279	data-riboswitches	data-riboswitches	VERIFIED_CC0_RMDB	True	True	PARSE_FAIL_LENGTH_MISMATCH_REACTIVITY_VS_SEQPOS	D0XContractError: REACTIVITY:1 length does not match SEQPOS
CDIGMP_MCA_0000	CDIGMP_MCA_0000.rdat	421580280	data-riboswitches	data-riboswitches	VERIFIED_CC0_RMDB	True	True	PARSE_FAIL_LENGTH_MISMATCH_REACTIVITY_VS_SEQPOS	D0XContractError: REACTIVITY:1 length does not match SEQPOS
CDIGMP_MCA_0001	CDIGMP_MCA_0001.rdat	421580283	data-riboswitches	data-riboswitches	VERIFIED_CC0_RMDB	True	True	PARSE_FAIL_LENGTH_MISMATCH_REACTIVITY_VS_SEQPOS	D0XContractError: REACTIVITY:1 length does not match SEQPOS
CDIGMP_MCA_0002	CDIGMP_MCA_0002.rdat	421580284	data-riboswitches	data-riboswitches	VERIFIED_CC0_RMDB	True	True	PARSE_FAIL_LENGTH_MISMATCH_REACTIVITY_VS_SEQPOS	D0XContractError: REACTIVITY:1 length does not match SEQPOS
CDIGMP_MCA_0003	CDIGMP_MCA_0003.rdat	421580286	data-riboswitches	data-riboswitches	VERIFIED_CC0_RMDB	True	True	PARSE_FAIL_LENGTH_MISMATCH_REACTIVITY_VS_SEQPOS	D0XContractError: REACTIVITY:1 length does not match SEQPOS
CDIGMP_MCA_0004	CDIGMP_MCA_0004.rdat	421580287	data-riboswitches	data-riboswitches	VERIFIED_CC0_RMDB	True	True	PARSE_FAIL_LENGTH_MISMATCH_REACTIVITY_VS_SEQPOS	D0XContractError: REACTIVITY:1 length does not match SEQPOS
CDIGMP_MCA_0005	CDIGMP_MCA_0005.rdat	421580288	data-riboswitches	data-riboswitches	VERIFIED_CC0_RMDB	True	True	PARSE_FAIL_LENGTH_MISMATCH_REACTIVITY_VS_SEQPOS	D0XContractError: REACTIVITY:1 length does not match SEQPOS
CDIGMP_MCA_0006	CDIGMP_MCA_0006.rdat	421580289	data-riboswitches	data-riboswitches	VERIFIED_CC0_RMDB	True	True	PARSE_FAIL_LENGTH_MISMATCH_REACTIVITY_VS_SEQPOS	D0XContractError: REACTIVITY:1 length does not match SEQPOS
CDIGMP_MCA_0007	CDIGMP_MCA_0007.rdat	421580292	data-riboswitches	data-riboswitches	VERIFIED_CC0_RMDB	True	True	PARSE_FAIL_LENGTH_MISMATCH_REACTIVITY_VS_SEQPOS	D0XContractError: REACTIVITY:1 length does not match SEQPOS
CIDGMP_1M7_0001	CIDGMP_1M7_0001.rdat	421580293	data-riboswitches	data-riboswitches	VERIFIED_CC0_RMDB	True	True	PARSE_FAIL_LENGTH_MISMATCH_REACTIVITY_VS_SEQPOS	D0XContractError: REACTIVITY:1 length does not match SEQPOS
CIDGMP_1M7_0002	CIDGMP_1M7_0002.rdat	421580294	data-riboswitches	data-riboswitches	VERIFIED_CC0_RMDB	True	True	PARSE_FAIL_LENGTH_MISMATCH_REACTIVITY_VS_SEQPOS	D0XContractError: REACTIVITY:1 length does not match SEQPOS
CIDGMP_1M7_0003	CIDGMP_1M7_0003.rdat	421580295	data-riboswitches	data-riboswitches	VERIFIED_CC0_RMDB	True	True	PARSE_FAIL_LENGTH_MISMATCH_REACTIVITY_VS_SEQPOS	D0XContractError: REACTIVITY:1 length does not match SEQPOS
CIDGMP_1M7_0005	CIDGMP_1M7_0005.rdat	421580296	data-riboswitches	data-riboswitches	VERIFIED_CC0_RMDB	True	True	PARSE_FAIL_LENGTH_MISMATCH_REACTIVITY_VS_SEQPOS	D0XContractError: REACTIVITY:1 length does not match SEQPOS
CIDGMP_1M7_0006	CIDGMP_1M7_0006.rdat	421580297	data-riboswitches	data-riboswitches	VERIFIED_CC0_RMDB	True	True	PARSE_FAIL_LENGTH_MISMATCH_REACTIVITY_VS_SEQPOS	D0XContractError: REACTIVITY:1 length does not match SEQPOS
CIDGMP_CMC_0001	CIDGMP_CMC_0001.rdat	421580299	data-riboswitches	data-riboswitches	VERIFIED_CC0_RMDB	True	True	PARSE_SUCCESS	
CIDGMP_CMC_0005	CIDGMP_CMC_0005.rdat	421580300	data-riboswitches	data-riboswitches	VERIFIED_CC0_RMDB	True	True	PARSE_FAIL_LENGTH_MISMATCH_REACTIVITY_VS_SEQPOS	D0XContractError: REACTIVITY:1 length does not match SEQPOS
CIDGMP_DMS_0001	CIDGMP_DMS_0001.rdat	421580301	data-riboswitches	data-riboswitches	VERIFIED_CC0_RMDB	True	True	PARSE_SUCCESS	
CIDGMP_DMS_0005	CIDGMP_DMS_0005.rdat	421580307	data-riboswitches	data-riboswitches	VERIFIED_CC0_RMDB	True	True	PARSE_FAIL_LENGTH_MISMATCH_REACTIVITY_VS_SEQPOS	D0XContractError: REACTIVITY:1 length does not match SEQPOS
CIDGMP_DMS_0006	CIDGMP_DMS_0006.rdat	421580309	data-riboswitches	data-riboswitches	VERIFIED_CC0_RMDB	True	True	PARSE_FAIL_LENGTH_MISMATCH_REACTIVITY_VS_SEQPOS	D0XContractError: REACTIVITY:1 length does not match SEQPOS
CIDGMP_SHP_0001	CIDGMP_SHP_0001.rdat	421580312	data-riboswitches	data-riboswitches	VERIFIED_CC0_RMDB	True	True	PARSE_SUCCESS	
CIDGMP_SHP_0002	CIDGMP_SHP_0002.rdat	421580310	data-riboswitches	data-riboswitches	VERIFIED_CC0_RMDB	True	True	PARSE_SUCCESS	
CIDGMP_SHP_0003	CIDGMP_SHP_0003.rdat	421580313	data-riboswitches	data-riboswitches	VERIFIED_CC0_RMDB	True	True	PARSE_SUCCESS	
CL1LIG_1M7_0001	CL1LIG_1M7_0001.rdat	421580316	data-riboswitches	data-riboswitches	VERIFIED_CC0_RMDB	True	True	PARSE_FAIL_MALFORMED_SEQPOS	D0XContractError: malformed SEQPOS token at ordinal 1: 'G-19'
CL1LIG_MCA_0000	CL1LIG_MCA_0000.rdat	421580317	data-riboswitches	data-riboswitches	VERIFIED_CC0_RMDB	True	True	PARSE_FAIL_LENGTH_MISMATCH_REACTIVITY_VS_SEQPOS	D0XContractError: REACTIVITY:1 length does not match SEQPOS
CL1LIG_MCA_0001	CL1LIG_MCA_0001.rdat	421580319	data-riboswitches	data-riboswitches	VERIFIED_CC0_RMDB	True	True	PARSE_FAIL_LENGTH_MISMATCH_REACTIVITY_VS_SEQPOS	D0XContractError: REACTIVITY:1 length does not match SEQPOS
CL1LIG_MCA_0002	CL1LIG_MCA_0002.rdat	421580320	data-riboswitches	data-riboswitches	VERIFIED_CC0_RMDB	True	True	PARSE_FAIL_LENGTH_MISMATCH_REACTIVITY_VS_SEQPOS	D0XContractError: REACTIVITY:1 length does not match SEQPOS
CL1LIG_MCA_0003	CL1LIG_MCA_0003.rdat	421580332	data-riboswitches	data-riboswitches	VERIFIED_CC0_RMDB	True	True	PARSE_FAIL_LENGTH_MISMATCH_REACTIVITY_VS_SEQPOS	D0XContractError: REACTIVITY:1 length does not match SEQPOS
CLILIG_DCP_0000	CLILIG_DCP_0000.rdat	421580330	data-riboswitches	data-riboswitches	VERIFIED_CC0_RMDB	True	True	PARSE_FAIL_LENGTH_MISMATCH_REACTIVITY_VS_SEQPOS	D0XContractError: REACTIVITY:1 length does not match SEQPOS
CMVBN3_1M7_0001	CMVBN3_1M7_0001.rdat	421592082	data-general	data-general	VERIFIED_CC0_RMDB	True	True	PARSE_FAIL_MISSING_REACTIVITY_ROWS	D0XContractError: missing REACTIVITY rows
CMVBN3_1M7_0002	CMVBN3_1M7_0002.rdat	421592090	data-general	data-general	VERIFIED_CC0_RMDB	True	True	PARSE_FAIL_MISSING_REACTIVITY_ROWS	D0XContractError: missing REACTIVITY rows
COVID_FSE_0603	COVID_FSE_0603.rdat	421580971	data-rna-structures	data-rna-structures	VERIFIED_CC0_RMDB	True	True	PARSE_FAIL_MALFORMED_SEQPOS	D0XContractError: malformed SEQPOS token at ordinal 1: 'G-17'
COVID_UTR_0603	COVID_UTR_0603.rdat	421580970	data-rna-structures	data-rna-structures	VERIFIED_CC0_RMDB	True	True	PARSE_FAIL_MALFORMED_SEQPOS	D0XContractError: malformed SEQPOS token at ordinal 1: 'G-20'
COVSL5_DMS_0001	COVSL5_DMS_0001.rdat	421580973	data-rna-structures	data-rna-structures	VERIFIED_CC0_RMDB	True	True	PARSE_FAIL_ANNOTATION_MISSING_SEPARATOR	D0XContractError: annotation token lacks key/value separator at line 14: ''
COVSL5_DMS_0002	COVSL5_DMS_0002.rdat	421580980	data-rna-structures	data-rna-structures	VERIFIED_CC0_RMDB	True	True	PARSE_FAIL_ANNOTATION_MISSING_SEPARATOR	D0XContractError: annotation token lacks key/value separator at line 15: ''
COVSL5_NOM_0001	COVSL5_NOM_0001.rdat	421581146	data-rna-structures	data-rna-structures	VERIFIED_CC0_RMDB	True	True	PARSE_FAIL_ANNOTATION_MISSING_SEPARATOR	D0XContractError: annotation token lacks key/value separator at line 14: ''
COVSL5_NOM_0002	COVSL5_NOM_0002.rdat	421581143	data-rna-structures	data-rna-structures	VERIFIED_CC0_RMDB	True	True	PARSE_FAIL_ANNOTATION_MISSING_SEPARATOR	D0XContractError: annotation token lacks key/value separator at line 14: ''
CRCBFL_BZCN_0001	CRCBFL_BZCN_0001.rdat	421592089	data-general	data-general	VERIFIED_CC0_RMDB	True	True	PARSE_FAIL_MISSING_REACTIVITY_ROWS	D0XContractError: missing REACTIVITY rows
CRCBFL_BZCN_0002	CRCBFL_BZCN_0002.rdat	421592094	data-general	data-general	VERIFIED_CC0_RMDB	True	True	PARSE_FAIL_MISSING_REACTIVITY_ROWS	D0XContractError: missing REACTIVITY rows
CRCBFL_BZCN_0003	CRCBFL_BZCN_0003.rdat	421592108	data-general	data-general	VERIFIED_CC0_RMDB	True	True	PARSE_FAIL_MISSING_REACTIVITY_ROWS	D0XContractError: missing REACTIVITY rows
CRCBFL_BZCN_0004	CRCBFL_BZCN_0004.rdat	421592117	data-general	data-general	VERIFIED_CC0_RMDB	True	True	PARSE_FAIL_MISSING_REACTIVITY_ROWS	D0XContractError: missing REACTIVITY rows
CRCBFL_BZCN_0005	CRCBFL_BZCN_0005.rdat	421592121	data-general	data-general	VERIFIED_CC0_RMDB	True	True	PARSE_FAIL_MISSING_REACTIVITY_ROWS	D0XContractError: missing REACTIVITY rows
CRCBFL_BZCN_0006	CRCBFL_BZCN_0006.rdat	421592128	data-general	data-general	VERIFIED_CC0_RMDB	True	True	PARSE_FAIL_MISSING_REACTIVITY_ROWS	D0XContractError: missing REACTIVITY rows
CRCBFL_DMS_0001	CRCBFL_DMS_0001.rdat	421592134	data-general	data-general	VERIFIED_CC0_RMDB	True	True	PARSE_FAIL_MISSING_REACTIVITY_ROWS	D0XContractError: missing REACTIVITY rows
CRCBFL_DMS_0002	CRCBFL_DMS_0002.rdat	421592138	data-general	data-general	VERIFIED_CC0_RMDB	True	True	PARSE_FAIL_MISSING_REACTIVITY_ROWS	D0XContractError: missing REACTIVITY rows
CRR10_1M7_0001	CRR10_1M7_0001.rdat	421592149	data-general	data-general	VERIFIED_CC0_RMDB	True	True	PARSE_FAIL_MISSING_REACTIVITY_ROWS	D0XContractError: missing REACTIVITY rows
CRR10_1M7_0002	CRR10_1M7_0002.rdat	421592157	data-general	data-general	VERIFIED_CC0_RMDB	True	True	PARSE_FAIL_MISSING_REACTIVITY_ROWS	D0XContractError: missing REACTIVITY rows
CRR12_1M7_0001	CRR12_1M7_0001.rdat	421592338	data-general	data-general	VERIFIED_CC0_RMDB	True	True	PARSE_FAIL_MISSING_REACTIVITY_ROWS	D0XContractError: missing REACTIVITY rows
CRR12_1M7_0002	CRR12_1M7_0002.rdat	421592337	data-general	data-general	VERIFIED_CC0_RMDB	True	True	PARSE_FAIL_MISSING_REACTIVITY_ROWS	D0XContractError: missing REACTIVITY rows
CSDE1_DMS_0000	CSDE1_DMS_0000.rdat	421581148	data-rna-structures	data-rna-structures	VERIFIED_CC0_RMDB	True	True	PARSE_SUCCESS	
CSDE1_DMS_0001	CSDE1_DMS_0001.rdat	421581145	data-rna-structures	data-rna-structures	VERIFIED_CC0_RMDB	True	True	PARSE_SUCCESS	
DPRGLN_DMS_0000	DPRGLN_DMS_0000.rdat	421592335	data-general	data-general	VERIFIED_CC0_RMDB	True	True	PARSE_FAIL_ANNOTATION_MISSING_SEPARATOR	D0XContractError: annotation token lacks key/value separator at line 14: ''
ECOSRP_BZCN_0001	ECOSRP_BZCN_0001.rdat	421592336	data-general	data-general	VERIFIED_CC0_RMDB	True	True	PARSE_FAIL_MISSING_REACTIVITY_ROWS	D0XContractError: missing REACTIVITY rows
ECOSRP_BZCN_0002	ECOSRP_BZCN_0002.rdat	421592339	data-general	data-general	VERIFIED_CC0_RMDB	True	True	PARSE_FAIL_MISSING_REACTIVITY_ROWS	D0XContractError: missing REACTIVITY rows
ETBNDS_VN1_0001	ETBNDS_VN1_0001.rdat	421573653	data-eterna	data-eterna	VERIFIED_CC0_RMDB	True	True	PARSE_SUCCESS	
ETBRNC_RN1_0004	ETBRNC_RN1_0004.rdat	421573652	data-eterna	data-eterna	VERIFIED_CC0_RMDB	True	True	PARSE_SUCCESS	
ETBRNC_VN1_0002	ETBRNC_VN1_0002.rdat	421573651	data-eterna	data-eterna	VERIFIED_CC0_RMDB	True	True	PARSE_SUCCESS	
ETBSTR_RN1_0002	ETBSTR_RN1_0002.rdat	421573654	data-eterna	data-eterna	VERIFIED_CC0_RMDB	True	True	PARSE_SUCCESS	
ETBSTR_SHP_0002	ETBSTR_SHP_0002.rdat	421573650	data-eterna	data-eterna	VERIFIED_CC0_RMDB	True	True	PARSE_SUCCESS	
ETBSTR_SHP_0003	ETBSTR_SHP_0003.rdat	421573657	data-eterna	data-eterna	VERIFIED_CC0_RMDB	True	True	PARSE_SUCCESS	
ETBSTR_VN1_0001	ETBSTR_VN1_0001.rdat	421573659	data-eterna	data-eterna	VERIFIED_CC0_RMDB	True	True	PARSE_SUCCESS	
ETCHLK_VN1_0001	ETCHLK_VN1_0001.rdat	421573660	data-eterna	data-eterna	VERIFIED_CC0_RMDB	True	True	PARSE_SUCCESS	
ETCROS_RN1_0003	ETCROS_RN1_0003.rdat	421573658	data-eterna	data-eterna	VERIFIED_CC0_RMDB	True	True	PARSE_SUCCESS	
ETCROS_VN1_0001	ETCROS_VN1_0001.rdat	421573662	data-eterna	data-eterna	VERIFIED_CC0_RMDB	True	True	PARSE_SUCCESS	
ETE3D_HYP_0001	ETE3D_HYP_0001.rdat	421573665	data-eterna	data-eterna	VERIFIED_CC0_RMDB	True	True	PARSE_FAIL_ANNOTATION_MISSING_SEPARATOR	D0XContractError: annotation token lacks key/value separator at line 10: ''
ETE3D_JR1_0001	ETE3D_JR1_0001.rdat	421573663	data-eterna	data-eterna	VERIFIED_CC0_RMDB	True	True	PARSE_FAIL_ANNOTATION_MISSING_SEPARATOR	D0XContractError: annotation token lacks key/value separator at line 10: ''
ETE3D_JR2_0001	ETE3D_JR2_0001.rdat	421573666	data-eterna	data-eterna	VERIFIED_CC0_RMDB	True	True	PARSE_FAIL_ANNOTATION_MISSING_SEPARATOR	D0XContractError: annotation token lacks key/value separator at line 10: ''
ETE3D_ST9_0001	ETE3D_ST9_0001.rdat	421573664	data-eterna	data-eterna	VERIFIED_CC0_RMDB	True	True	PARSE_FAIL_ANNOTATION_MISSING_SEPARATOR	D0XContractError: annotation token lacks key/value separator at line 10: ''
ETERNA3_DMS_0000	ETERNA3_DMS_0000.rdat	421574273	data-eterna	data-eterna	VERIFIED_CC0_RMDB	True	True	PARSE_FAIL_ANNOTATION_MISSING_SEPARATOR	D0XContractError: annotation token lacks key/value separator at line 14: ''
ETERNA_P50_0001	ETERNA_P50_0001.rdat	421573675	data-eterna	data-eterna	VERIFIED_CC0_RMDB	True	True	PARSE_SUCCESS	
ETERNA_P50_0002	ETERNA_P50_0002.rdat	421573679	data-eterna	data-eterna	VERIFIED_CC0_RMDB	True	True	PARSE_SUCCESS	
ETERNA_P90_0001	ETERNA_P90_0001.rdat	421573684	data-eterna	data-eterna	VERIFIED_CC0_RMDB	True	True	PARSE_SUCCESS	
ETERNA_P90_0002	ETERNA_P90_0002.rdat	421573683	data-eterna	data-eterna	VERIFIED_CC0_RMDB	True	True	PARSE_SUCCESS	
ETERNA_R00_0000	ETERNA_R00_0000.rdat	421573682	data-eterna	data-eterna	VERIFIED_CC0_RMDB	True	True	PARSE_FAIL_LENGTH_MISMATCH_REACTIVITY_VS_SEQPOS	D0XContractError: REACTIVITY:1 length does not match SEQPOS
ETERNA_R00_0002	ETERNA_R00_0002.rdat	421573691	data-eterna	data-eterna	VERIFIED_CC0_RMDB	True	True	PARSE_FAIL_LENGTH_MISMATCH_REACTIVITY_VS_SEQPOS	D0XContractError: REACTIVITY:1 length does not match SEQPOS
ETERNA_R06_0001	ETERNA_R06_0001.rdat	421573696	data-eterna	data-eterna	VERIFIED_CC0_RMDB	True	True	PARSE_SUCCESS	
ETERNA_R07_0001	ETERNA_R07_0001.rdat	421573701	data-eterna	data-eterna	VERIFIED_CC0_RMDB	True	True	PARSE_SUCCESS	
ETERNA_R08_0001	ETERNA_R08_0001.rdat	421573705	data-eterna	data-eterna	VERIFIED_CC0_RMDB	True	True	PARSE_SUCCESS	
ETERNA_R09_0001	ETERNA_R09_0001.rdat	421573707	data-eterna	data-eterna	VERIFIED_CC0_RMDB	True	True	PARSE_SUCCESS	
ETERNA_R10_0001	ETERNA_R10_0001.rdat	421573710	data-eterna	data-eterna	VERIFIED_CC0_RMDB	True	True	PARSE_SUCCESS	
ETERNA_R11_0001	ETERNA_R11_0001.rdat	421573722	data-eterna	data-eterna	VERIFIED_CC0_RMDB	True	True	PARSE_SUCCESS	
ETERNA_R12_0001	ETERNA_R12_0001.rdat	421573730	data-eterna	data-eterna	VERIFIED_CC0_RMDB	True	True	PARSE_SUCCESS	
ETERNA_R13_0001	ETERNA_R13_0001.rdat	421573731	data-eterna	data-eterna	VERIFIED_CC0_RMDB	True	True	PARSE_SUCCESS	
ETERNA_R14_0001	ETERNA_R14_0001.rdat	421573732	data-eterna	data-eterna	VERIFIED_CC0_RMDB	True	True	PARSE_SUCCESS	
ETERNA_R15_0001	ETERNA_R15_0001.rdat	421573736	data-eterna	data-eterna	VERIFIED_CC0_RMDB	True	True	PARSE_SUCCESS	
ETERNA_R16_0001	ETERNA_R16_0001.rdat	421573737	data-eterna	data-eterna	VERIFIED_CC0_RMDB	True	True	PARSE_SUCCESS	
ETERNA_R17_0001	ETERNA_R17_0001.rdat	421573738	data-eterna	data-eterna	VERIFIED_CC0_RMDB	True	True	PARSE_SUCCESS	
ETERNA_R18_0001	ETERNA_R18_0001.rdat	421573740	data-eterna	data-eterna	VERIFIED_CC0_RMDB	True	True	PARSE_SUCCESS	
ETERNA_R19_0001	ETERNA_R19_0001.rdat	421573742	data-eterna	data-eterna	VERIFIED_CC0_RMDB	True	True	PARSE_SUCCESS	
ETERNA_R20_0001	ETERNA_R20_0001.rdat	421573744	data-eterna	data-eterna	VERIFIED_CC0_RMDB	True	True	PARSE_SUCCESS	
ETERNA_R21_0001	ETERNA_R21_0001.rdat	421573743	data-eterna	data-eterna	VERIFIED_CC0_RMDB	True	True	PARSE_SUCCESS	
ETERNA_R22_0001	ETERNA_R22_0001.rdat	421573745	data-eterna	data-eterna	VERIFIED_CC0_RMDB	True	True	PARSE_SUCCESS	
ETERNA_R23_0001	ETERNA_R23_0001.rdat	421573746	data-eterna	data-eterna	VERIFIED_CC0_RMDB	True	True	PARSE_SUCCESS	
ETERNA_R24_0001	ETERNA_R24_0001.rdat	421573750	data-eterna	data-eterna	VERIFIED_CC0_RMDB	True	True	PARSE_SUCCESS	
ETERNA_R25_0001	ETERNA_R25_0001.rdat	421573754	data-eterna	data-eterna	VERIFIED_CC0_RMDB	True	True	PARSE_SUCCESS	
ETERNA_R26_0001	ETERNA_R26_0001.rdat	421573755	data-eterna	data-eterna	VERIFIED_CC0_RMDB	True	True	PARSE_SUCCESS	
ETERNA_R27_0001	ETERNA_R27_0001.rdat	421573763	data-eterna	data-eterna	VERIFIED_CC0_RMDB	True	True	PARSE_SUCCESS	
ETERNA_R28_0001	ETERNA_R28_0001.rdat	421573764	data-eterna	data-eterna	VERIFIED_CC0_RMDB	True	True	PARSE_SUCCESS	
ETERNA_R29_0001	ETERNA_R29_0001.rdat	421573767	data-eterna	data-eterna	VERIFIED_CC0_RMDB	True	True	PARSE_SUCCESS	
ETERNA_R30_0001	ETERNA_R30_0001.rdat	421573775	data-eterna	data-eterna	VERIFIED_CC0_RMDB	True	True	PARSE_SUCCESS	
ETERNA_R31_0001	ETERNA_R31_0001.rdat	421573774	data-eterna	data-eterna	VERIFIED_CC0_RMDB	True	True	PARSE_SUCCESS	
ETERNA_R31_0002	ETERNA_R31_0002.rdat	421573777	data-eterna	data-eterna	VERIFIED_CC0_RMDB	True	True	PARSE_SUCCESS	
ETERNA_R32_0001	ETERNA_R32_0001.rdat	421573776	data-eterna	data-eterna	VERIFIED_CC0_RMDB	True	True	PARSE_SUCCESS	
ETERNA_R33_0001	ETERNA_R33_0001.rdat	421573786	data-eterna	data-eterna	VERIFIED_CC0_RMDB	True	True	PARSE_SUCCESS	
ETERNA_R34_0001	ETERNA_R34_0001.rdat	421573791	data-eterna	data-eterna	VERIFIED_CC0_RMDB	True	True	PARSE_SUCCESS	
ETERNA_R35_0001	ETERNA_R35_0001.rdat	421573807	data-eterna	data-eterna	VERIFIED_CC0_RMDB	True	True	PARSE_SUCCESS	
ETERNA_R36_0001	ETERNA_R36_0001.rdat	421573804	data-eterna	data-eterna	VERIFIED_CC0_RMDB	True	True	PARSE_SUCCESS	
ETERNA_R37_0001	ETERNA_R37_0001.rdat	421573806	data-eterna	data-eterna	VERIFIED_CC0_RMDB	True	True	PARSE_SUCCESS	
ETERNA_R38_0001	ETERNA_R38_0001.rdat	421573808	data-eterna	data-eterna	VERIFIED_CC0_RMDB	True	True	PARSE_SUCCESS	
ETERNA_R39_0001	ETERNA_R39_0001.rdat	421573805	data-eterna	data-eterna	VERIFIED_CC0_RMDB	True	True	PARSE_SUCCESS	
ETERNA_R40_0001	ETERNA_R40_0001.rdat	421573826	data-eterna	data-eterna	VERIFIED_CC0_RMDB	True	True	PARSE_SUCCESS	
ETERNA_R41_0001	ETERNA_R41_0001.rdat	421573827	data-eterna	data-eterna	VERIFIED_CC0_RMDB	True	True	PARSE_SUCCESS	
ETERNA_R41_0002	ETERNA_R41_0002.rdat	421573828	data-eterna	data-eterna	VERIFIED_CC0_RMDB	True	True	PARSE_SUCCESS	
ETERNA_R42_0001	ETERNA_R42_0001.rdat	421573829	data-eterna	data-eterna	VERIFIED_CC0_RMDB	True	True	PARSE_SUCCESS	
ETERNA_R42_0002	ETERNA_R42_0002.rdat	421573830	data-eterna	data-eterna	VERIFIED_CC0_RMDB	True	True	PARSE_SUCCESS	
ETERNA_R42_0003	ETERNA_R42_0003.rdat	421573841	data-eterna	data-eterna	VERIFIED_CC0_RMDB	True	True	PARSE_SUCCESS	
ETERNA_R42_0004	ETERNA_R42_0004.rdat	421573843	data-eterna	data-eterna	VERIFIED_CC0_RMDB	True	True	PARSE_SUCCESS	
ETERNA_R42_0005	ETERNA_R42_0005.rdat	421573845	data-eterna	data-eterna	VERIFIED_CC0_RMDB	True	True	PARSE_SUCCESS	
ETERNA_R42_0006	ETERNA_R42_0006.rdat	421573844	data-eterna	data-eterna	VERIFIED_CC0_RMDB	True	True	PARSE_SUCCESS	
ETERNA_R43_0001	ETERNA_R43_0001.rdat	421573846	data-eterna	data-eterna	VERIFIED_CC0_RMDB	True	True	PARSE_SUCCESS	
ETERNA_R44_0001	ETERNA_R44_0001.rdat	421573849	data-eterna	data-eterna	VERIFIED_CC0_RMDB	True	True	PARSE_SUCCESS	
ETERNA_R45_0001	ETERNA_R45_0001.rdat	421573850	data-eterna	data-eterna	VERIFIED_CC0_RMDB	True	True	PARSE_SUCCESS	
ETERNA_R45_0002	ETERNA_R45_0002.rdat	421573851	data-eterna	data-eterna	VERIFIED_CC0_RMDB	True	True	PARSE_SUCCESS	
ETERNA_R46_0001	ETERNA_R46_0001.rdat	421573854	data-eterna	data-eterna	VERIFIED_CC0_RMDB	True	True	PARSE_SUCCESS	
ETERNA_R47_0001	ETERNA_R47_0001.rdat	421573859	data-eterna	data-eterna	VERIFIED_CC0_RMDB	True	True	PARSE_SUCCESS	
ETERNA_R47_0002	ETERNA_R47_0002.rdat	421573864	data-eterna	data-eterna	VERIFIED_CC0_RMDB	True	True	PARSE_SUCCESS	
ETERNA_R48_0001	ETERNA_R48_0001.rdat	421573866	data-eterna	data-eterna	VERIFIED_CC0_RMDB	True	True	PARSE_SUCCESS	
ETERNA_R49_0001	ETERNA_R49_0001.rdat	421573867	data-eterna	data-eterna	VERIFIED_CC0_RMDB	True	True	PARSE_SUCCESS	
ETERNA_R49_0002	ETERNA_R49_0002.rdat	421573868	data-eterna	data-eterna	VERIFIED_CC0_RMDB	True	True	PARSE_SUCCESS	
ETERNA_R50_0001	ETERNA_R50_0001.rdat	421573870	data-eterna	data-eterna	VERIFIED_CC0_RMDB	True	True	PARSE_SUCCESS	
ETERNA_R51_0001	ETERNA_R51_0001.rdat	421573876	data-eterna	data-eterna	VERIFIED_CC0_RMDB	True	True	PARSE_SUCCESS	
ETERNA_R69_0000	ETERNA_R69_0000.rdat	421573877	data-eterna	data-eterna	VERIFIED_CC0_RMDB	True	True	PARSE_FAIL_LENGTH_MISMATCH_REACTIVITY_VS_SEQPOS	D0XContractError: REACTIVITY:1 length does not match SEQPOS
ETERNA_R69_0001	ETERNA_R69_0001.rdat	421573880	data-eterna	data-eterna	VERIFIED_CC0_RMDB	True	True	PARSE_FAIL_LENGTH_MISMATCH_REACTIVITY_VS_SEQPOS	D0XContractError: REACTIVITY:1 length does not match SEQPOS
ETERNA_R70_0000	ETERNA_R70_0000.rdat	421573881	data-eterna	data-eterna	VERIFIED_CC0_RMDB	True	True	PARSE_FAIL_LENGTH_MISMATCH_REACTIVITY_VS_SEQPOS	D0XContractError: REACTIVITY:1 length does not match SEQPOS
ETERNA_R71_0000	ETERNA_R71_0000.rdat	421573879	data-eterna	data-eterna	VERIFIED_CC0_RMDB	True	True	PARSE_FAIL_LENGTH_MISMATCH_REACTIVITY_VS_SEQPOS	D0XContractError: REACTIVITY:1 length does not match SEQPOS
ETERNA_R72_0000	ETERNA_R72_0000.rdat	421573888	data-eterna	data-eterna	VERIFIED_CC0_RMDB	True	True	PARSE_FAIL_LENGTH_MISMATCH_REACTIVITY_VS_SEQPOS	D0XContractError: REACTIVITY:1 length does not match SEQPOS
ETERNA_R73_0000	ETERNA_R73_0000.rdat	421573895	data-eterna	data-eterna	VERIFIED_CC0_RMDB	True	True	PARSE_FAIL_LENGTH_MISMATCH_REACTIVITY_VS_SEQPOS	D0XContractError: REACTIVITY:1 length does not match SEQPOS
ETERNA_R73_0001	ETERNA_R73_0001.rdat	421573899	data-eterna	data-eterna	VERIFIED_CC0_RMDB	True	True	PARSE_FAIL_LENGTH_MISMATCH_REACTIVITY_VS_SEQPOS	D0XContractError: REACTIVITY:1 length does not match SEQPOS
ETERNA_R74_0000	ETERNA_R74_0000.rdat	421573900	data-eterna	data-eterna	VERIFIED_CC0_RMDB	True	True	PARSE_FAIL_LENGTH_MISMATCH_REACTIVITY_VS_SEQPOS	D0XContractError: REACTIVITY:1 length does not match SEQPOS
ETERNA_R75_0000	ETERNA_R75_0000.rdat	421573933	data-eterna	data-eterna	VERIFIED_CC0_RMDB	True	True	PARSE_FAIL_LENGTH_MISMATCH_REACTIVITY_VS_SEQPOS	D0XContractError: REACTIVITY:1 length does not match SEQPOS
ETERNA_R76_0000	ETERNA_R76_0000.rdat	421573945	data-eterna	data-eterna	VERIFIED_CC0_RMDB	True	True	PARSE_FAIL_LENGTH_MISMATCH_REACTIVITY_VS_SEQPOS	D0XContractError: REACTIVITY:1 length does not match SEQPOS
ETERNA_R76_0001	ETERNA_R76_0001.rdat	421573946	data-eterna	data-eterna	VERIFIED_CC0_RMDB	True	True	PARSE_FAIL_LENGTH_MISMATCH_REACTIVITY_VS_SEQPOS	D0XContractError: REACTIVITY:1 length does not match SEQPOS
ETERNA_R77_0000	ETERNA_R77_0000.rdat	421573960	data-eterna	data-eterna	VERIFIED_CC0_RMDB	True	True	PARSE_FAIL_LENGTH_MISMATCH_REACTIVITY_VS_SEQPOS	D0XContractError: REACTIVITY:1 length does not match SEQPOS
ETERNA_R77_0001	ETERNA_R77_0001.rdat	421573959	data-eterna	data-eterna	VERIFIED_CC0_RMDB	True	True	PARSE_FAIL_LENGTH_MISMATCH_REACTIVITY_VS_SEQPOS	D0XContractError: REACTIVITY:1 length does not match SEQPOS
ETERNA_R77_0002	ETERNA_R77_0002.rdat	421573966	data-eterna	data-eterna	VERIFIED_CC0_RMDB	True	True	PARSE_FAIL_ANNOTATION_MISSING_SEPARATOR	D0XContractError: annotation token lacks key/value separator at line 161: ''
ETERNA_R78_0000	ETERNA_R78_0000.rdat	421573968	data-eterna	data-eterna	VERIFIED_CC0_RMDB	True	True	PARSE_FAIL_LENGTH_MISMATCH_REACTIVITY_VS_SEQPOS	D0XContractError: REACTIVITY:1 length does not match SEQPOS
ETERNA_R78_0001	ETERNA_R78_0001.rdat	421574099	data-eterna	data-eterna	VERIFIED_CC0_RMDB	True	True	PARSE_FAIL_LENGTH_MISMATCH_REACTIVITY_VS_SEQPOS	D0XContractError: REACTIVITY:1 length does not match SEQPOS
ETERNA_R79_0000	ETERNA_R79_0000.rdat	421574107	data-eterna	data-eterna	VERIFIED_CC0_RMDB	True	True	PARSE_FAIL_LENGTH_MISMATCH_REACTIVITY_VS_SEQPOS	D0XContractError: REACTIVITY:1 length does not match SEQPOS
ETERNA_R79_0001	ETERNA_R79_0001.rdat	421574109	data-eterna	data-eterna	VERIFIED_CC0_RMDB	True	True	PARSE_FAIL_LENGTH_MISMATCH_REACTIVITY_VS_SEQPOS	D0XContractError: REACTIVITY:1 length does not match SEQPOS
ETERNA_R80_0000	ETERNA_R80_0000.rdat	421574114	data-eterna	data-eterna	VERIFIED_CC0_RMDB	True	True	PARSE_FAIL_LENGTH_MISMATCH_REACTIVITY_VS_SEQPOS	D0XContractError: REACTIVITY:1 length does not match SEQPOS
ETERNA_R80_0001	ETERNA_R80_0001.rdat	421574115	data-eterna	data-eterna	VERIFIED_CC0_RMDB	True	True	PARSE_FAIL_LENGTH_MISMATCH_REACTIVITY_VS_SEQPOS	D0XContractError: REACTIVITY:1 length does not match SEQPOS
ETERNA_R81_0000	ETERNA_R81_0000.rdat	421574125	data-eterna	data-eterna	VERIFIED_CC0_RMDB	True	True	PARSE_FAIL_LENGTH_MISMATCH_REACTIVITY_VS_SEQPOS	D0XContractError: REACTIVITY:1 length does not match SEQPOS
ETERNA_R81_0001	ETERNA_R81_0001.rdat	421574130	data-eterna	data-eterna	VERIFIED_CC0_RMDB	True	True	PARSE_FAIL_LENGTH_MISMATCH_REACTIVITY_VS_SEQPOS	D0XContractError: REACTIVITY:1 length does not match SEQPOS
ETERNA_R82_0000	ETERNA_R82_0000.rdat	421574131	data-eterna	data-eterna	VERIFIED_CC0_RMDB	True	True	PARSE_FAIL_LENGTH_MISMATCH_REACTIVITY_VS_SEQPOS	D0XContractError: REACTIVITY:1 length does not match SEQPOS
ETERNA_R82_0001	ETERNA_R82_0001.rdat	421574135	data-eterna	data-eterna	VERIFIED_CC0_RMDB	True	True	PARSE_FAIL_LENGTH_MISMATCH_REACTIVITY_VS_SEQPOS	D0XContractError: REACTIVITY:1 length does not match SEQPOS
ETERNA_R83_0000	ETERNA_R83_0000.rdat	421574160	data-eterna	data-eterna	VERIFIED_CC0_RMDB	True	True	PARSE_FAIL_LENGTH_MISMATCH_REACTIVITY_VS_SEQPOS	D0XContractError: REACTIVITY:1 length does not match SEQPOS
ETERNA_R83_0002	ETERNA_R83_0002.rdat	421574158	data-eterna	data-eterna	VERIFIED_CC0_RMDB	True	True	PARSE_FAIL_LENGTH_MISMATCH_REACTIVITY_VS_SEQPOS	D0XContractError: REACTIVITY:1 length does not match SEQPOS
ETERNA_R83_0003	ETERNA_R83_0003.rdat	421574159	data-eterna	data-eterna	VERIFIED_CC0_RMDB	True	True	PARSE_FAIL_LENGTH_MISMATCH_REACTIVITY_VS_SEQPOS	D0XContractError: REACTIVITY:1 length does not match SEQPOS
ETERNA_R84_0000	ETERNA_R84_0000.rdat	421574156	data-eterna	data-eterna	VERIFIED_CC0_RMDB	True	True	PARSE_FAIL_LENGTH_MISMATCH_REACTIVITY_VS_SEQPOS	D0XContractError: REACTIVITY:1 length does not match SEQPOS
ETERNA_R85_0000	ETERNA_R85_0000.rdat	421574157	data-eterna	data-eterna	VERIFIED_CC0_RMDB	True	True	PARSE_FAIL_LENGTH_MISMATCH_REACTIVITY_VS_SEQPOS	D0XContractError: REACTIVITY:1 length does not match SEQPOS
ETERNA_R86_0000	ETERNA_R86_0000.rdat	421574172	data-eterna	data-eterna	VERIFIED_CC0_RMDB	True	True	PARSE_FAIL_LENGTH_MISMATCH_REACTIVITY_VS_SEQPOS	D0XContractError: REACTIVITY:1 length does not match SEQPOS
ETERNA_R87_0000	ETERNA_R87_0000.rdat	421574185	data-eterna	data-eterna	VERIFIED_CC0_RMDB	True	True	PARSE_FAIL_LENGTH_MISMATCH_REACTIVITY_VS_SEQPOS	D0XContractError: REACTIVITY:1 length does not match SEQPOS
ETERNA_R87_0001	ETERNA_R87_0001.rdat	421574201	data-eterna	data-eterna	VERIFIED_CC0_RMDB	True	True	PARSE_FAIL_LENGTH_MISMATCH_REACTIVITY_VS_SEQPOS	D0XContractError: REACTIVITY:1 length does not match SEQPOS
ETERNA_R87_0002	ETERNA_R87_0002.rdat	421574199	data-eterna	data-eterna	VERIFIED_CC0_RMDB	True	True	PARSE_FAIL_LENGTH_MISMATCH_REACTIVITY_VS_SEQPOS	D0XContractError: REACTIVITY:1 length does not match SEQPOS
ETERNA_R87_0003	ETERNA_R87_0003.rdat	421574204	data-eterna	data-eterna	VERIFIED_CC0_RMDB	True	True	PARSE_FAIL_LENGTH_MISMATCH_REACTIVITY_VS_SEQPOS	D0XContractError: REACTIVITY:1 length does not match SEQPOS
ETERNA_R88_0000	ETERNA_R88_0000.rdat	421574206	data-eterna	data-eterna	VERIFIED_CC0_RMDB	True	True	PARSE_FAIL_LENGTH_MISMATCH_REACTIVITY_VS_SEQPOS	D0XContractError: REACTIVITY:1 length does not match SEQPOS
ETERNA_R88_0001	ETERNA_R88_0001.rdat	421574233	data-eterna	data-eterna	VERIFIED_CC0_RMDB	True	True	PARSE_FAIL_LENGTH_MISMATCH_REACTIVITY_VS_SEQPOS	D0XContractError: REACTIVITY:1 length does not match SEQPOS
ETERNA_R89_0000	ETERNA_R89_0000.rdat	421574249	data-eterna	data-eterna	VERIFIED_CC0_RMDB	True	True	PARSE_FAIL_LENGTH_MISMATCH_REACTIVITY_VS_SEQPOS	D0XContractError: REACTIVITY:1 length does not match SEQPOS
ETERNA_R90_0000	ETERNA_R90_0000.rdat	421574256	data-eterna	data-eterna	VERIFIED_CC0_RMDB	True	True	PARSE_FAIL_LENGTH_MISMATCH_REACTIVITY_VS_SEQPOS	D0XContractError: REACTIVITY:1 length does not match SEQPOS
ETERNA_R91_0000	ETERNA_R91_0000.rdat	421574259	data-eterna	data-eterna	VERIFIED_CC0_RMDB	True	True	PARSE_FAIL_LENGTH_MISMATCH_REACTIVITY_VS_SEQPOS	D0XContractError: REACTIVITY:1 length does not match SEQPOS
ETERNA_R92_0000	ETERNA_R92_0000.rdat	421574258	data-eterna	data-eterna	VERIFIED_CC0_RMDB	True	True	PARSE_FAIL_LENGTH_MISMATCH_REACTIVITY_VS_SEQPOS	D0XContractError: REACTIVITY:1 length does not match SEQPOS
ETERNA_R93_0000	ETERNA_R93_0000.rdat	421574260	data-eterna	data-eterna	VERIFIED_CC0_RMDB	True	True	PARSE_FAIL_LENGTH_MISMATCH_REACTIVITY_VS_SEQPOS	D0XContractError: REACTIVITY:1 length does not match SEQPOS
ETERNA_R94_0000	ETERNA_R94_0000.rdat	421574262	data-eterna	data-eterna	VERIFIED_CC0_RMDB	True	True	PARSE_FAIL_LENGTH_MISMATCH_REACTIVITY_VS_SEQPOS	D0XContractError: REACTIVITY:1 length does not match SEQPOS
ETERNA_R95_0000	ETERNA_R95_0000.rdat	421574263	data-eterna	data-eterna	VERIFIED_CC0_RMDB	True	True	PARSE_FAIL_LENGTH_MISMATCH_REACTIVITY_VS_SEQPOS	D0XContractError: REACTIVITY:1 length does not match SEQPOS
ETERNA_TOD_0000	ETERNA_TOD_0000.rdat	421574272	data-eterna	data-eterna	VERIFIED_CC0_RMDB	True	True	PARSE_SUCCESS	
ETFMNA_R45_0000	ETFMNA_R45_0000.rdat	421574275	data-eterna	data-eterna	VERIFIED_CC0_RMDB	True	True	PARSE_FAIL_ANNOTATION_MISSING_SEPARATOR	D0XContractError: annotation token lacks key/value separator at line 7: ''
ETFMNA_R45_0001	ETFMNA_R45_0001.rdat	421574276	data-eterna	data-eterna	VERIFIED_CC0_RMDB	True	True	PARSE_FAIL_ANNOTATION_MISSING_SEPARATOR	D0XContractError: annotation token lacks key/value separator at line 7: ''
ETFMNA_R46_0000	ETFMNA_R46_0000.rdat	421574277	data-eterna	data-eterna	VERIFIED_CC0_RMDB	True	True	PARSE_FAIL_ANNOTATION_MISSING_SEPARATOR	D0XContractError: annotation token lacks key/value separator at line 7: ''
ETFMNA_R46_0001	ETFMNA_R46_0001.rdat	421574279	data-eterna	data-eterna	VERIFIED_CC0_RMDB	True	True	PARSE_FAIL_ANNOTATION_MISSING_SEPARATOR	D0XContractError: annotation token lacks key/value separator at line 7: ''
ETFMNA_R47B_0000	ETFMNA_R47B_0000.rdat	421574284	data-eterna	data-eterna	VERIFIED_CC0_RMDB	True	True	PARSE_FAIL_LENGTH_MISMATCH_REACTIVITY_VS_SEQPOS	D0XContractError: REACTIVITY:1 length does not match SEQPOS
ETFMNA_R47B_0001	ETFMNA_R47B_0001.rdat	421574285	data-eterna	data-eterna	VERIFIED_CC0_RMDB	True	True	PARSE_FAIL_LENGTH_MISMATCH_REACTIVITY_VS_SEQPOS	D0XContractError: REACTIVITY:1 length does not match SEQPOS
ETFMNA_R47_0000	ETFMNA_R47_0000.rdat	421574282	data-eterna	data-eterna	VERIFIED_CC0_RMDB	True	True	PARSE_FAIL_LENGTH_MISMATCH_REACTIVITY_VS_SEQPOS	D0XContractError: REACTIVITY:1 length does not match SEQPOS
ETFMNA_R47_0001	ETFMNA_R47_0001.rdat	421574281	data-eterna	data-eterna	VERIFIED_CC0_RMDB	True	True	PARSE_FAIL_LENGTH_MISMATCH_REACTIVITY_VS_SEQPOS	D0XContractError: REACTIVITY:1 length does not match SEQPOS
ETFMNA_R48_0000	ETFMNA_R48_0000.rdat	421574286	data-eterna	data-eterna	VERIFIED_CC0_RMDB	True	True	PARSE_FAIL_LENGTH_MISMATCH_REACTIVITY_VS_SEQPOS	D0XContractError: REACTIVITY:1 length does not match SEQPOS
ETFMNA_R48_0001	ETFMNA_R48_0001.rdat	421574293	data-eterna	data-eterna	VERIFIED_CC0_RMDB	True	True	PARSE_FAIL_LENGTH_MISMATCH_REACTIVITY_VS_SEQPOS	D0XContractError: REACTIVITY:1 length does not match SEQPOS
ETFMNA_R49_0000	ETFMNA_R49_0000.rdat	421574294	data-eterna	data-eterna	VERIFIED_CC0_RMDB	True	True	PARSE_FAIL_LENGTH_MISMATCH_REACTIVITY_VS_SEQPOS	D0XContractError: REACTIVITY:1 length does not match SEQPOS
ETFMNA_R49_0001	ETFMNA_R49_0001.rdat	421574295	data-eterna	data-eterna	VERIFIED_CC0_RMDB	True	True	PARSE_FAIL_LENGTH_MISMATCH_REACTIVITY_VS_SEQPOS	D0XContractError: REACTIVITY:1 length does not match SEQPOS
ETFMNB_R49_0000	ETFMNB_R49_0000.rdat	421574296	data-eterna	data-eterna	VERIFIED_CC0_RMDB	True	True	PARSE_FAIL_LENGTH_MISMATCH_REACTIVITY_VS_SEQPOS	D0XContractError: REACTIVITY:1 length does not match SEQPOS
ETFMNB_R49_0001	ETFMNB_R49_0001.rdat	421574298	data-eterna	data-eterna	VERIFIED_CC0_RMDB	True	True	PARSE_FAIL_LENGTH_MISMATCH_REACTIVITY_VS_SEQPOS	D0XContractError: REACTIVITY:1 length does not match SEQPOS
ETFMNB_R50_0000	ETFMNB_R50_0000.rdat	421574299	data-eterna	data-eterna	VERIFIED_CC0_RMDB	True	True	PARSE_FAIL_LENGTH_MISMATCH_REACTIVITY_VS_SEQPOS	D0XContractError: REACTIVITY:1 length does not match SEQPOS
ETFMNB_R50_0001	ETFMNB_R50_0001.rdat	421574300	data-eterna	data-eterna	VERIFIED_CC0_RMDB	True	True	PARSE_FAIL_LENGTH_MISMATCH_REACTIVITY_VS_SEQPOS	D0XContractError: REACTIVITY:1 length does not match SEQPOS
ETFNGR_RN1_0002	ETFNGR_RN1_0002.rdat	421574301	data-eterna	data-eterna	VERIFIED_CC0_RMDB	True	True	PARSE_SUCCESS	
ETFNGR_RV1_0001	ETFNGR_RV1_0001.rdat	421574302	data-eterna	data-eterna	VERIFIED_CC0_RMDB	True	True	PARSE_SUCCESS	
ETKDZU_VN1_0001	ETKDZU_VN1_0001.rdat	421574304	data-eterna	data-eterna	VERIFIED_CC0_RMDB	True	True	PARSE_SUCCESS	
ETOBCR_RN1_0002	ETOBCR_RN1_0002.rdat	421574306	data-eterna	data-eterna	VERIFIED_CC0_RMDB	True	True	PARSE_SUCCESS	
ETOBCR_SHP_0002	ETOBCR_SHP_0002.rdat	421574309	data-eterna	data-eterna	VERIFIED_CC0_RMDB	True	True	PARSE_SUCCESS	
ETOBCR_VN1_0001	ETOBCR_VN1_0001.rdat	421574311	data-eterna	data-eterna	VERIFIED_CC0_RMDB	True	True	PARSE_SUCCESS	
ETRUNM_VN1_0001	ETRUNM_VN1_0001.rdat	421574313	data-eterna	data-eterna	VERIFIED_CC0_RMDB	True	True	PARSE_SUCCESS	
ETSHPT_VN1_0001	ETSHPT_VN1_0001.rdat	421574318	data-eterna	data-eterna	VERIFIED_CC0_RMDB	True	True	PARSE_SUCCESS	
ETSTAR_RN1_0002	ETSTAR_RN1_0002.rdat	421574319	data-eterna	data-eterna	VERIFIED_CC0_RMDB	True	True	PARSE_SUCCESS	
ETSTAR_VN1_0001	ETSTAR_VN1_0001.rdat	421574316	data-eterna	data-eterna	VERIFIED_CC0_RMDB	True	True	PARSE_SUCCESS	
ETTBWC_R43_0000	ETTBWC_R43_0000.rdat	421574317	data-eterna	data-eterna	VERIFIED_CC0_RMDB	True	True	PARSE_FAIL_LENGTH_MISMATCH_REACTIVITY_VS_SEQPOS	D0XContractError: REACTIVITY:1 length does not match SEQPOS
ETTBWC_R43_0001	ETTBWC_R43_0001.rdat	421574320	data-eterna	data-eterna	VERIFIED_CC0_RMDB	True	True	PARSE_FAIL_LENGTH_MISMATCH_REACTIVITY_VS_SEQPOS	D0XContractError: REACTIVITY:1 length does not match SEQPOS
ETTHNG_VN1_0001	ETTHNG_VN1_0001.rdat	421574322	data-eterna	data-eterna	VERIFIED_CC0_RMDB	True	True	PARSE_SUCCESS	
ETWTSR_VN1_0001	ETWTSR_VN1_0001.rdat	421574351	data-eterna	data-eterna	VERIFIED_CC0_RMDB	True	True	PARSE_SUCCESS	
FLUORSW_BZCN_0001	FLUORSW_BZCN_0001.rdat	421580333	data-riboswitches	data-riboswitches	VERIFIED_CC0_RMDB	True	True	PARSE_FAIL_MISSING_REACTIVITY_ROWS	D0XContractError: missing REACTIVITY rows
FLUORSW_BZCN_0002	FLUORSW_BZCN_0002.rdat	421580331	data-riboswitches	data-riboswitches	VERIFIED_CC0_RMDB	True	True	PARSE_FAIL_MISSING_REACTIVITY_ROWS	D0XContractError: missing REACTIVITY rows
FLUORSW_BZCN_0003	FLUORSW_BZCN_0003.rdat	421580329	data-riboswitches	data-riboswitches	VERIFIED_CC0_RMDB	True	True	PARSE_FAIL_MISSING_REACTIVITY_ROWS	D0XContractError: missing REACTIVITY rows
FLUORSW_BZCN_0004	FLUORSW_BZCN_0004.rdat	421580338	data-riboswitches	data-riboswitches	VERIFIED_CC0_RMDB	True	True	PARSE_FAIL_MISSING_REACTIVITY_ROWS	D0XContractError: missing REACTIVITY rows
FLUORSW_BZCN_0005	FLUORSW_BZCN_0005.rdat	421580340	data-riboswitches	data-riboswitches	VERIFIED_CC0_RMDB	True	True	PARSE_FAIL_MISSING_REACTIVITY_ROWS	D0XContractError: missing REACTIVITY rows
FLUORSW_BZCN_0006	FLUORSW_BZCN_0006.rdat	421580343	data-riboswitches	data-riboswitches	VERIFIED_CC0_RMDB	True	True	PARSE_FAIL_MISSING_REACTIVITY_ROWS	D0XContractError: missing REACTIVITY rows
FLUORSW_BZCN_0007	FLUORSW_BZCN_0007.rdat	421580341	data-riboswitches	data-riboswitches	VERIFIED_CC0_RMDB	True	True	PARSE_FAIL_MISSING_REACTIVITY_ROWS	D0XContractError: missing REACTIVITY rows
FLUORSW_BZCN_0008	FLUORSW_BZCN_0008.rdat	421580345	data-riboswitches	data-riboswitches	VERIFIED_CC0_RMDB	True	True	PARSE_FAIL_MISSING_REACTIVITY_ROWS	D0XContractError: missing REACTIVITY rows
FLUORSW_BZCN_0009	FLUORSW_BZCN_0009.rdat	421580344	data-riboswitches	data-riboswitches	VERIFIED_CC0_RMDB	True	True	PARSE_FAIL_MISSING_REACTIVITY_ROWS	D0XContractError: missing REACTIVITY rows
FLUORSW_BZCN_0010	FLUORSW_BZCN_0010.rdat	421580347	data-riboswitches	data-riboswitches	VERIFIED_CC0_RMDB	True	True	PARSE_FAIL_MISSING_REACTIVITY_ROWS	D0XContractError: missing REACTIVITY rows
FLUORSW_BZCN_0011	FLUORSW_BZCN_0011.rdat	421580348	data-riboswitches	data-riboswitches	VERIFIED_CC0_RMDB	True	True	PARSE_FAIL_MISSING_REACTIVITY_ROWS	D0XContractError: missing REACTIVITY rows
FLUORSW_BZCN_0012	FLUORSW_BZCN_0012.rdat	421580349	data-riboswitches	data-riboswitches	VERIFIED_CC0_RMDB	True	True	PARSE_FAIL_MISSING_REACTIVITY_ROWS	D0XContractError: missing REACTIVITY rows
FLUORSW_BZCN_0013	FLUORSW_BZCN_0013.rdat	421580351	data-riboswitches	data-riboswitches	VERIFIED_CC0_RMDB	True	True	PARSE_FAIL_MISSING_REACTIVITY_ROWS	D0XContractError: missing REACTIVITY rows
FLUORSW_BZCN_0014	FLUORSW_BZCN_0014.rdat	421580350	data-riboswitches	data-riboswitches	VERIFIED_CC0_RMDB	True	True	PARSE_FAIL_MISSING_REACTIVITY_ROWS	D0XContractError: missing REACTIVITY rows
FLUORSW_BZCN_0015	FLUORSW_BZCN_0015.rdat	421580355	data-riboswitches	data-riboswitches	VERIFIED_CC0_RMDB	True	True	PARSE_FAIL_MISSING_REACTIVITY_ROWS	D0XContractError: missing REACTIVITY rows
FLUORSW_BZCN_0016	FLUORSW_BZCN_0016.rdat	421580356	data-riboswitches	data-riboswitches	VERIFIED_CC0_RMDB	True	True	PARSE_FAIL_MISSING_REACTIVITY_ROWS	D0XContractError: missing REACTIVITY rows
FLUORSW_BZCN_0017	FLUORSW_BZCN_0017.rdat	421580357	data-riboswitches	data-riboswitches	VERIFIED_CC0_RMDB	True	True	PARSE_FAIL_MISSING_REACTIVITY_ROWS	D0XContractError: missing REACTIVITY rows
FLUORSW_BZCN_0018	FLUORSW_BZCN_0018.rdat	421580358	data-riboswitches	data-riboswitches	VERIFIED_CC0_RMDB	True	True	PARSE_FAIL_MISSING_REACTIVITY_ROWS	D0XContractError: missing REACTIVITY rows
FLUORSW_BZCN_0019	FLUORSW_BZCN_0019.rdat	421580359	data-riboswitches	data-riboswitches	VERIFIED_CC0_RMDB	True	True	PARSE_FAIL_MISSING_REACTIVITY_ROWS	D0XContractError: missing REACTIVITY rows
FLUORSW_BZCN_0020	FLUORSW_BZCN_0020.rdat	421580360	data-riboswitches	data-riboswitches	VERIFIED_CC0_RMDB	True	True	PARSE_FAIL_MISSING_REACTIVITY_ROWS	D0XContractError: missing REACTIVITY rows
FLUORSW_BZCN_0021	FLUORSW_BZCN_0021.rdat	421580361	data-riboswitches	data-riboswitches	VERIFIED_CC0_RMDB	True	True	PARSE_FAIL_MISSING_REACTIVITY_ROWS	D0XContractError: missing REACTIVITY rows
FLUORSW_BZCN_0022	FLUORSW_BZCN_0022.rdat	421580363	data-riboswitches	data-riboswitches	VERIFIED_CC0_RMDB	True	True	PARSE_FAIL_MISSING_REACTIVITY_ROWS	D0XContractError: missing REACTIVITY rows
FLUORSW_BZCN_0023	FLUORSW_BZCN_0023.rdat	421580364	data-riboswitches	data-riboswitches	VERIFIED_CC0_RMDB	True	True	PARSE_FAIL_MISSING_REACTIVITY_ROWS	D0XContractError: missing REACTIVITY rows
FLUORSW_BZCN_0024	FLUORSW_BZCN_0024.rdat	421580365	data-riboswitches	data-riboswitches	VERIFIED_CC0_RMDB	True	True	PARSE_FAIL_MISSING_REACTIVITY_ROWS	D0XContractError: missing REACTIVITY rows
FLUORSW_BZCN_0025	FLUORSW_BZCN_0025.rdat	421580366	data-riboswitches	data-riboswitches	VERIFIED_CC0_RMDB	True	True	PARSE_FAIL_MISSING_REACTIVITY_ROWS	D0XContractError: missing REACTIVITY rows
FLUORSW_BZCN_0026	FLUORSW_BZCN_0026.rdat	421580368	data-riboswitches	data-riboswitches	VERIFIED_CC0_RMDB	True	True	PARSE_FAIL_MISSING_REACTIVITY_ROWS	D0XContractError: missing REACTIVITY rows
FLUORSW_BZCN_0027	FLUORSW_BZCN_0027.rdat	421580369	data-riboswitches	data-riboswitches	VERIFIED_CC0_RMDB	True	True	PARSE_FAIL_MISSING_REACTIVITY_ROWS	D0XContractError: missing REACTIVITY rows
FLUORSW_BZCN_0028	FLUORSW_BZCN_0028.rdat	421580370	data-riboswitches	data-riboswitches	VERIFIED_CC0_RMDB	True	True	PARSE_FAIL_MISSING_REACTIVITY_ROWS	D0XContractError: missing REACTIVITY rows
FLUORSW_BZCN_0029	FLUORSW_BZCN_0029.rdat	421580371	data-riboswitches	data-riboswitches	VERIFIED_CC0_RMDB	True	True	PARSE_FAIL_MISSING_REACTIVITY_ROWS	D0XContractError: missing REACTIVITY rows
FLUORSW_BZCN_0030	FLUORSW_BZCN_0030.rdat	421580372	data-riboswitches	data-riboswitches	VERIFIED_CC0_RMDB	True	True	PARSE_FAIL_MISSING_REACTIVITY_ROWS	D0XContractError: missing REACTIVITY rows
FLUORSW_BZCN_0031	FLUORSW_BZCN_0031.rdat	421580373	data-riboswitches	data-riboswitches	VERIFIED_CC0_RMDB	True	True	PARSE_FAIL_MISSING_REACTIVITY_ROWS	D0XContractError: missing REACTIVITY rows
FLUORSW_BZCN_0032	FLUORSW_BZCN_0032.rdat	421580374	data-riboswitches	data-riboswitches	VERIFIED_CC0_RMDB	True	True	PARSE_FAIL_MISSING_REACTIVITY_ROWS	D0XContractError: missing REACTIVITY rows
FMNAPO_DCP_0000	FMNAPO_DCP_0000.rdat	421580379	data-riboswitches	data-riboswitches	VERIFIED_CC0_RMDB	True	True	PARSE_FAIL_LENGTH_MISMATCH_REACTIVITY_VS_SEQPOS	D0XContractError: REACTIVITY:1 length does not match SEQPOS
FMNHLO_DCP_0000	FMNHLO_DCP_0000.rdat	421580375	data-riboswitches	data-riboswitches	VERIFIED_CC0_RMDB	True	True	PARSE_FAIL_LENGTH_MISMATCH_REACTIVITY_VS_SEQPOS	D0XContractError: REACTIVITY:1 length does not match SEQPOS
FNKTAPO_DMS_0000	FNKTAPO_DMS_0000.rdat	421580381	data-riboswitches	data-riboswitches	VERIFIED_CC0_RMDB	True	True	PARSE_FAIL_ANNOTATION_MISSING_SEPARATOR	D0XContractError: annotation token lacks key/value separator at line 14: ''
FNKTGLY_DMS_0000	FNKTGLY_DMS_0000.rdat	421580382	data-riboswitches	data-riboswitches	VERIFIED_CC0_RMDB	True	True	PARSE_FAIL_ANNOTATION_MISSING_SEPARATOR	D0XContractError: annotation token lacks key/value separator at line 14: ''
FSEATTR_SYN_0603	FSEATTR_SYN_0603.rdat	421581144	data-rna-structures	data-rna-structures	VERIFIED_CC0_RMDB	True	True	PARSE_FAIL_MALFORMED_SEQPOS	D0XContractError: malformed SEQPOS token at ordinal 1: 'G-17'
FUS01_1M7_0001	FUS01_1M7_0001.rdat	421592353	data-general	data-general	VERIFIED_CC0_RMDB	True	True	PARSE_FAIL_MISSING_REACTIVITY_ROWS	D0XContractError: missing REACTIVITY rows
FUS02_1M7_0001	FUS02_1M7_0001.rdat	421592352	data-general	data-general	VERIFIED_CC0_RMDB	True	True	PARSE_FAIL_MISSING_REACTIVITY_ROWS	D0XContractError: missing REACTIVITY rows
FUS03_1M7_0001	FUS03_1M7_0001.rdat	421592355	data-general	data-general	VERIFIED_CC0_RMDB	True	True	PARSE_FAIL_MISSING_REACTIVITY_ROWS	D0XContractError: missing REACTIVITY rows
FUS04_1M7_0001	FUS04_1M7_0001.rdat	421592356	data-general	data-general	VERIFIED_CC0_RMDB	True	True	PARSE_FAIL_MISSING_REACTIVITY_ROWS	D0XContractError: missing REACTIVITY rows
FUS10_1M7_0001	FUS10_1M7_0001.rdat	421592358	data-general	data-general	VERIFIED_CC0_RMDB	True	True	PARSE_FAIL_MISSING_REACTIVITY_ROWS	D0XContractError: missing REACTIVITY rows
FUS3L1A_1M7_0001	FUS3L1A_1M7_0001.rdat	421592359	data-general	data-general	VERIFIED_CC0_RMDB	True	True	PARSE_FAIL_MISSING_REACTIVITY_ROWS	D0XContractError: missing REACTIVITY rows
FUS3L1B_1M7_0001	FUS3L1B_1M7_0001.rdat	421592361	data-general	data-general	VERIFIED_CC0_RMDB	True	True	PARSE_FAIL_MISSING_REACTIVITY_ROWS	D0XContractError: missing REACTIVITY rows
FUS3L2A_1M7_0001	FUS3L2A_1M7_0001.rdat	421592360	data-general	data-general	VERIFIED_CC0_RMDB	True	True	PARSE_FAIL_MISSING_REACTIVITY_ROWS	D0XContractError: missing REACTIVITY rows
FUS3L2B_1M7_0001	FUS3L2B_1M7_0001.rdat	421592363	data-general	data-general	VERIFIED_CC0_RMDB	True	True	PARSE_FAIL_MISSING_REACTIVITY_ROWS	D0XContractError: missing REACTIVITY rows
FUS4LA_1M7_0001	FUS4LA_1M7_0001.rdat	421592364	data-general	data-general	VERIFIED_CC0_RMDB	True	True	PARSE_FAIL_MISSING_REACTIVITY_ROWS	D0XContractError: missing REACTIVITY rows
FUS4LB_1M7_0001	FUS4LB_1M7_0001.rdat	421592365	data-general	data-general	VERIFIED_CC0_RMDB	True	True	PARSE_FAIL_MISSING_REACTIVITY_ROWS	D0XContractError: missing REACTIVITY rows
FWSL14_UTR_0003	FWSL14_UTR_0003.rdat	421592367	data-general	data-general	VERIFIED_CC0_RMDB	True	True	PARSE_SUCCESS	
FWSL26_UTR_0002	FWSL26_UTR_0002.rdat	421592368	data-general	data-general	VERIFIED_CC0_RMDB	True	True	PARSE_SUCCESS	
GIR1RZ_DCP_0000	GIR1RZ_DCP_0000.rdat	421592370	data-general	data-general	VERIFIED_CC0_RMDB	True	True	PARSE_FAIL_LENGTH_MISMATCH_REACTIVITY_VS_SEQPOS	D0XContractError: REACTIVITY:1 length does not match SEQPOS
GIR1RZ_DMS_0000	GIR1RZ_DMS_0000.rdat	421592373	data-general	data-general	VERIFIED_CC0_RMDB	True	True	PARSE_FAIL_MALFORMED_SEQPOS	D0XContractError: malformed SEQPOS token at ordinal 1: 'g45'
GIR1RZ_DMS_0001	GIR1RZ_DMS_0001.rdat	421592384	data-general	data-general	VERIFIED_CC0_RMDB	True	True	PARSE_FAIL_MALFORMED_SEQPOS	D0XContractError: malformed SEQPOS token at ordinal 1: 'g45'
GLYAPO_DCP_0000	GLYAPO_DCP_0000.rdat	421580383	data-riboswitches	data-riboswitches	VERIFIED_CC0_RMDB	True	True	PARSE_FAIL_LENGTH_MISMATCH_REACTIVITY_VS_SEQPOS	D0XContractError: REACTIVITY:1 length does not match SEQPOS
GLYCFN_1M7_0005	GLYCFN_1M7_0005.rdat	421580384	data-riboswitches	data-riboswitches	VERIFIED_CC0_RMDB	True	True	PARSE_FAIL_LENGTH_MISMATCH_REACTIVITY_VS_SEQPOS	D0XContractError: REACTIVITY:1 length does not match SEQPOS
GLYCFN_1M7_0006	GLYCFN_1M7_0006.rdat	421580387	data-riboswitches	data-riboswitches	VERIFIED_CC0_RMDB	True	True	PARSE_FAIL_LENGTH_MISMATCH_REACTIVITY_VS_SEQPOS	D0XContractError: REACTIVITY:1 length does not match SEQPOS
GLYCFN_CMC_0001	GLYCFN_CMC_0001.rdat	421580388	data-riboswitches	data-riboswitches	VERIFIED_CC0_RMDB	True	True	PARSE_FAIL_MALFORMED_SEQPOS	D0XContractError: malformed SEQPOS token at ordinal 1: '-4'
GLYCFN_CMC_0005	GLYCFN_CMC_0005.rdat	421580389	data-riboswitches	data-riboswitches	VERIFIED_CC0_RMDB	True	True	PARSE_FAIL_LENGTH_MISMATCH_REACTIVITY_VS_SEQPOS	D0XContractError: REACTIVITY:1 length does not match SEQPOS
GLYCFN_DMS_0001	GLYCFN_DMS_0001.rdat	421580390	data-riboswitches	data-riboswitches	VERIFIED_CC0_RMDB	True	True	PARSE_FAIL_MALFORMED_SEQPOS	D0XContractError: malformed SEQPOS token at ordinal 1: '-4'
GLYCFN_DMS_0005	GLYCFN_DMS_0005.rdat	421580391	data-riboswitches	data-riboswitches	VERIFIED_CC0_RMDB	True	True	PARSE_FAIL_LENGTH_MISMATCH_REACTIVITY_VS_SEQPOS	D0XContractError: REACTIVITY:1 length does not match SEQPOS
GLYCFN_DMS_0006	GLYCFN_DMS_0006.rdat	421580392	data-riboswitches	data-riboswitches	VERIFIED_CC0_RMDB	True	True	PARSE_FAIL_LENGTH_MISMATCH_REACTIVITY_VS_SEQPOS	D0XContractError: REACTIVITY:1 length does not match SEQPOS
GLYCFN_KNK_0001	GLYCFN_KNK_0001.rdat	421580395	data-riboswitches	data-riboswitches	VERIFIED_CC0_RMDB	True	True	PARSE_FAIL_MALFORMED_SEQPOS	D0XContractError: malformed SEQPOS token at ordinal 1: '-16'
GLYCFN_KNK_0002	GLYCFN_KNK_0002.rdat	421580398	data-riboswitches	data-riboswitches	VERIFIED_CC0_RMDB	True	True	PARSE_FAIL_MALFORMED_SEQPOS	D0XContractError: malformed SEQPOS token at ordinal 1: '-16'
GLYCFN_KNK_0003	GLYCFN_KNK_0003.rdat	421580399	data-riboswitches	data-riboswitches	VERIFIED_CC0_RMDB	True	True	PARSE_FAIL_LENGTH_MISMATCH_REACTIVITY_VS_SEQPOS	D0XContractError: REACTIVITY:1 length does not match SEQPOS
GLYCFN_KNK_0004	GLYCFN_KNK_0004.rdat	421580400	data-riboswitches	data-riboswitches	VERIFIED_CC0_RMDB	True	True	PARSE_FAIL_LENGTH_MISMATCH_REACTIVITY_VS_SEQPOS	D0XContractError: REACTIVITY:1 length does not match SEQPOS
GLYCFN_KNK_0005	GLYCFN_KNK_0005.rdat	421580403	data-riboswitches	data-riboswitches	VERIFIED_CC0_RMDB	True	True	PARSE_FAIL_LENGTH_MISMATCH_REACTIVITY_VS_SEQPOS	D0XContractError: REACTIVITY:1 length does not match SEQPOS
GLYCFN_KNK_0006	GLYCFN_KNK_0006.rdat	421580407	data-riboswitches	data-riboswitches	VERIFIED_CC0_RMDB	True	True	PARSE_FAIL_LENGTH_MISMATCH_REACTIVITY_VS_SEQPOS	D0XContractError: REACTIVITY:1 length does not match SEQPOS
GLYCFN_KNK_0007	GLYCFN_KNK_0007.rdat	421580405	data-riboswitches	data-riboswitches	VERIFIED_CC0_RMDB	True	True	PARSE_FAIL_LENGTH_MISMATCH_REACTIVITY_VS_SEQPOS	D0XContractError: REACTIVITY:1 length does not match SEQPOS
GLYCFN_KNK_0008	GLYCFN_KNK_0008.rdat	421580404	data-riboswitches	data-riboswitches	VERIFIED_CC0_RMDB	True	True	PARSE_FAIL_LENGTH_MISMATCH_REACTIVITY_VS_SEQPOS	D0XContractError: REACTIVITY:1 length does not match SEQPOS
GLYCFN_KNK_0009	GLYCFN_KNK_0009.rdat	421580406	data-riboswitches	data-riboswitches	VERIFIED_CC0_RMDB	True	True	PARSE_FAIL_LENGTH_MISMATCH_REACTIVITY_VS_SEQPOS	D0XContractError: REACTIVITY:1 length does not match SEQPOS
GLYCFN_KNK_0010	GLYCFN_KNK_0010.rdat	421580413	data-riboswitches	data-riboswitches	VERIFIED_CC0_RMDB	True	True	PARSE_FAIL_LENGTH_MISMATCH_REACTIVITY_VS_SEQPOS	D0XContractError: REACTIVITY:1 length does not match SEQPOS
GLYCFN_MCA_0000	GLYCFN_MCA_0000.rdat	421580414	data-riboswitches	data-riboswitches	VERIFIED_CC0_RMDB	True	True	PARSE_FAIL_LENGTH_MISMATCH_REACTIVITY_VS_SEQPOS	D0XContractError: REACTIVITY:1 length does not match SEQPOS
GLYCFN_MCA_0001	GLYCFN_MCA_0001.rdat	421580415	data-riboswitches	data-riboswitches	VERIFIED_CC0_RMDB	True	True	PARSE_FAIL_LENGTH_MISMATCH_REACTIVITY_VS_SEQPOS	D0XContractError: REACTIVITY:1 length does not match SEQPOS
GLYCFN_MCA_0002	GLYCFN_MCA_0002.rdat	421580418	data-riboswitches	data-riboswitches	VERIFIED_CC0_RMDB	True	True	PARSE_FAIL_LENGTH_MISMATCH_REACTIVITY_VS_SEQPOS	D0XContractError: REACTIVITY:1 length does not match SEQPOS
GLYCFN_MCA_0003	GLYCFN_MCA_0003.rdat	421580419	data-riboswitches	data-riboswitches	VERIFIED_CC0_RMDB	True	True	PARSE_FAIL_LENGTH_MISMATCH_REACTIVITY_VS_SEQPOS	D0XContractError: REACTIVITY:1 length does not match SEQPOS
GLYCFN_SHP_0001	GLYCFN_SHP_0001.rdat	421580421	data-riboswitches	data-riboswitches	VERIFIED_CC0_RMDB	True	True	PARSE_FAIL_MALFORMED_SEQPOS	D0XContractError: malformed SEQPOS token at ordinal 1: '-4'
GLYCFN_SHP_0002	GLYCFN_SHP_0002.rdat	421580422	data-riboswitches	data-riboswitches	VERIFIED_CC0_RMDB	True	True	PARSE_FAIL_MALFORMED_SEQPOS	D0XContractError: malformed SEQPOS token at ordinal 1: '-9'
GLYCFN_SHP_0003	GLYCFN_SHP_0003.rdat	421580424	data-riboswitches	data-riboswitches	VERIFIED_CC0_RMDB	True	True	PARSE_FAIL_MALFORMED_SEQPOS	D0XContractError: malformed SEQPOS token at ordinal 1: '-9'
GLYCFN_SHP_0004	GLYCFN_SHP_0004.rdat	421580425	data-riboswitches	data-riboswitches	VERIFIED_CC0_RMDB	True	True	PARSE_FAIL_MALFORMED_SEQPOS	D0XContractError: malformed SEQPOS token at ordinal 1: '-9'
GLYCFN_SHP_0005	GLYCFN_SHP_0005.rdat	421580426	data-riboswitches	data-riboswitches	VERIFIED_CC0_RMDB	True	True	PARSE_FAIL_MALFORMED_SEQPOS	D0XContractError: malformed SEQPOS token at ordinal 1: '-9'
GLYCFN_SHP_0006	GLYCFN_SHP_0006.rdat	421580428	data-riboswitches	data-riboswitches	VERIFIED_CC0_RMDB	True	True	PARSE_FAIL_MALFORMED_SEQPOS	D0XContractError: malformed SEQPOS token at ordinal 1: '-4'
GLYHLO_DCP_0000	GLYHLO_DCP_0000.rdat	421580430	data-riboswitches	data-riboswitches	VERIFIED_CC0_RMDB	True	True	PARSE_FAIL_LENGTH_MISMATCH_REACTIVITY_VS_SEQPOS	D0XContractError: REACTIVITY:1 length does not match SEQPOS
GMPSC_1M7_0001	GMPSC_1M7_0001.rdat	421580432	data-riboswitches	data-riboswitches	VERIFIED_CC0_RMDB	True	True	PARSE_FAIL_LENGTH_MISMATCH_REACTIVITY_VS_SEQPOS	D0XContractError: REACTIVITY:1 length does not match SEQPOS
GMPSC_1M7_0002	GMPSC_1M7_0002.rdat	421580431	data-riboswitches	data-riboswitches	VERIFIED_CC0_RMDB	True	True	PARSE_FAIL_LENGTH_MISMATCH_REACTIVITY_VS_SEQPOS	D0XContractError: REACTIVITY:1 length does not match SEQPOS
GMPSC_1M7_0003	GMPSC_1M7_0003.rdat	421580433	data-riboswitches	data-riboswitches	VERIFIED_CC0_RMDB	True	True	PARSE_FAIL_MALFORMED_SEQPOS	D0XContractError: malformed SEQPOS token at ordinal 1: ''
HC16APO_DMS_0000	HC16APO_DMS_0000.rdat	421581149	data-rna-structures	data-rna-structures	VERIFIED_CC0_RMDB	True	True	PARSE_FAIL_ANNOTATION_MISSING_SEPARATOR	D0XContractError: annotation token lacks key/value separator at line 14: ''
HC16M2R_1M7_0001	HC16M2R_1M7_0001.rdat	421581153	data-rna-structures	data-rna-structures	VERIFIED_CC0_RMDB	True	True	PARSE_FAIL_ANNOTATION_MISSING_SEPARATOR	D0XContractError: annotation token lacks key/value separator at line 16: ''
HC16M2R_1M7_0002	HC16M2R_1M7_0002.rdat	421581155	data-rna-structures	data-rna-structures	VERIFIED_CC0_RMDB	True	True	PARSE_FAIL_ANNOTATION_MISSING_SEPARATOR	D0XContractError: annotation token lacks key/value separator at line 9: 'data'
HC16M2R_1M7_0003	HC16M2R_1M7_0003.rdat	421581156	data-rna-structures	data-rna-structures	VERIFIED_CC0_RMDB	True	True	PARSE_FAIL_ANNOTATION_MISSING_SEPARATOR	D0XContractError: annotation token lacks key/value separator at line 9: 'data'
HC16PRO_DMS_0000	HC16PRO_DMS_0000.rdat	421581157	data-rna-structures	data-rna-structures	VERIFIED_CC0_RMDB	True	True	PARSE_FAIL_ANNOTATION_MISSING_SEPARATOR	D0XContractError: annotation token lacks key/value separator at line 14: ''
HCIRES_1M7_0001	HCIRES_1M7_0001.rdat	421581160	data-rna-structures	data-rna-structures	VERIFIED_CC0_RMDB	True	True	PARSE_FAIL_LENGTH_MISMATCH_REACTIVITY_VS_SEQPOS	D0XContractError: REACTIVITY:1 length does not match SEQPOS
HCIRES_1M7_0002	HCIRES_1M7_0002.rdat	421581163	data-rna-structures	data-rna-structures	VERIFIED_CC0_RMDB	True	True	PARSE_FAIL_LENGTH_MISMATCH_REACTIVITY_VS_SEQPOS	D0XContractError: REACTIVITY:1 length does not match SEQPOS
HCIRES_1M7_0003	HCIRES_1M7_0003.rdat	421581161	data-rna-structures	data-rna-structures	VERIFIED_CC0_RMDB	True	True	PARSE_FAIL_LENGTH_MISMATCH_REACTIVITY_VS_SEQPOS	D0XContractError: REACTIVITY:1 length does not match SEQPOS
HCIRES_MCA_0000	HCIRES_MCA_0000.rdat	421581164	data-rna-structures	data-rna-structures	VERIFIED_CC0_RMDB	True	True	PARSE_FAIL_LENGTH_MISMATCH_REACTIVITY_VS_SEQPOS	D0XContractError: REACTIVITY:1 length does not match SEQPOS
HCIRES_MCA_0001	HCIRES_MCA_0001.rdat	421581165	data-rna-structures	data-rna-structures	VERIFIED_CC0_RMDB	True	True	PARSE_FAIL_LENGTH_MISMATCH_REACTIVITY_VS_SEQPOS	D0XContractError: REACTIVITY:1 length does not match SEQPOS
HCVDM2_DCP_0000	HCVDM2_DCP_0000.rdat	421581166	data-rna-structures	data-rna-structures	VERIFIED_CC0_RMDB	True	True	PARSE_FAIL_LENGTH_MISMATCH_REACTIVITY_VS_SEQPOS	D0XContractError: REACTIVITY:1 length does not match SEQPOS
HEPCSC_1M7_0001	HEPCSC_1M7_0001.rdat	421581167	data-rna-structures	data-rna-structures	VERIFIED_CC0_RMDB	True	True	PARSE_FAIL_LENGTH_MISMATCH_REACTIVITY_VS_SEQPOS	D0XContractError: REACTIVITY:1 length does not match SEQPOS
HEPCSC_1M7_0002	HEPCSC_1M7_0002.rdat	421581168	data-rna-structures	data-rna-structures	VERIFIED_CC0_RMDB	True	True	PARSE_FAIL_LENGTH_MISMATCH_REACTIVITY_VS_SEQPOS	D0XContractError: REACTIVITY:1 length does not match SEQPOS
HEPCSC_1M7_0003	HEPCSC_1M7_0003.rdat	421581169	data-rna-structures	data-rna-structures	VERIFIED_CC0_RMDB	True	True	PARSE_FAIL_LENGTH_MISMATCH_REACTIVITY_VS_SEQPOS	D0XContractError: REACTIVITY:1 length does not match SEQPOS
HIV3PR_DMS_0001	HIV3PR_DMS_0001.rdat	421581170	data-rna-structures	data-rna-structures	VERIFIED_CC0_RMDB	True	True	PARSE_SUCCESS	
HIV3PR_DMS_0002	HIV3PR_DMS_0002.rdat	421581171	data-rna-structures	data-rna-structures	VERIFIED_CC0_RMDB	True	True	PARSE_SUCCESS	
HIV3PR_DMS_0003	HIV3PR_DMS_0003.rdat	421581173	data-rna-structures	data-rna-structures	VERIFIED_CC0_RMDB	True	True	PARSE_SUCCESS	
HIV3PR_DMS_0004	HIV3PR_DMS_0004.rdat	421581174	data-rna-structures	data-rna-structures	VERIFIED_CC0_RMDB	True	True	PARSE_SUCCESS	
HIV3PR_NMD_0001	HIV3PR_NMD_0001.rdat	421581179	data-rna-structures	data-rna-structures	VERIFIED_CC0_RMDB	True	True	PARSE_SUCCESS	
HIV3PR_NMD_0002	HIV3PR_NMD_0002.rdat	421581181	data-rna-structures	data-rna-structures	VERIFIED_CC0_RMDB	True	True	PARSE_SUCCESS	
HIV3PR_NMD_0003	HIV3PR_NMD_0003.rdat	421581183	data-rna-structures	data-rna-structures	VERIFIED_CC0_RMDB	True	True	PARSE_SUCCESS	
HIV3PR_NMD_0004	HIV3PR_NMD_0004.rdat	421581184	data-rna-structures	data-rna-structures	VERIFIED_CC0_RMDB	True	True	PARSE_SUCCESS	
HOXA5_STD_0000	HOXA5_STD_0000.rdat	421581185	data-rna-structures	data-rna-structures	VERIFIED_CC0_RMDB	True	True	PARSE_FAIL_LENGTH_MISMATCH_REACTIVITY_VS_SEQPOS	D0XContractError: REACTIVITY:1 length does not match SEQPOS
HOXA9A_STD_0001	HOXA9A_STD_0001.rdat	421581188	data-rna-structures	data-rna-structures	VERIFIED_CC0_RMDB	True	True	PARSE_FAIL_LENGTH_MISMATCH_REACTIVITY_VS_SEQPOS	D0XContractError: REACTIVITY:1 length does not match SEQPOS
HOXA9D_1M7_0001	HOXA9D_1M7_0001.rdat	421581189	data-rna-structures	data-rna-structures	VERIFIED_CC0_RMDB	True	True	PARSE_FAIL_LENGTH_MISMATCH_REACTIVITY_VS_SEQPOS	D0XContractError: REACTIVITY:1 length does not match SEQPOS
HOXA9D_MCA_0000	HOXA9D_MCA_0000.rdat	421581190	data-rna-structures	data-rna-structures	VERIFIED_CC0_RMDB	True	True	PARSE_FAIL_LENGTH_MISMATCH_REACTIVITY_VS_SEQPOS	D0XContractError: REACTIVITY:1 length does not match SEQPOS
HOXA9D_MCA_0001	HOXA9D_MCA_0001.rdat	421581192	data-rna-structures	data-rna-structures	VERIFIED_CC0_RMDB	True	True	PARSE_FAIL_LENGTH_MISMATCH_REACTIVITY_VS_SEQPOS	D0XContractError: REACTIVITY:1 length does not match SEQPOS
HOXA9D_RSQ_0001	HOXA9D_RSQ_0001.rdat	421581193	data-rna-structures	data-rna-structures	VERIFIED_CC0_RMDB	True	True	PARSE_FAIL_LENGTH_MISMATCH_REACTIVITY_VS_SEQPOS	D0XContractError: REACTIVITY:1 length does not match SEQPOS
HOXA9D_STD_0001	HOXA9D_STD_0001.rdat	421581195	data-rna-structures	data-rna-structures	VERIFIED_CC0_RMDB	True	True	PARSE_FAIL_LENGTH_MISMATCH_REACTIVITY_VS_SEQPOS	D0XContractError: REACTIVITY:1 length does not match SEQPOS
HOXA9D_STD_0002	HOXA9D_STD_0002.rdat	421581194	data-rna-structures	data-rna-structures	VERIFIED_CC0_RMDB	True	True	PARSE_FAIL_LENGTH_MISMATCH_REACTIVITY_VS_SEQPOS	D0XContractError: REACTIVITY:1 length does not match SEQPOS
HOXA9_STD_0000	HOXA9_STD_0000.rdat	421581186	data-rna-structures	data-rna-structures	VERIFIED_CC0_RMDB	True	True	PARSE_FAIL_LENGTH_MISMATCH_REACTIVITY_VS_SEQPOS	D0XContractError: REACTIVITY:1 length does not match SEQPOS
HVRS2M_UTR_0003	HVRS2M_UTR_0003.rdat	421581196	data-rna-structures	data-rna-structures	VERIFIED_CC0_RMDB	True	True	PARSE_SUCCESS	
INS4DBL_1M7_0001	INS4DBL_1M7_0001.rdat	421592390	data-general	data-general	VERIFIED_CC0_RMDB	True	True	PARSE_FAIL_MISSING_REACTIVITY_ROWS	D0XContractError: missing REACTIVITY rows
INS4DBL_1M7_0002	INS4DBL_1M7_0002.rdat	421592389	data-general	data-general	VERIFIED_CC0_RMDB	True	True	PARSE_FAIL_MISSING_REACTIVITY_ROWS	D0XContractError: missing REACTIVITY rows
KTRSRNA_MCA_0000	KTRSRNA_MCA_0000.rdat	421592387	data-general	data-general	VERIFIED_CC0_RMDB	True	True	PARSE_FAIL_LENGTH_MISMATCH_REACTIVITY_VS_SEQPOS	D0XContractError: REACTIVITY:1 length does not match SEQPOS
KTRSRNA_MCA_0001	KTRSRNA_MCA_0001.rdat	421592395	data-general	data-general	VERIFIED_CC0_RMDB	True	True	PARSE_FAIL_LENGTH_MISMATCH_REACTIVITY_VS_SEQPOS	D0XContractError: REACTIVITY:1 length does not match SEQPOS
KTRSRNA_MCA_0002	KTRSRNA_MCA_0002.rdat	421592397	data-general	data-general	VERIFIED_CC0_RMDB	True	True	PARSE_FAIL_LENGTH_MISMATCH_REACTIVITY_VS_SEQPOS	D0XContractError: REACTIVITY:1 length does not match SEQPOS
KTRSRNA_MCA_0003	KTRSRNA_MCA_0003.rdat	421592400	data-general	data-general	VERIFIED_CC0_RMDB	True	True	PARSE_FAIL_LENGTH_MISMATCH_REACTIVITY_VS_SEQPOS	D0XContractError: REACTIVITY:1 length does not match SEQPOS
L21RNA_DMS_0000	L21RNA_DMS_0000.rdat	421592399	data-general	data-general	VERIFIED_CC0_RMDB	True	True	PARSE_FAIL_ANNOTATION_MISSING_SEPARATOR	D0XContractError: annotation token lacks key/value separator at line 14: ''
M2PK50_2A3_0000	M2PK50_2A3_0000.rdat	421581197	data-rna-structures	data-rna-structures	VERIFIED_CC0_RMDB	True	True	PARSE_SUCCESS	
M2PK50_DMS_0000	M2PK50_DMS_0000.rdat	421581198	data-rna-structures	data-rna-structures	VERIFIED_CC0_RMDB	True	True	PARSE_SUCCESS	
M2PK90_2A3_0000	M2PK90_2A3_0000.rdat	421581199	data-rna-structures	data-rna-structures	VERIFIED_CC0_RMDB	True	True	PARSE_SUCCESS	
M2PK90_DMS_0000	M2PK90_DMS_0000.rdat	421581200	data-rna-structures	data-rna-structures	VERIFIED_CC0_RMDB	True	True	PARSE_SUCCESS	
M2RFOK_2A3_0000	M2RFOK_2A3_0000.rdat	421581201	data-rna-structures	data-rna-structures	VERIFIED_CC0_RMDB	True	True	PARSE_SUCCESS	
M2RFOK_DMS_0000	M2RFOK_DMS_0000.rdat	421581315	data-rna-structures	data-rna-structures	VERIFIED_CC0_RMDB	True	True	PARSE_SUCCESS	
M2RFPK_2A3_0000	M2RFPK_2A3_0000.rdat	421581421	data-rna-structures	data-rna-structures	VERIFIED_CC0_RMDB	True	True	PARSE_SUCCESS	
M2RFPK_2A3_0001	M2RFPK_2A3_0001.rdat	421581513	data-rna-structures	data-rna-structures	VERIFIED_CC0_RMDB	True	True	PARSE_SUCCESS	
M2RFPK_2A3_0002	M2RFPK_2A3_0002.rdat	421581541	data-rna-structures	data-rna-structures	VERIFIED_CC0_RMDB	True	True	PARSE_SUCCESS	
M2RFPK_DMS_0000	M2RFPK_DMS_0000.rdat	421581811	data-rna-structures	data-rna-structures	VERIFIED_CC0_RMDB	True	True	PARSE_SUCCESS	
M2RFPK_DMS_0001	M2RFPK_DMS_0001.rdat	421581827	data-rna-structures	data-rna-structures	VERIFIED_CC0_RMDB	True	True	PARSE_SUCCESS	
M2RFPK_DMS_0002	M2RFPK_DMS_0002.rdat	421581933	data-rna-structures	data-rna-structures	VERIFIED_CC0_RMDB	True	True	PARSE_SUCCESS	
M2SL5_2A3_0000	M2SL5_2A3_0000.rdat	421582018	data-rna-structures	data-rna-structures	VERIFIED_CC0_RMDB	True	True	PARSE_SUCCESS	
M2SL5_DMS_0000	M2SL5_DMS_0000.rdat	421582271	data-rna-structures	data-rna-structures	VERIFIED_CC0_RMDB	True	True	PARSE_SUCCESS	
M3SARS_2A3_0000	M3SARS_2A3_0000.rdat	421582269	data-rna-structures	data-rna-structures	VERIFIED_CC0_RMDB	True	True	PARSE_SUCCESS	
M3SARS_DMS_0000	M3SARS_DMS_0000.rdat	421582270	data-rna-structures	data-rna-structures	VERIFIED_CC0_RMDB	True	True	PARSE_SUCCESS	
MDLOOP_CMC_0001	MDLOOP_CMC_0001.rdat	421592405	data-general	data-general	VERIFIED_CC0_RMDB	True	True	PARSE_FAIL_INVALID_PROFILE_INDEX	D0XContractError: invalid positive profile index at line 51: 'ANNOTATION_DATA:37 ERROR:ignore mutation:WT'
MDLOOP_CMC_0002	MDLOOP_CMC_0002.rdat	421592407	data-general	data-general	VERIFIED_CC0_RMDB	True	True	PARSE_FAIL_MALFORMED_SEQPOS	D0XContractError: malformed SEQPOS token at ordinal 1: '-9'
MDLOOP_DMS_0001	MDLOOP_DMS_0001.rdat	421592412	data-general	data-general	VERIFIED_CC0_RMDB	True	True	PARSE_FAIL_MALFORMED_SEQPOS	D0XContractError: malformed SEQPOS token at ordinal 1: '-9'
MDLOOP_DMS_0002	MDLOOP_DMS_0002.rdat	421592421	data-general	data-general	VERIFIED_CC0_RMDB	True	True	PARSE_FAIL_MALFORMED_SEQPOS	D0XContractError: malformed SEQPOS token at ordinal 1: '-9'
MDLOOP_NMD_0002	MDLOOP_NMD_0002.rdat	421592420	data-general	data-general	VERIFIED_CC0_RMDB	True	True	PARSE_FAIL_MALFORMED_SEQPOS	D0XContractError: malformed SEQPOS token at ordinal 1: '-9'
MDLOOP_SHP_0002	MDLOOP_SHP_0002.rdat	421592424	data-general	data-general	VERIFIED_CC0_RMDB	True	True	PARSE_FAIL_MALFORMED_SEQPOS	D0XContractError: malformed SEQPOS token at ordinal 1: '-9'
MDLOOP_STD_0000	MDLOOP_STD_0000.rdat	421592425	data-general	data-general	VERIFIED_CC0_RMDB	True	True	PARSE_FAIL_MALFORMED_SEQPOS	D0XContractError: malformed SEQPOS token at ordinal 1: '-5'
MSTBL_1M7_0002	MSTBL_1M7_0002.rdat	421592433	data-general	data-general	VERIFIED_CC0_RMDB	True	True	PARSE_FAIL_MALFORMED_SEQPOS	D0XContractError: malformed SEQPOS token at ordinal 1: 'G-21'
MTTR10_DMS_0001	MTTR10_DMS_0001.rdat	421592438	data-general	data-general	VERIFIED_CC0_RMDB	True	True	PARSE_SUCCESS	
MTTR10_MGTI_0001	MTTR10_MGTI_0001.rdat	421592440	data-general	data-general	VERIFIED_CC0_RMDB	True	True	PARSE_SUCCESS	
MTTR11_DMS_0001	MTTR11_DMS_0001.rdat	421592443	data-general	data-general	VERIFIED_CC0_RMDB	True	True	PARSE_SUCCESS	
MTTR11_MGTI_0001	MTTR11_MGTI_0001.rdat	421592444	data-general	data-general	VERIFIED_CC0_RMDB	True	True	PARSE_SUCCESS	
MTTR12_DMS_0001	MTTR12_DMS_0001.rdat	421592446	data-general	data-general	VERIFIED_CC0_RMDB	True	True	PARSE_SUCCESS	
MTTR12_MGTI_0001	MTTR12_MGTI_0001.rdat	421592447	data-general	data-general	VERIFIED_CC0_RMDB	True	True	PARSE_SUCCESS	
MTTR13_DMS_0001	MTTR13_DMS_0001.rdat	421592449	data-general	data-general	VERIFIED_CC0_RMDB	True	True	PARSE_SUCCESS	
MTTR13_MGTI_0001	MTTR13_MGTI_0001.rdat	421592452	data-general	data-general	VERIFIED_CC0_RMDB	True	True	PARSE_SUCCESS	
MTTR14_DMS_0001	MTTR14_DMS_0001.rdat	421592453	data-general	data-general	VERIFIED_CC0_RMDB	True	True	PARSE_SUCCESS	
MTTR14_MGTI_0001	MTTR14_MGTI_0001.rdat	421592454	data-general	data-general	VERIFIED_CC0_RMDB	True	True	PARSE_SUCCESS	
MTTR15_DMS_0001	MTTR15_DMS_0001.rdat	421592456	data-general	data-general	VERIFIED_CC0_RMDB	True	True	PARSE_SUCCESS	
MTTR15_MGTI_0001	MTTR15_MGTI_0001.rdat	421592460	data-general	data-general	VERIFIED_CC0_RMDB	True	True	PARSE_SUCCESS	
MTTR16_DMS_0001	MTTR16_DMS_0001.rdat	421592475	data-general	data-general	VERIFIED_CC0_RMDB	True	True	PARSE_SUCCESS	
MTTR16_MGTI_0001	MTTR16_MGTI_0001.rdat	421592474	data-general	data-general	VERIFIED_CC0_RMDB	True	True	PARSE_SUCCESS	
MTTR1_DMS_0001	MTTR1_DMS_0001.rdat	421592434	data-general	data-general	VERIFIED_CC0_RMDB	True	True	PARSE_SUCCESS	
MTTR1_MGTI_0001	MTTR1_MGTI_0001.rdat	421592436	data-general	data-general	VERIFIED_CC0_RMDB	True	True	PARSE_SUCCESS	
MTTR2_DMS_0001	MTTR2_DMS_0001.rdat	421592477	data-general	data-general	VERIFIED_CC0_RMDB	True	True	PARSE_SUCCESS	
MTTR2_MGTI_0001	MTTR2_MGTI_0001.rdat	421592476	data-general	data-general	VERIFIED_CC0_RMDB	True	True	PARSE_SUCCESS	
MTTR3_DMS_0001	MTTR3_DMS_0001.rdat	421592473	data-general	data-general	VERIFIED_CC0_RMDB	True	True	PARSE_SUCCESS	
MTTR3_MGTI_0001	MTTR3_MGTI_0001.rdat	421592483	data-general	data-general	VERIFIED_CC0_RMDB	True	True	PARSE_SUCCESS	
MTTR4_DMS_0001	MTTR4_DMS_0001.rdat	421592484	data-general	data-general	VERIFIED_CC0_RMDB	True	True	PARSE_SUCCESS	
MTTR4_MGTI_0001	MTTR4_MGTI_0001.rdat	421592485	data-general	data-general	VERIFIED_CC0_RMDB	True	True	PARSE_SUCCESS	
MTTR5_DMS_0001	MTTR5_DMS_0001.rdat	421592493	data-general	data-general	VERIFIED_CC0_RMDB	True	True	PARSE_SUCCESS	
MTTR5_MGTI_0001	MTTR5_MGTI_0001.rdat	421592496	data-general	data-general	VERIFIED_CC0_RMDB	True	True	PARSE_SUCCESS	
MTTR6_DMS_0001	MTTR6_DMS_0001.rdat	421592497	data-general	data-general	VERIFIED_CC0_RMDB	True	True	PARSE_SUCCESS	
MTTR6_MGTI_0001	MTTR6_MGTI_0001.rdat	421592498	data-general	data-general	VERIFIED_CC0_RMDB	True	True	PARSE_SUCCESS	
MTTR7_DMS_0001	MTTR7_DMS_0001.rdat	421592503	data-general	data-general	VERIFIED_CC0_RMDB	True	True	PARSE_SUCCESS	
MTTR7_MGTI_0001	MTTR7_MGTI_0001.rdat	421592507	data-general	data-general	VERIFIED_CC0_RMDB	True	True	PARSE_SUCCESS	
MTTR8_DMS_0001	MTTR8_DMS_0001.rdat	421592508	data-general	data-general	VERIFIED_CC0_RMDB	True	True	PARSE_SUCCESS	
MTTR8_MGTI_0001	MTTR8_MGTI_0001.rdat	421592510	data-general	data-general	VERIFIED_CC0_RMDB	True	True	PARSE_SUCCESS	
MTTR9_DMS_0001	MTTR9_DMS_0001.rdat	421592513	data-general	data-general	VERIFIED_CC0_RMDB	True	True	PARSE_SUCCESS	
MTTR9_MGTI_0001	MTTR9_MGTI_0001.rdat	421592516	data-general	data-general	VERIFIED_CC0_RMDB	True	True	PARSE_SUCCESS	
NEIL1_DMS_0001	NEIL1_DMS_0001.rdat	421592517	data-general	data-general	VERIFIED_CC0_RMDB	True	True	PARSE_SUCCESS	
NEIL1_DMS_0002	NEIL1_DMS_0002.rdat	421592519	data-general	data-general	VERIFIED_CC0_RMDB	True	True	PARSE_SUCCESS	
NEIL1_DMS_0003	NEIL1_DMS_0003.rdat	421592531	data-general	data-general	VERIFIED_CC0_RMDB	True	True	PARSE_SUCCESS	
NEIL1_DMS_0004	NEIL1_DMS_0004.rdat	421592532	data-general	data-general	VERIFIED_CC0_RMDB	True	True	PARSE_SUCCESS	
NEIL1_DMS_0005	NEIL1_DMS_0005.rdat	421592533	data-general	data-general	VERIFIED_CC0_RMDB	True	True	PARSE_SUCCESS	
NEIL1_DMS_0006	NEIL1_DMS_0006.rdat	421592535	data-general	data-general	VERIFIED_CC0_RMDB	True	True	PARSE_SUCCESS	
NEIL1_DMS_0007	NEIL1_DMS_0007.rdat	421592537	data-general	data-general	VERIFIED_CC0_RMDB	True	True	PARSE_SUCCESS	
NEIL1_DMS_0008	NEIL1_DMS_0008.rdat	421592539	data-general	data-general	VERIFIED_CC0_RMDB	True	True	PARSE_SUCCESS	
NEIL1_DMS_0009	NEIL1_DMS_0009.rdat	421592538	data-general	data-general	VERIFIED_CC0_RMDB	True	True	PARSE_SUCCESS	
NEIL1_DMS_0010	NEIL1_DMS_0010.rdat	421592545	data-general	data-general	VERIFIED_CC0_RMDB	True	True	PARSE_SUCCESS	
NEIL1_DMS_0011	NEIL1_DMS_0011.rdat	421592548	data-general	data-general	VERIFIED_CC0_RMDB	True	True	PARSE_SUCCESS	
NEIL1_DMS_0012	NEIL1_DMS_0012.rdat	421592550	data-general	data-general	VERIFIED_CC0_RMDB	True	True	PARSE_SUCCESS	
NEIL1_DMS_0013	NEIL1_DMS_0013.rdat	421592549	data-general	data-general	VERIFIED_CC0_RMDB	True	True	PARSE_SUCCESS	
NEIL1_DMS_0014	NEIL1_DMS_0014.rdat	421592551	data-general	data-general	VERIFIED_CC0_RMDB	True	True	PARSE_SUCCESS	
NEIL1_DMS_0015	NEIL1_DMS_0015.rdat	421592555	data-general	data-general	VERIFIED_CC0_RMDB	True	True	PARSE_SUCCESS	
NEIL1_DMS_0016	NEIL1_DMS_0016.rdat	421592560	data-general	data-general	VERIFIED_CC0_RMDB	True	True	PARSE_SUCCESS	
NEIL1_DMS_0017	NEIL1_DMS_0017.rdat	421592559	data-general	data-general	VERIFIED_CC0_RMDB	True	True	PARSE_SUCCESS	
NEIL1_DMS_0018	NEIL1_DMS_0018.rdat	421592562	data-general	data-general	VERIFIED_CC0_RMDB	True	True	PARSE_SUCCESS	
NEIL1_DMS_0019	NEIL1_DMS_0019.rdat	421592561	data-general	data-general	VERIFIED_CC0_RMDB	True	True	PARSE_SUCCESS	
NEIL1_DMS_0020	NEIL1_DMS_0020.rdat	421592564	data-general	data-general	VERIFIED_CC0_RMDB	True	True	PARSE_SUCCESS	
NEIL1_DMS_0021	NEIL1_DMS_0021.rdat	421592570	data-general	data-general	VERIFIED_CC0_RMDB	True	True	PARSE_SUCCESS	
NICORS_2A3_0000	NICORS_2A3_0000.rdat	421580437	data-riboswitches	data-riboswitches	VERIFIED_CC0_RMDB	True	True	PARSE_SUCCESS	
NICORS_DMS_0000	NICORS_DMS_0000.rdat	421580440	data-riboswitches	data-riboswitches	VERIFIED_CC0_RMDB	True	True	PARSE_SUCCESS	
NOMOD_FSE_0507	NOMOD_FSE_0507.rdat	421582272	data-rna-structures	data-rna-structures	VERIFIED_CC0_RMDB	True	True	PARSE_FAIL_ANNOTATION_MISSING_SEPARATOR	D0XContractError: annotation token lacks key/value separator at line 12: ''
NPFUS1_1M7_0001	NPFUS1_1M7_0001.rdat	421592569	data-general	data-general	VERIFIED_CC0_RMDB	True	True	PARSE_FAIL_MISSING_REACTIVITY_ROWS	D0XContractError: missing REACTIVITY rows
NPFUS2_1M7_0001	NPFUS2_1M7_0001.rdat	421592571	data-general	data-general	VERIFIED_CC0_RMDB	True	True	PARSE_FAIL_MISSING_REACTIVITY_ROWS	D0XContractError: missing REACTIVITY rows
NPFUS3_1M7_0001	NPFUS3_1M7_0001.rdat	421592572	data-general	data-general	VERIFIED_CC0_RMDB	True	True	PARSE_FAIL_MISSING_REACTIVITY_ROWS	D0XContractError: missing REACTIVITY rows
NPFUS4_1M7_0001	NPFUS4_1M7_0001.rdat	421592574	data-general	data-general	VERIFIED_CC0_RMDB	True	True	PARSE_FAIL_MISSING_REACTIVITY_ROWS	D0XContractError: missing REACTIVITY rows
OK1LIB_2A3_0000	OK1LIB_2A3_0000.rdat	421574350	data-eterna	data-eterna	VERIFIED_CC0_RMDB	True	True	PARSE_SUCCESS	
OK1LIB_DMS_0000	OK1LIB_DMS_0000.rdat	421574349	data-eterna	data-eterna	VERIFIED_CC0_RMDB	True	True	PARSE_SUCCESS	
OK2TRN_2A3_0000	OK2TRN_2A3_0000.rdat	421574352	data-eterna	data-eterna	VERIFIED_CC0_RMDB	True	True	PARSE_SUCCESS	
OK2TRN_DMS_0000	OK2TRN_DMS_0000.rdat	421574353	data-eterna	data-eterna	VERIFIED_CC0_RMDB	True	True	PARSE_SUCCESS	
OK2TST_2A3_0000	OK2TST_2A3_0000.rdat	421574359	data-eterna	data-eterna	VERIFIED_CC0_RMDB	True	True	PARSE_SUCCESS	
OK2TST_DMS_0000	OK2TST_DMS_0000.rdat	421575695	data-eterna	data-eterna	VERIFIED_CC0_RMDB	True	True	PARSE_SUCCESS	
OK3TST_2A3_0000	OK3TST_2A3_0000.rdat	421577273	data-eterna	data-eterna	VERIFIED_CC0_RMDB	True	True	PARSE_SUCCESS	
OK3TST_2A3_0001	OK3TST_2A3_0001.rdat	421577313	data-eterna	data-eterna	VERIFIED_CC0_RMDB	True	True	PARSE_SUCCESS	
OK3TST_2A3_0002	OK3TST_2A3_0002.rdat	421578172	data-eterna	data-eterna	VERIFIED_CC0_RMDB	True	True	PARSE_SUCCESS	
OK3TST_2A3_0003	OK3TST_2A3_0003.rdat	421578551	data-eterna	data-eterna	VERIFIED_CC0_RMDB	True	True	PARSE_SUCCESS	
OK3TST_2A3_0004	OK3TST_2A3_0004.rdat	421578556	data-eterna	data-eterna	VERIFIED_CC0_RMDB	True	True	PARSE_SUCCESS	
OK3TST_DMS_0000	OK3TST_DMS_0000.rdat	421578968	data-eterna	data-eterna	VERIFIED_CC0_RMDB	True	True	PARSE_SUCCESS	
OK3TST_DMS_0001	OK3TST_DMS_0001.rdat	421578970	data-eterna	data-eterna	VERIFIED_CC0_RMDB	True	True	PARSE_SUCCESS	
OK3TST_DMS_0002	OK3TST_DMS_0002.rdat	421579010	data-eterna	data-eterna	VERIFIED_CC0_RMDB	True	True	PARSE_SUCCESS	
OK3TST_DMS_0003	OK3TST_DMS_0003.rdat	421579329	data-eterna	data-eterna	VERIFIED_CC0_RMDB	True	True	PARSE_SUCCESS	
OK3TST_DMS_0004	OK3TST_DMS_0004.rdat	421579385	data-eterna	data-eterna	VERIFIED_CC0_RMDB	True	True	PARSE_SUCCESS	
OK45LIB_2A3_0000	OK45LIB_2A3_0000.rdat	421579692	data-eterna	data-eterna	VERIFIED_CC0_RMDB	True	True	PARSE_FAIL_ANNOTATION_MISSING_SEPARATOR	D0XContractError: annotation token lacks key/value separator at line 13: ''
OK6LIB_2A3_0000	OK6LIB_2A3_0000.rdat	421579707	data-eterna	data-eterna	VERIFIED_CC0_RMDB	True	True	PARSE_FAIL_ANNOTATION_MISSING_SEPARATOR	D0XContractError: annotation token lacks key/value separator at line 12: ''
OK7ALIB_2A3_0000	OK7ALIB_2A3_0000.rdat	421579714	data-eterna	data-eterna	VERIFIED_CC0_RMDB	True	True	PARSE_FAIL_ANNOTATION_MISSING_SEPARATOR	D0XContractError: annotation token lacks key/value separator at line 15: ''
OK7BLIB_2A3_0000	OK7BLIB_2A3_0000.rdat	421579813	data-eterna	data-eterna	VERIFIED_CC0_RMDB	True	True	PARSE_FAIL_ANNOTATION_MISSING_SEPARATOR	D0XContractError: annotation token lacks key/value separator at line 14: ''
OK7BLIB_2A3_0001	OK7BLIB_2A3_0001.rdat	421579825	data-eterna	data-eterna	VERIFIED_CC0_RMDB	True	True	PARSE_FAIL_ANNOTATION_MISSING_SEPARATOR	D0XContractError: annotation token lacks key/value separator at line 13: ''
P4P61_MGTI_0001	P4P61_MGTI_0001.rdat	421592577	data-general	data-general	VERIFIED_CC0_RMDB	True	True	PARSE_SUCCESS	
P50LIB_2A3_0000	P50LIB_2A3_0000.rdat	421592578	data-general	data-general	VERIFIED_CC0_RMDB	True	True	PARSE_SUCCESS	
P50LIB_2A3_0001	P50LIB_2A3_0001.rdat	421592582	data-general	data-general	VERIFIED_CC0_RMDB	True	True	PARSE_SUCCESS	
P50LIB_2A3_0002	P50LIB_2A3_0002.rdat	421592584	data-general	data-general	VERIFIED_CC0_RMDB	True	True	PARSE_SUCCESS	
P50LIB_2A3_0003	P50LIB_2A3_0003.rdat	421592583	data-general	data-general	VERIFIED_CC0_RMDB	True	True	PARSE_SUCCESS	
P50LIB_DMS_0000	P50LIB_DMS_0000.rdat	421592589	data-general	data-general	VERIFIED_CC0_RMDB	True	True	PARSE_SUCCESS	
P50LIB_DMS_0001	P50LIB_DMS_0001.rdat	421592600	data-general	data-general	VERIFIED_CC0_RMDB	True	True	PARSE_SUCCESS	
P50LIB_DMS_0002	P50LIB_DMS_0002.rdat	421592730	data-general	data-general	VERIFIED_CC0_RMDB	True	True	PARSE_SUCCESS	
P50LIB_DMS_0003	P50LIB_DMS_0003.rdat	421592728	data-general	data-general	VERIFIED_CC0_RMDB	True	True	PARSE_SUCCESS	
P90LIB_2A3_0000	P90LIB_2A3_0000.rdat	421592727	data-general	data-general	VERIFIED_CC0_RMDB	True	True	PARSE_SUCCESS	
P90LIB_2A3_0001	P90LIB_2A3_0001.rdat	421592729	data-general	data-general	VERIFIED_CC0_RMDB	True	True	PARSE_SUCCESS	
P90LIB_2A3_0002	P90LIB_2A3_0002.rdat	421592731	data-general	data-general	VERIFIED_CC0_RMDB	True	True	PARSE_SUCCESS	
P90LIB_DMS_0000	P90LIB_DMS_0000.rdat	421592745	data-general	data-general	VERIFIED_CC0_RMDB	True	True	PARSE_SUCCESS	
P90LIB_DMS_0001	P90LIB_DMS_0001.rdat	421592757	data-general	data-general	VERIFIED_CC0_RMDB	True	True	PARSE_SUCCESS	
P90LIB_DMS_0002	P90LIB_DMS_0002.rdat	421592758	data-general	data-general	VERIFIED_CC0_RMDB	True	True	PARSE_SUCCESS	
PDB130_2A3_0000	PDB130_2A3_0000.rdat	421582267	data-rna-structures	data-rna-structures	VERIFIED_CC0_RMDB	True	True	PARSE_SUCCESS	
PDB130_DMS_0000	PDB130_DMS_0000.rdat	421582279	data-rna-structures	data-rna-structures	VERIFIED_CC0_RMDB	True	True	PARSE_SUCCESS	
PFLZTPS_BZCN_0001	PFLZTPS_BZCN_0001.rdat	421580455	data-riboswitches	data-riboswitches	VERIFIED_CC0_RMDB	True	True	PARSE_FAIL_MISSING_REACTIVITY_ROWS	D0XContractError: missing REACTIVITY rows
PFLZTPS_BZCN_0002	PFLZTPS_BZCN_0002.rdat	421580456	data-riboswitches	data-riboswitches	VERIFIED_CC0_RMDB	True	True	PARSE_FAIL_MISSING_REACTIVITY_ROWS	D0XContractError: missing REACTIVITY rows
PFLZTPS_BZCN_0003	PFLZTPS_BZCN_0003.rdat	421580457	data-riboswitches	data-riboswitches	VERIFIED_CC0_RMDB	True	True	PARSE_FAIL_MISSING_REACTIVITY_ROWS	D0XContractError: missing REACTIVITY rows
PFLZTPS_BZCN_0004	PFLZTPS_BZCN_0004.rdat	421580459	data-riboswitches	data-riboswitches	VERIFIED_CC0_RMDB	True	True	PARSE_FAIL_MISSING_REACTIVITY_ROWS	D0XContractError: missing REACTIVITY rows
PFLZTPS_BZCN_0005	PFLZTPS_BZCN_0005.rdat	421580465	data-riboswitches	data-riboswitches	VERIFIED_CC0_RMDB	True	True	PARSE_FAIL_MISSING_REACTIVITY_ROWS	D0XContractError: missing REACTIVITY rows
PFLZTPS_BZCN_0006	PFLZTPS_BZCN_0006.rdat	421580467	data-riboswitches	data-riboswitches	VERIFIED_CC0_RMDB	True	True	PARSE_FAIL_MISSING_REACTIVITY_ROWS	D0XContractError: missing REACTIVITY rows
PFLZTPS_BZCN_0007	PFLZTPS_BZCN_0007.rdat	421580469	data-riboswitches	data-riboswitches	VERIFIED_CC0_RMDB	True	True	PARSE_FAIL_MISSING_REACTIVITY_ROWS	D0XContractError: missing REACTIVITY rows
PFLZTPS_BZCN_0008	PFLZTPS_BZCN_0008.rdat	421580468	data-riboswitches	data-riboswitches	VERIFIED_CC0_RMDB	True	True	PARSE_FAIL_MISSING_REACTIVITY_ROWS	D0XContractError: missing REACTIVITY rows
PFLZTP_BZCN_0001	PFLZTP_BZCN_0001.rdat	421580442	data-riboswitches	data-riboswitches	VERIFIED_CC0_RMDB	True	True	PARSE_FAIL_MISSING_REACTIVITY_ROWS	D0XContractError: missing REACTIVITY rows
PFLZTP_BZCN_0002	PFLZTP_BZCN_0002.rdat	421580443	data-riboswitches	data-riboswitches	VERIFIED_CC0_RMDB	True	True	PARSE_FAIL_MISSING_REACTIVITY_ROWS	D0XContractError: missing REACTIVITY rows
PFLZTP_BZCN_0003	PFLZTP_BZCN_0003.rdat	421580444	data-riboswitches	data-riboswitches	VERIFIED_CC0_RMDB	True	True	PARSE_FAIL_MISSING_REACTIVITY_ROWS	D0XContractError: missing REACTIVITY rows
PFLZTP_BZCN_0004	PFLZTP_BZCN_0004.rdat	421580446	data-riboswitches	data-riboswitches	VERIFIED_CC0_RMDB	True	True	PARSE_FAIL_MISSING_REACTIVITY_ROWS	D0XContractError: missing REACTIVITY rows
PFLZTP_BZCN_0005	PFLZTP_BZCN_0005.rdat	421580447	data-riboswitches	data-riboswitches	VERIFIED_CC0_RMDB	True	True	PARSE_FAIL_MISSING_REACTIVITY_ROWS	D0XContractError: missing REACTIVITY rows
PFLZTP_BZCN_0006	PFLZTP_BZCN_0006.rdat	421580449	data-riboswitches	data-riboswitches	VERIFIED_CC0_RMDB	True	True	PARSE_FAIL_MISSING_REACTIVITY_ROWS	D0XContractError: missing REACTIVITY rows
PFLZTP_BZCN_0007	PFLZTP_BZCN_0007.rdat	421580448	data-riboswitches	data-riboswitches	VERIFIED_CC0_RMDB	True	True	PARSE_FAIL_MISSING_REACTIVITY_ROWS	D0XContractError: missing REACTIVITY rows
PFLZTP_BZCN_0008	PFLZTP_BZCN_0008.rdat	421580451	data-riboswitches	data-riboswitches	VERIFIED_CC0_RMDB	True	True	PARSE_FAIL_MISSING_REACTIVITY_ROWS	D0XContractError: missing REACTIVITY rows
PFLZTP_DMS_0001	PFLZTP_DMS_0001.rdat	421580452	data-riboswitches	data-riboswitches	VERIFIED_CC0_RMDB	True	True	PARSE_FAIL_MISSING_REACTIVITY_ROWS	D0XContractError: missing REACTIVITY rows
PFLZTP_DMS_0002	PFLZTP_DMS_0002.rdat	421580453	data-riboswitches	data-riboswitches	VERIFIED_CC0_RMDB	True	True	PARSE_FAIL_MISSING_REACTIVITY_ROWS	D0XContractError: missing REACTIVITY rows
PKBHTP_2A3_0000	PKBHTP_2A3_0000.rdat	421582315	data-rna-structures	data-rna-structures	VERIFIED_CC0_RMDB	True	True	PARSE_SUCCESS	
PKBHTP_DMS_0000	PKBHTP_DMS_0000.rdat	421582326	data-rna-structures	data-rna-structures	VERIFIED_CC0_RMDB	True	True	PARSE_SUCCESS	
PKBLNG_2A3_0000	PKBLNG_2A3_0000.rdat	421582331	data-rna-structures	data-rna-structures	VERIFIED_CC0_RMDB	True	True	PARSE_SUCCESS	
PKBLNG_DMS_0000	PKBLNG_DMS_0000.rdat	421582335	data-rna-structures	data-rna-structures	VERIFIED_CC0_RMDB	True	True	PARSE_SUCCESS	
PLUSFSE_COV_0502	PLUSFSE_COV_0502.rdat	421582336	data-rna-structures	data-rna-structures	VERIFIED_CC0_RMDB	True	True	PARSE_FAIL_MALFORMED_SEQPOS	D0XContractError: malformed SEQPOS token at ordinal 1: 'G-17'
PMU720_1M7_0001	PMU720_1M7_0001.rdat	421592760	data-general	data-general	VERIFIED_CC0_RMDB	True	True	PARSE_FAIL_MISSING_REACTIVITY_ROWS	D0XContractError: missing REACTIVITY rows
POS240_2A3_0000	POS240_2A3_0000.rdat	421582338	data-rna-structures	data-rna-structures	VERIFIED_CC0_RMDB	True	True	PARSE_SUCCESS	
POS240_DMS_0000	POS240_DMS_0000.rdat	421582353	data-rna-structures	data-rna-structures	VERIFIED_CC0_RMDB	True	True	PARSE_SUCCESS	
PSEUDOB_2A3_0000	PSEUDOB_2A3_0000.rdat	421582354	data-rna-structures	data-rna-structures	VERIFIED_CC0_RMDB	True	True	PARSE_SUCCESS	
PSEUDOB_DMS_0000	PSEUDOB_DMS_0000.rdat	421582360	data-rna-structures	data-rna-structures	VERIFIED_CC0_RMDB	True	True	PARSE_SUCCESS	
PSL2IAV_1M7_0001	PSL2IAV_1M7_0001.rdat	421582369	data-rna-structures	data-rna-structures	VERIFIED_CC0_RMDB	True	True	PARSE_SUCCESS	
PSL2IAV_RSQ_0001	PSL2IAV_RSQ_0001.rdat	421582372	data-rna-structures	data-rna-structures	VERIFIED_CC0_RMDB	True	True	PARSE_SUCCESS	
PTC11_1M7_0001	PTC11_1M7_0001.rdat	421592759	data-general	data-general	VERIFIED_CC0_RMDB	True	True	PARSE_SUCCESS	
PTC12_1M7_0001	PTC12_1M7_0001.rdat	421592770	data-general	data-general	VERIFIED_CC0_RMDB	True	True	PARSE_SUCCESS	
PTC13_1M7_0001	PTC13_1M7_0001.rdat	421592765	data-general	data-general	VERIFIED_CC0_RMDB	True	True	PARSE_SUCCESS	
PTC14_1M7_0001	PTC14_1M7_0001.rdat	421592771	data-general	data-general	VERIFIED_CC0_RMDB	True	True	PARSE_SUCCESS	
PTC15_1M7_0001	PTC15_1M7_0001.rdat	421592773	data-general	data-general	VERIFIED_CC0_RMDB	True	True	PARSE_SUCCESS	
PTC16_1M7_0001	PTC16_1M7_0001.rdat	421592775	data-general	data-general	VERIFIED_CC0_RMDB	True	True	PARSE_SUCCESS	
PTC17_1M7_0001	PTC17_1M7_0001.rdat	421592776	data-general	data-general	VERIFIED_CC0_RMDB	True	True	PARSE_SUCCESS	
PTCWT_1M7_0001	PTCWT_1M7_0001.rdat	421592778	data-general	data-general	VERIFIED_CC0_RMDB	True	True	PARSE_SUCCESS	
R1HP1_1M7_0001	R1HP1_1M7_0001.rdat	421592784	data-general	data-general	VERIFIED_CC0_RMDB	True	True	PARSE_FAIL_MISSING_REACTIVITY_ROWS	D0XContractError: missing REACTIVITY rows
RB1UTR_DMS_0000	RB1UTR_DMS_0000.rdat	421592786	data-general	data-general	VERIFIED_CC0_RMDB	True	True	PARSE_FAIL_ANNOTATION_MISSING_SEPARATOR	D0XContractError: annotation token lacks key/value separator at line 14: ''
RCSL14_UTR_0003	RCSL14_UTR_0003.rdat	421592790	data-general	data-general	VERIFIED_CC0_RMDB	True	True	PARSE_SUCCESS	
RFM100_2A3_0000	RFM100_2A3_0000.rdat	421582374	data-rna-structures	data-rna-structures	VERIFIED_CC0_RMDB	True	True	PARSE_SUCCESS	
RFM100_DMS_0000	RFM100_DMS_0000.rdat	421582377	data-rna-structures	data-rna-structures	VERIFIED_CC0_RMDB	True	True	PARSE_SUCCESS	
RFM130_2A3_0000	RFM130_2A3_0000.rdat	421582427	data-rna-structures	data-rna-structures	VERIFIED_CC0_RMDB	True	True	PARSE_SUCCESS	
RFM130_DMS_0000	RFM130_DMS_0000.rdat	421582434	data-rna-structures	data-rna-structures	VERIFIED_CC0_RMDB	True	True	PARSE_SUCCESS	
RFMREP_2A3_0000	RFMREP_2A3_0000.rdat	421582435	data-rna-structures	data-rna-structures	VERIFIED_CC0_RMDB	True	True	PARSE_SUCCESS	
RFMREP_2A3_0001	RFMREP_2A3_0001.rdat	421582436	data-rna-structures	data-rna-structures	VERIFIED_CC0_RMDB	True	True	PARSE_SUCCESS	
RFMREP_DMS_0000	RFMREP_DMS_0000.rdat	421582443	data-rna-structures	data-rna-structures	VERIFIED_CC0_RMDB	True	True	PARSE_SUCCESS	
RFMREP_DMS_0001	RFMREP_DMS_0001.rdat	421582524	data-rna-structures	data-rna-structures	VERIFIED_CC0_RMDB	True	True	PARSE_SUCCESS	
RIBOT_TE1_0001	RIBOT_TE1_0001.rdat	421592796	data-general	data-general	VERIFIED_CC0_RMDB	True	True	PARSE_SUCCESS	
RIBOT_TE2_0001	RIBOT_TE2_0001.rdat	421592802	data-general	data-general	VERIFIED_CC0_RMDB	True	True	PARSE_SUCCESS	
RNAINS3_1M7_0001	RNAINS3_1M7_0001.rdat	421582534	data-rna-structures	data-rna-structures	VERIFIED_CC0_RMDB	True	True	PARSE_FAIL_MISSING_REACTIVITY_ROWS	D0XContractError: missing REACTIVITY rows
RNAINS4_1M7_0001	RNAINS4_1M7_0001.rdat	421582537	data-rna-structures	data-rna-structures	VERIFIED_CC0_RMDB	True	True	PARSE_FAIL_MISSING_REACTIVITY_ROWS	D0XContractError: missing REACTIVITY rows
RNAMAK_2A3_0000	RNAMAK_2A3_0000.rdat	421582546	data-rna-structures	data-rna-structures	VERIFIED_CC0_RMDB	True	True	PARSE_SUCCESS	
RNAMAK_DMS_0000	RNAMAK_DMS_0000.rdat	421582551	data-rna-structures	data-rna-structures	VERIFIED_CC0_RMDB	True	True	PARSE_SUCCESS	
RNAMKT4_TE1_0001	RNAMKT4_TE1_0001.rdat	421582638	data-rna-structures	data-rna-structures	VERIFIED_CC0_RMDB	True	True	PARSE_SUCCESS	
RNAMKT4_TE2_0001	RNAMKT4_TE2_0001.rdat	421582647	data-rna-structures	data-rna-structures	VERIFIED_CC0_RMDB	True	True	PARSE_SUCCESS	
RNAOUT3_1M7_0001	RNAOUT3_1M7_0001.rdat	421582656	data-rna-structures	data-rna-structures	VERIFIED_CC0_RMDB	True	True	PARSE_FAIL_MISSING_REACTIVITY_ROWS	D0XContractError: missing REACTIVITY rows
RNAOUT4_1M7_0001	RNAOUT4_1M7_0001.rdat	421582661	data-rna-structures	data-rna-structures	VERIFIED_CC0_RMDB	True	True	PARSE_FAIL_MISSING_REACTIVITY_ROWS	D0XContractError: missing REACTIVITY rows
RNAPZ10_STD_0001	RNAPZ10_STD_0001.rdat	421579949	data-puzzle	data-puzzle	VERIFIED_CC0_RMDB	True	True	PARSE_FAIL_LENGTH_MISMATCH_REACTIVITY_VS_SEQPOS	D0XContractError: REACTIVITY:1 length does not match SEQPOS
RNAPZ10_STD_0002	RNAPZ10_STD_0002.rdat	421579937	data-puzzle	data-puzzle	VERIFIED_CC0_RMDB	True	True	PARSE_FAIL_LENGTH_MISMATCH_REACTIVITY_VS_SEQPOS	D0XContractError: REACTIVITY:1 length does not match SEQPOS
RNAPZ11_1M7_0001	RNAPZ11_1M7_0001.rdat	421579945	data-puzzle	data-puzzle	VERIFIED_CC0_RMDB	True	True	PARSE_FAIL_LENGTH_MISMATCH_REACTIVITY_VS_SEQPOS	D0XContractError: REACTIVITY:1 length does not match SEQPOS
RNAPZ11_1M7_0002	RNAPZ11_1M7_0002.rdat	421579938	data-puzzle	data-puzzle	VERIFIED_CC0_RMDB	True	True	PARSE_FAIL_LENGTH_MISMATCH_REACTIVITY_VS_SEQPOS	D0XContractError: REACTIVITY:1 length does not match SEQPOS
RNAPZ11_1M7_0003	RNAPZ11_1M7_0003.rdat	421579950	data-puzzle	data-puzzle	VERIFIED_CC0_RMDB	True	True	PARSE_FAIL_LENGTH_MISMATCH_REACTIVITY_VS_SEQPOS	D0XContractError: REACTIVITY:1 length does not match SEQPOS
RNAPZ11_1M7_0004	RNAPZ11_1M7_0004.rdat	421579953	data-puzzle	data-puzzle	VERIFIED_CC0_RMDB	True	True	PARSE_FAIL_LENGTH_MISMATCH_REACTIVITY_VS_SEQPOS	D0XContractError: REACTIVITY:1 length does not match SEQPOS
RNAPZ11_1M7_0005	RNAPZ11_1M7_0005.rdat	421579954	data-puzzle	data-puzzle	VERIFIED_CC0_RMDB	True	True	PARSE_FAIL_LENGTH_MISMATCH_REACTIVITY_VS_SEQPOS	D0XContractError: REACTIVITY:1 length does not match SEQPOS
RNAPZ11_1M7_0006	RNAPZ11_1M7_0006.rdat	421579955	data-puzzle	data-puzzle	VERIFIED_CC0_RMDB	True	True	PARSE_FAIL_LENGTH_MISMATCH_REACTIVITY_VS_SEQPOS	D0XContractError: REACTIVITY:1 length does not match SEQPOS
RNAPZ11_STD_0001	RNAPZ11_STD_0001.rdat	421579957	data-puzzle	data-puzzle	VERIFIED_CC0_RMDB	True	True	PARSE_FAIL_LENGTH_MISMATCH_REACTIVITY_VS_SEQPOS	D0XContractError: REACTIVITY:1 length does not match SEQPOS
RNAPZ11_STD_0002	RNAPZ11_STD_0002.rdat	421579956	data-puzzle	data-puzzle	VERIFIED_CC0_RMDB	True	True	PARSE_FAIL_LENGTH_MISMATCH_REACTIVITY_VS_SEQPOS	D0XContractError: REACTIVITY:1 length does not match SEQPOS
RNAPZ12_1M7_0000	RNAPZ12_1M7_0000.rdat	421579960	data-puzzle	data-puzzle	VERIFIED_CC0_RMDB	True	True	PARSE_FAIL_LENGTH_MISMATCH_REACTIVITY_VS_SEQPOS	D0XContractError: REACTIVITY:1 length does not match SEQPOS
RNAPZ12_1M7_0003	RNAPZ12_1M7_0003.rdat	421579959	data-puzzle	data-puzzle	VERIFIED_CC0_RMDB	True	True	PARSE_SUCCESS	
RNAPZ12_CMC_0000	RNAPZ12_CMC_0000.rdat	421579963	data-puzzle	data-puzzle	VERIFIED_CC0_RMDB	True	True	PARSE_FAIL_LENGTH_MISMATCH_REACTIVITY_VS_SEQPOS	D0XContractError: REACTIVITY:1 length does not match SEQPOS
RNAPZ12_DMS_0000	RNAPZ12_DMS_0000.rdat	421579962	data-puzzle	data-puzzle	VERIFIED_CC0_RMDB	True	True	PARSE_FAIL_LENGTH_MISMATCH_REACTIVITY_VS_SEQPOS	D0XContractError: REACTIVITY:1 length does not match SEQPOS
RNAPZ12_DMS_0003	RNAPZ12_DMS_0003.rdat	421579964	data-puzzle	data-puzzle	VERIFIED_CC0_RMDB	True	True	PARSE_SUCCESS	
RNAPZ12_MCA_0000	RNAPZ12_MCA_0000.rdat	421579966	data-puzzle	data-puzzle	VERIFIED_CC0_RMDB	True	True	PARSE_FAIL_LENGTH_MISMATCH_REACTIVITY_VS_SEQPOS	D0XContractError: REACTIVITY:1 length does not match SEQPOS
RNAPZ12_MCA_0001	RNAPZ12_MCA_0001.rdat	421579967	data-puzzle	data-puzzle	VERIFIED_CC0_RMDB	True	True	PARSE_FAIL_LENGTH_MISMATCH_REACTIVITY_VS_SEQPOS	D0XContractError: REACTIVITY:1 length does not match SEQPOS
RNAPZ12_MCA_0002	RNAPZ12_MCA_0002.rdat	421579970	data-puzzle	data-puzzle	VERIFIED_CC0_RMDB	True	True	PARSE_FAIL_LENGTH_MISMATCH_REACTIVITY_VS_SEQPOS	D0XContractError: REACTIVITY:1 length does not match SEQPOS
RNAPZ12_MCA_0003	RNAPZ12_MCA_0003.rdat	421579969	data-puzzle	data-puzzle	VERIFIED_CC0_RMDB	True	True	PARSE_FAIL_LENGTH_MISMATCH_REACTIVITY_VS_SEQPOS	D0XContractError: REACTIVITY:1 length does not match SEQPOS
RNAPZ13_1M7_0001	RNAPZ13_1M7_0001.rdat	421579972	data-puzzle	data-puzzle	VERIFIED_CC0_RMDB	True	True	PARSE_FAIL_LENGTH_MISMATCH_REACTIVITY_VS_SEQPOS	D0XContractError: REACTIVITY:1 length does not match SEQPOS
RNAPZ13_1M7_0002	RNAPZ13_1M7_0002.rdat	421579973	data-puzzle	data-puzzle	VERIFIED_CC0_RMDB	True	True	PARSE_FAIL_LENGTH_MISMATCH_REACTIVITY_VS_SEQPOS	D0XContractError: REACTIVITY:1 length does not match SEQPOS
RNAPZ13_1M7_0003	RNAPZ13_1M7_0003.rdat	421579975	data-puzzle	data-puzzle	VERIFIED_CC0_RMDB	True	True	PARSE_FAIL_LENGTH_MISMATCH_REACTIVITY_VS_SEQPOS	D0XContractError: REACTIVITY:1 length does not match SEQPOS
RNAPZ13_DMS_0001	RNAPZ13_DMS_0001.rdat	421579974	data-puzzle	data-puzzle	VERIFIED_CC0_RMDB	True	True	PARSE_FAIL_LENGTH_MISMATCH_REACTIVITY_VS_SEQPOS	D0XContractError: REACTIVITY:1 length does not match SEQPOS
RNAPZ13_DMS_0002	RNAPZ13_DMS_0002.rdat	421579976	data-puzzle	data-puzzle	VERIFIED_CC0_RMDB	True	True	PARSE_FAIL_LENGTH_MISMATCH_REACTIVITY_VS_SEQPOS	D0XContractError: REACTIVITY:1 length does not match SEQPOS
RNAPZ13_DMS_0003	RNAPZ13_DMS_0003.rdat	421579977	data-puzzle	data-puzzle	VERIFIED_CC0_RMDB	True	True	PARSE_FAIL_LENGTH_MISMATCH_REACTIVITY_VS_SEQPOS	D0XContractError: REACTIVITY:1 length does not match SEQPOS
RNAPZ13_HRF_0000	RNAPZ13_HRF_0000.rdat	421579980	data-puzzle	data-puzzle	VERIFIED_CC0_RMDB	True	True	PARSE_FAIL_LENGTH_MISMATCH_REACTIVITY_VS_SEQPOS	D0XContractError: REACTIVITY:1 length does not match SEQPOS
RNAPZ13_MCA_0000	RNAPZ13_MCA_0000.rdat	421579981	data-puzzle	data-puzzle	VERIFIED_CC0_RMDB	True	True	PARSE_FAIL_LENGTH_MISMATCH_REACTIVITY_VS_SEQPOS	D0XContractError: REACTIVITY:1 length does not match SEQPOS
RNAPZ13_MCA_0001	RNAPZ13_MCA_0001.rdat	421579982	data-puzzle	data-puzzle	VERIFIED_CC0_RMDB	True	True	PARSE_FAIL_LENGTH_MISMATCH_REACTIVITY_VS_SEQPOS	D0XContractError: REACTIVITY:1 length does not match SEQPOS
RNAPZ13_NMD_0003	RNAPZ13_NMD_0003.rdat	421579983	data-puzzle	data-puzzle	VERIFIED_CC0_RMDB	True	True	PARSE_FAIL_LENGTH_MISMATCH_REACTIVITY_VS_SEQPOS	D0XContractError: REACTIVITY:1 length does not match SEQPOS
RNAPZ13_STD_0000	RNAPZ13_STD_0000.rdat	421579984	data-puzzle	data-puzzle	VERIFIED_CC0_RMDB	True	True	PARSE_FAIL_LENGTH_MISMATCH_REACTIVITY_VS_SEQPOS	D0XContractError: REACTIVITY:1 length does not match SEQPOS
RNAPZ14_1M7_0000	RNAPZ14_1M7_0000.rdat	421579985	data-puzzle	data-puzzle	VERIFIED_CC0_RMDB	True	True	PARSE_FAIL_LENGTH_MISMATCH_REACTIVITY_VS_SEQPOS	D0XContractError: REACTIVITY:1 length does not match SEQPOS
RNAPZ14_1M7_0001	RNAPZ14_1M7_0001.rdat	421579986	data-puzzle	data-puzzle	VERIFIED_CC0_RMDB	True	True	PARSE_FAIL_LENGTH_MISMATCH_REACTIVITY_VS_SEQPOS	D0XContractError: REACTIVITY:1 length does not match SEQPOS
RNAPZ14_1M7_0002	RNAPZ14_1M7_0002.rdat	421579988	data-puzzle	data-puzzle	VERIFIED_CC0_RMDB	True	True	PARSE_FAIL_LENGTH_MISMATCH_REACTIVITY_VS_SEQPOS	D0XContractError: REACTIVITY:1 length does not match SEQPOS
RNAPZ14_1M7_0003	RNAPZ14_1M7_0003.rdat	421579991	data-puzzle	data-puzzle	VERIFIED_CC0_RMDB	True	True	PARSE_FAIL_LENGTH_MISMATCH_REACTIVITY_VS_SEQPOS	D0XContractError: REACTIVITY:1 length does not match SEQPOS
RNAPZ14_1M7_0004	RNAPZ14_1M7_0004.rdat	421579987	data-puzzle	data-puzzle	VERIFIED_CC0_RMDB	True	True	PARSE_FAIL_LENGTH_MISMATCH_REACTIVITY_VS_SEQPOS	D0XContractError: REACTIVITY:1 length does not match SEQPOS
RNAPZ14_1M7_0005	RNAPZ14_1M7_0005.rdat	421579992	data-puzzle	data-puzzle	VERIFIED_CC0_RMDB	True	True	PARSE_FAIL_LENGTH_MISMATCH_REACTIVITY_VS_SEQPOS	D0XContractError: REACTIVITY:1 length does not match SEQPOS
RNAPZ14_1M7_0006	RNAPZ14_1M7_0006.rdat	421579993	data-puzzle	data-puzzle	VERIFIED_CC0_RMDB	True	True	PARSE_FAIL_LENGTH_MISMATCH_REACTIVITY_VS_SEQPOS	D0XContractError: REACTIVITY:1 length does not match SEQPOS
RNAPZ14_1M7_0007	RNAPZ14_1M7_0007.rdat	421579995	data-puzzle	data-puzzle	VERIFIED_CC0_RMDB	True	True	PARSE_FAIL_LENGTH_MISMATCH_REACTIVITY_VS_SEQPOS	D0XContractError: REACTIVITY:1 length does not match SEQPOS
RNAPZ14_HRF_0000	RNAPZ14_HRF_0000.rdat	421579996	data-puzzle	data-puzzle	VERIFIED_CC0_RMDB	True	True	PARSE_FAIL_LENGTH_MISMATCH_REACTIVITY_VS_SEQPOS	D0XContractError: REACTIVITY:1 length does not match SEQPOS
RNAPZ14_HRF_0001	RNAPZ14_HRF_0001.rdat	421579998	data-puzzle	data-puzzle	VERIFIED_CC0_RMDB	True	True	PARSE_FAIL_LENGTH_MISMATCH_REACTIVITY_VS_SEQPOS	D0XContractError: REACTIVITY:1 length does not match SEQPOS
RNAPZ14_HRF_0002	RNAPZ14_HRF_0002.rdat	421580000	data-puzzle	data-puzzle	VERIFIED_CC0_RMDB	True	True	PARSE_FAIL_LENGTH_MISMATCH_REACTIVITY_VS_SEQPOS	D0XContractError: REACTIVITY:1 length does not match SEQPOS
RNAPZ14_HRF_0003	RNAPZ14_HRF_0003.rdat	421580002	data-puzzle	data-puzzle	VERIFIED_CC0_RMDB	True	True	PARSE_FAIL_LENGTH_MISMATCH_REACTIVITY_VS_SEQPOS	D0XContractError: REACTIVITY:1 length does not match SEQPOS
RNAPZ14_MCA_0000	RNAPZ14_MCA_0000.rdat	421580001	data-puzzle	data-puzzle	VERIFIED_CC0_RMDB	True	True	PARSE_FAIL_LENGTH_MISMATCH_REACTIVITY_VS_SEQPOS	D0XContractError: REACTIVITY:1 length does not match SEQPOS
RNAPZ14_MCA_0001	RNAPZ14_MCA_0001.rdat	421580003	data-puzzle	data-puzzle	VERIFIED_CC0_RMDB	True	True	PARSE_FAIL_LENGTH_MISMATCH_REACTIVITY_VS_SEQPOS	D0XContractError: REACTIVITY:1 length does not match SEQPOS
RNAPZ14_MCA_0002	RNAPZ14_MCA_0002.rdat	421580007	data-puzzle	data-puzzle	VERIFIED_CC0_RMDB	True	True	PARSE_FAIL_LENGTH_MISMATCH_REACTIVITY_VS_SEQPOS	D0XContractError: REACTIVITY:1 length does not match SEQPOS
RNAPZ14_MCA_0003	RNAPZ14_MCA_0003.rdat	421580010	data-puzzle	data-puzzle	VERIFIED_CC0_RMDB	True	True	PARSE_FAIL_LENGTH_MISMATCH_REACTIVITY_VS_SEQPOS	D0XContractError: REACTIVITY:1 length does not match SEQPOS
RNAPZ14_MCA_0004	RNAPZ14_MCA_0004.rdat	421580012	data-puzzle	data-puzzle	VERIFIED_CC0_RMDB	True	True	PARSE_FAIL_LENGTH_MISMATCH_REACTIVITY_VS_SEQPOS	D0XContractError: REACTIVITY:1 length does not match SEQPOS
RNAPZ14_MCA_0005	RNAPZ14_MCA_0005.rdat	421580011	data-puzzle	data-puzzle	VERIFIED_CC0_RMDB	True	True	PARSE_FAIL_LENGTH_MISMATCH_REACTIVITY_VS_SEQPOS	D0XContractError: REACTIVITY:1 length does not match SEQPOS
RNAPZ14_MCA_0006	RNAPZ14_MCA_0006.rdat	421580013	data-puzzle	data-puzzle	VERIFIED_CC0_RMDB	True	True	PARSE_FAIL_LENGTH_MISMATCH_REACTIVITY_VS_SEQPOS	D0XContractError: REACTIVITY:1 length does not match SEQPOS
RNAPZ14_MCA_0007	RNAPZ14_MCA_0007.rdat	421580014	data-puzzle	data-puzzle	VERIFIED_CC0_RMDB	True	True	PARSE_FAIL_LENGTH_MISMATCH_REACTIVITY_VS_SEQPOS	D0XContractError: REACTIVITY:1 length does not match SEQPOS
RNAPZ14_STD_0000	RNAPZ14_STD_0000.rdat	421580018	data-puzzle	data-puzzle	VERIFIED_CC0_RMDB	True	True	PARSE_FAIL_LENGTH_MISMATCH_REACTIVITY_VS_SEQPOS	D0XContractError: REACTIVITY:1 length does not match SEQPOS
RNAPZ14_STD_0001	RNAPZ14_STD_0001.rdat	421580021	data-puzzle	data-puzzle	VERIFIED_CC0_RMDB	True	True	PARSE_FAIL_LENGTH_MISMATCH_REACTIVITY_VS_SEQPOS	D0XContractError: REACTIVITY:1 length does not match SEQPOS
RNAPZ14_STD_0002	RNAPZ14_STD_0002.rdat	421580022	data-puzzle	data-puzzle	VERIFIED_CC0_RMDB	True	True	PARSE_FAIL_LENGTH_MISMATCH_REACTIVITY_VS_SEQPOS	D0XContractError: REACTIVITY:1 length does not match SEQPOS
RNAPZ14_STD_0003	RNAPZ14_STD_0003.rdat	421580020	data-puzzle	data-puzzle	VERIFIED_CC0_RMDB	True	True	PARSE_FAIL_LENGTH_MISMATCH_REACTIVITY_VS_SEQPOS	D0XContractError: REACTIVITY:1 length does not match SEQPOS
RNAPZ18_1M7_0000	RNAPZ18_1M7_0000.rdat	421580019	data-puzzle	data-puzzle	VERIFIED_CC0_RMDB	True	True	PARSE_SUCCESS	
RNAPZ18_STD_0000	RNAPZ18_STD_0000.rdat	421580023	data-puzzle	data-puzzle	VERIFIED_CC0_RMDB	True	True	PARSE_FAIL_MALFORMED_SEQPOS	D0XContractError: malformed SEQPOS token at ordinal 1: 'G-23'
RNAPZ5_1M7_0002	RNAPZ5_1M7_0002.rdat	421580024	data-puzzle	data-puzzle	VERIFIED_CC0_RMDB	True	True	PARSE_SUCCESS	
RNAPZ5_DMS_0002	RNAPZ5_DMS_0002.rdat	421580025	data-puzzle	data-puzzle	VERIFIED_CC0_RMDB	True	True	PARSE_SUCCESS	
RNAPZ5_HRF_0001	RNAPZ5_HRF_0001.rdat	421580026	data-puzzle	data-puzzle	VERIFIED_CC0_RMDB	True	True	PARSE_SUCCESS	
RNAPZ5_MCA_0000	RNAPZ5_MCA_0000.rdat	421580027	data-puzzle	data-puzzle	VERIFIED_CC0_RMDB	True	True	PARSE_FAIL_LENGTH_MISMATCH_REACTIVITY_VS_SEQPOS	D0XContractError: REACTIVITY:1 length does not match SEQPOS
RNAPZ5_MCA_0001	RNAPZ5_MCA_0001.rdat	421580030	data-puzzle	data-puzzle	VERIFIED_CC0_RMDB	True	True	PARSE_FAIL_LENGTH_MISMATCH_REACTIVITY_VS_SEQPOS	D0XContractError: REACTIVITY:1 length does not match SEQPOS
RNAPZ5_MCA_0002	RNAPZ5_MCA_0002.rdat	421580032	data-puzzle	data-puzzle	VERIFIED_CC0_RMDB	True	True	PARSE_FAIL_LENGTH_MISMATCH_REACTIVITY_VS_SEQPOS	D0XContractError: REACTIVITY:1 length does not match SEQPOS
RNAPZ5_NMD_0002	RNAPZ5_NMD_0002.rdat	421580033	data-puzzle	data-puzzle	VERIFIED_CC0_RMDB	True	True	PARSE_SUCCESS	
RNAPZ5_RSQ_0001	RNAPZ5_RSQ_0001.rdat	421580036	data-puzzle	data-puzzle	VERIFIED_CC0_RMDB	True	True	PARSE_SUCCESS	
RNAPZ5_STD_0000	RNAPZ5_STD_0000.rdat	421580037	data-puzzle	data-puzzle	VERIFIED_CC0_RMDB	True	True	PARSE_SUCCESS	
RNAPZ6_1M7_0002	RNAPZ6_1M7_0002.rdat	421580038	data-puzzle	data-puzzle	VERIFIED_CC0_RMDB	True	True	PARSE_FAIL_MALFORMED_SEQPOS	D0XContractError: malformed SEQPOS token at ordinal 1: '-5'
RNAPZ6_MCA_0000	RNAPZ6_MCA_0000.rdat	421580040	data-puzzle	data-puzzle	VERIFIED_CC0_RMDB	True	True	PARSE_FAIL_LENGTH_MISMATCH_REACTIVITY_VS_SEQPOS	D0XContractError: REACTIVITY:1 length does not match SEQPOS
RNAPZ6_MCA_0001	RNAPZ6_MCA_0001.rdat	421580042	data-puzzle	data-puzzle	VERIFIED_CC0_RMDB	True	True	PARSE_FAIL_LENGTH_MISMATCH_REACTIVITY_VS_SEQPOS	D0XContractError: REACTIVITY:1 length does not match SEQPOS
RNAPZ6_MCA_0002	RNAPZ6_MCA_0002.rdat	421580043	data-puzzle	data-puzzle	VERIFIED_CC0_RMDB	True	True	PARSE_FAIL_LENGTH_MISMATCH_REACTIVITY_VS_SEQPOS	D0XContractError: REACTIVITY:1 length does not match SEQPOS
RNAPZ6_MCA_0003	RNAPZ6_MCA_0003.rdat	421580044	data-puzzle	data-puzzle	VERIFIED_CC0_RMDB	True	True	PARSE_FAIL_LENGTH_MISMATCH_REACTIVITY_VS_SEQPOS	D0XContractError: REACTIVITY:1 length does not match SEQPOS
RNAPZ6_MCA_0004	RNAPZ6_MCA_0004.rdat	421580046	data-puzzle	data-puzzle	VERIFIED_CC0_RMDB	True	True	PARSE_FAIL_LENGTH_MISMATCH_REACTIVITY_VS_SEQPOS	D0XContractError: REACTIVITY:1 length does not match SEQPOS
RNAPZ6_MCA_0005	RNAPZ6_MCA_0005.rdat	421580050	data-puzzle	data-puzzle	VERIFIED_CC0_RMDB	True	True	PARSE_FAIL_LENGTH_MISMATCH_REACTIVITY_VS_SEQPOS	D0XContractError: REACTIVITY:1 length does not match SEQPOS
RNAPZ6_MCA_0006	RNAPZ6_MCA_0006.rdat	421580059	data-puzzle	data-puzzle	VERIFIED_CC0_RMDB	True	True	PARSE_FAIL_LENGTH_MISMATCH_REACTIVITY_VS_SEQPOS	D0XContractError: REACTIVITY:1 length does not match SEQPOS
RNAPZ6_MCA_0007	RNAPZ6_MCA_0007.rdat	421580069	data-puzzle	data-puzzle	VERIFIED_CC0_RMDB	True	True	PARSE_FAIL_LENGTH_MISMATCH_REACTIVITY_VS_SEQPOS	D0XContractError: REACTIVITY:1 length does not match SEQPOS
RNAPZ6_STD_0001	RNAPZ6_STD_0001.rdat	421580078	data-puzzle	data-puzzle	VERIFIED_CC0_RMDB	True	True	PARSE_SUCCESS	
RNAPZ7_1M7_0001	RNAPZ7_1M7_0001.rdat	421580080	data-puzzle	data-puzzle	VERIFIED_CC0_RMDB	True	True	PARSE_FAIL_LENGTH_MISMATCH_REACTIVITY_VS_SEQPOS	D0XContractError: REACTIVITY:1 length does not match SEQPOS
RNAPZ7_DMS_0001	RNAPZ7_DMS_0001.rdat	421580083	data-puzzle	data-puzzle	VERIFIED_CC0_RMDB	True	True	PARSE_FAIL_LENGTH_MISMATCH_REACTIVITY_VS_SEQPOS	D0XContractError: REACTIVITY:1 length does not match SEQPOS
RNAPZ7_MCA_0000	RNAPZ7_MCA_0000.rdat	421580088	data-puzzle	data-puzzle	VERIFIED_CC0_RMDB	True	True	PARSE_FAIL_LENGTH_MISMATCH_REACTIVITY_VS_SEQPOS	D0XContractError: REACTIVITY:1 length does not match SEQPOS
RNAPZ7_MCA_0001	RNAPZ7_MCA_0001.rdat	421580090	data-puzzle	data-puzzle	VERIFIED_CC0_RMDB	True	True	PARSE_FAIL_LENGTH_MISMATCH_REACTIVITY_VS_SEQPOS	D0XContractError: REACTIVITY:1 length does not match SEQPOS
RNAPZ7_NMD_0001	RNAPZ7_NMD_0001.rdat	421580093	data-puzzle	data-puzzle	VERIFIED_CC0_RMDB	True	True	PARSE_FAIL_LENGTH_MISMATCH_REACTIVITY_VS_SEQPOS	D0XContractError: REACTIVITY:1 length does not match SEQPOS
RNAPZ7_STD_0001	RNAPZ7_STD_0001.rdat	421580094	data-puzzle	data-puzzle	VERIFIED_CC0_RMDB	True	True	PARSE_FAIL_LENGTH_MISMATCH_REACTIVITY_VS_SEQPOS	D0XContractError: REACTIVITY:1 length does not match SEQPOS
RNAPZ8_1M7_0001	RNAPZ8_1M7_0001.rdat	421580095	data-puzzle	data-puzzle	VERIFIED_CC0_RMDB	True	True	PARSE_FAIL_LENGTH_MISMATCH_REACTIVITY_VS_SEQPOS	D0XContractError: REACTIVITY:1 length does not match SEQPOS
RNAPZ8_CMCT_0001	RNAPZ8_CMCT_0001.rdat	421580103	data-puzzle	data-puzzle	VERIFIED_CC0_RMDB	True	True	PARSE_FAIL_LENGTH_MISMATCH_REACTIVITY_VS_SEQPOS	D0XContractError: REACTIVITY:1 length does not match SEQPOS
RNAPZ8_DMS_0001	RNAPZ8_DMS_0001.rdat	421580108	data-puzzle	data-puzzle	VERIFIED_CC0_RMDB	True	True	PARSE_FAIL_LENGTH_MISMATCH_REACTIVITY_VS_SEQPOS	D0XContractError: REACTIVITY:1 length does not match SEQPOS
RNAPZ8_HRF_0001	RNAPZ8_HRF_0001.rdat	421580110	data-puzzle	data-puzzle	VERIFIED_CC0_RMDB	True	True	PARSE_FAIL_LENGTH_MISMATCH_REACTIVITY_VS_SEQPOS	D0XContractError: REACTIVITY:1 length does not match SEQPOS
RNAPZ8_NMD_0001	RNAPZ8_NMD_0001.rdat	421580111	data-puzzle	data-puzzle	VERIFIED_CC0_RMDB	True	True	PARSE_FAIL_LENGTH_MISMATCH_REACTIVITY_VS_SEQPOS	D0XContractError: REACTIVITY:1 length does not match SEQPOS
RNAPZ8_STD_0001	RNAPZ8_STD_0001.rdat	421580112	data-puzzle	data-puzzle	VERIFIED_CC0_RMDB	True	True	PARSE_FAIL_LENGTH_MISMATCH_REACTIVITY_VS_SEQPOS	D0XContractError: REACTIVITY:1 length does not match SEQPOS
RNAPZ9_1M7_0001	RNAPZ9_1M7_0001.rdat	421580117	data-puzzle	data-puzzle	VERIFIED_CC0_RMDB	True	True	PARSE_FAIL_LENGTH_MISMATCH_REACTIVITY_VS_SEQPOS	D0XContractError: REACTIVITY:1 length does not match SEQPOS
RNAPZ9_ALG_0001	RNAPZ9_ALG_0001.rdat	421580119	data-puzzle	data-puzzle	VERIFIED_CC0_RMDB	True	True	PARSE_FAIL_LENGTH_MISMATCH_REACTIVITY_VS_SEQPOS	D0XContractError: REACTIVITY:1 length does not match SEQPOS
RNAPZ9_CMCT_0001	RNAPZ9_CMCT_0001.rdat	421580120	data-puzzle	data-puzzle	VERIFIED_CC0_RMDB	True	True	PARSE_FAIL_LENGTH_MISMATCH_REACTIVITY_VS_SEQPOS	D0XContractError: REACTIVITY:1 length does not match SEQPOS
RNAPZ9_DMS_0001	RNAPZ9_DMS_0001.rdat	421580123	data-puzzle	data-puzzle	VERIFIED_CC0_RMDB	True	True	PARSE_FAIL_LENGTH_MISMATCH_REACTIVITY_VS_SEQPOS	D0XContractError: REACTIVITY:1 length does not match SEQPOS
RNAPZ9_HRF_0001	RNAPZ9_HRF_0001.rdat	421580126	data-puzzle	data-puzzle	VERIFIED_CC0_RMDB	True	True	PARSE_FAIL_LENGTH_MISMATCH_REACTIVITY_VS_SEQPOS	D0XContractError: REACTIVITY:1 length does not match SEQPOS
RNAPZ9_NMD_0001	RNAPZ9_NMD_0001.rdat	421580130	data-puzzle	data-puzzle	VERIFIED_CC0_RMDB	True	True	PARSE_FAIL_LENGTH_MISMATCH_REACTIVITY_VS_SEQPOS	D0XContractError: REACTIVITY:1 length does not match SEQPOS
RNAPZ9_STD_0001	RNAPZ9_STD_0001.rdat	421580131	data-puzzle	data-puzzle	VERIFIED_CC0_RMDB	True	True	PARSE_FAIL_LENGTH_MISMATCH_REACTIVITY_VS_SEQPOS	D0XContractError: REACTIVITY:1 length does not match SEQPOS
RNASEP_1M7_0001	RNASEP_1M7_0001.rdat	421582667	data-rna-structures	data-rna-structures	VERIFIED_CC0_RMDB	True	True	PARSE_FAIL_MISSING_REACTIVITY_ROWS	D0XContractError: missing REACTIVITY rows
RNASEP_1M7_0002	RNASEP_1M7_0002.rdat	421582674	data-rna-structures	data-rna-structures	VERIFIED_CC0_RMDB	True	True	PARSE_FAIL_LENGTH_MISMATCH_REACTIVITY_VS_SEQPOS	D0XContractError: REACTIVITY:1 length does not match SEQPOS
RNASEP_1M7_0003	RNASEP_1M7_0003.rdat	421582706	data-rna-structures	data-rna-structures	VERIFIED_CC0_RMDB	True	True	PARSE_FAIL_LENGTH_MISMATCH_REACTIVITY_VS_SEQPOS	D0XContractError: REACTIVITY:1 length does not match SEQPOS
RNASEP_DMS_0000	RNASEP_DMS_0000.rdat	421582719	data-rna-structures	data-rna-structures	VERIFIED_CC0_RMDB	True	True	PARSE_SUCCESS	
RNASEP_DMS_0001	RNASEP_DMS_0001.rdat	421582727	data-rna-structures	data-rna-structures	VERIFIED_CC0_RMDB	True	True	PARSE_SUCCESS	
RNASEP_DMS_0002	RNASEP_DMS_0002.rdat	421582735	data-rna-structures	data-rna-structures	VERIFIED_CC0_RMDB	True	True	PARSE_SUCCESS	
RNASEP_RSQ_0000	RNASEP_RSQ_0000.rdat	421582738	data-rna-structures	data-rna-structures	VERIFIED_CC0_RMDB	True	True	PARSE_FAIL_MALFORMED_SEQPOS	D0XContractError: malformed SEQPOS token at ordinal 1: 'G-4'
RNASEP_SHP_0000	RNASEP_SHP_0000.rdat	421582745	data-rna-structures	data-rna-structures	VERIFIED_CC0_RMDB	True	True	PARSE_SUCCESS	
RNASEP_SHP_0001	RNASEP_SHP_0001.rdat	421582746	data-rna-structures	data-rna-structures	VERIFIED_CC0_RMDB	True	True	PARSE_SUCCESS	
RNPSC_1M7_0001	RNPSC_1M7_0001.rdat	421582751	data-rna-structures	data-rna-structures	VERIFIED_CC0_RMDB	True	True	PARSE_FAIL_LENGTH_MISMATCH_REACTIVITY_VS_SEQPOS	D0XContractError: REACTIVITY:1 length does not match SEQPOS
RNPSC_1M7_0002	RNPSC_1M7_0002.rdat	421582754	data-rna-structures	data-rna-structures	VERIFIED_CC0_RMDB	True	True	PARSE_FAIL_LENGTH_MISMATCH_REACTIVITY_VS_SEQPOS	D0XContractError: REACTIVITY:1 length does not match SEQPOS
RNPSC_1M7_0003	RNPSC_1M7_0003.rdat	421582758	data-rna-structures	data-rna-structures	VERIFIED_CC0_RMDB	True	True	PARSE_FAIL_LENGTH_MISMATCH_REACTIVITY_VS_SEQPOS	D0XContractError: REACTIVITY:1 length does not match SEQPOS
RNPSC_1M7_0004	RNPSC_1M7_0004.rdat	421582760	data-rna-structures	data-rna-structures	VERIFIED_CC0_RMDB	True	True	PARSE_FAIL_LENGTH_MISMATCH_REACTIVITY_VS_SEQPOS	D0XContractError: REACTIVITY:1 length does not match SEQPOS
RNPSC_1M7_0005	RNPSC_1M7_0005.rdat	421582796	data-rna-structures	data-rna-structures	VERIFIED_CC0_RMDB	True	True	PARSE_FAIL_LENGTH_MISMATCH_REACTIVITY_VS_SEQPOS	D0XContractError: REACTIVITY:1 length does not match SEQPOS
RNPSC_1M7_0006	RNPSC_1M7_0006.rdat	421582801	data-rna-structures	data-rna-structures	VERIFIED_CC0_RMDB	True	True	PARSE_FAIL_LENGTH_MISMATCH_REACTIVITY_VS_SEQPOS	D0XContractError: REACTIVITY:1 length does not match SEQPOS
RSTRND_2A3_0000	RSTRND_2A3_0000.rdat	421582803	data-rna-structures	data-rna-structures	VERIFIED_CC0_RMDB	True	True	PARSE_SUCCESS	
RSTRND_DMS_0000	RSTRND_DMS_0000.rdat	421582896	data-rna-structures	data-rna-structures	VERIFIED_CC0_RMDB	True	True	PARSE_SUCCESS	
RYOS1_50C_0000	RYOS1_50C_0000.rdat	421579829	data-eterna	data-eterna	VERIFIED_CC0_RMDB	True	True	PARSE_SUCCESS	
RYOS1_MG50_0000	RYOS1_MG50_0000.rdat	421579847	data-eterna	data-eterna	VERIFIED_CC0_RMDB	True	True	PARSE_SUCCESS	
RYOS1_MGPH_0000	RYOS1_MGPH_0000.rdat	421579848	data-eterna	data-eterna	VERIFIED_CC0_RMDB	True	True	PARSE_SUCCESS	
RYOS1_NMD_0000	RYOS1_NMD_0000.rdat	421579863	data-eterna	data-eterna	VERIFIED_CC0_RMDB	True	True	PARSE_FAIL_MALFORMED_SEQPOS	D0XContractError: malformed SEQPOS token at ordinal 1: 'X0'
RYOS1_PH10_0000	RYOS1_PH10_0000.rdat	421579864	data-eterna	data-eterna	VERIFIED_CC0_RMDB	True	True	PARSE_SUCCESS	
RYOS2_1M7_0000	RYOS2_1M7_0000.rdat	421579872	data-eterna	data-eterna	VERIFIED_CC0_RMDB	True	True	PARSE_SUCCESS	
RYOS2_MG50_0000	RYOS2_MG50_0000.rdat	421579883	data-eterna	data-eterna	VERIFIED_CC0_RMDB	True	True	PARSE_SUCCESS	
RYOS2_MGPH_0000	RYOS2_MGPH_0000.rdat	421579891	data-eterna	data-eterna	VERIFIED_CC0_RMDB	True	True	PARSE_SUCCESS	
RYOSFL_MOD_0001	RYOSFL_MOD_0001.rdat	421580470	data-riboswitches	data-riboswitches	VERIFIED_CC0_RMDB	True	True	PARSE_SUCCESS	
RYOSFL_MOD_0002	RYOSFL_MOD_0002.rdat	421580473	data-riboswitches	data-riboswitches	VERIFIED_CC0_RMDB	True	True	PARSE_SUCCESS	
RYOSFL_MOD_0003	RYOSFL_MOD_0003.rdat	421580474	data-riboswitches	data-riboswitches	VERIFIED_CC0_RMDB	True	True	PARSE_SUCCESS	
RYOSFL_MOD_0004	RYOSFL_MOD_0004.rdat	421580475	data-riboswitches	data-riboswitches	VERIFIED_CC0_RMDB	True	True	PARSE_SUCCESS	
RYOSFL_MOD_0005	RYOSFL_MOD_0005.rdat	421580476	data-riboswitches	data-riboswitches	VERIFIED_CC0_RMDB	True	True	PARSE_SUCCESS	
RYOSFL_MOD_0006	RYOSFL_MOD_0006.rdat	421580477	data-riboswitches	data-riboswitches	VERIFIED_CC0_RMDB	True	True	PARSE_SUCCESS	
RYOSFL_MOD_0007	RYOSFL_MOD_0007.rdat	421580479	data-riboswitches	data-riboswitches	VERIFIED_CC0_RMDB	True	True	PARSE_SUCCESS	
RYOSFL_MOD_0008	RYOSFL_MOD_0008.rdat	421580480	data-riboswitches	data-riboswitches	VERIFIED_CC0_RMDB	True	True	PARSE_SUCCESS	
SAM4APO_DMS_0000	SAM4APO_DMS_0000.rdat	421580481	data-riboswitches	data-riboswitches	VERIFIED_CC0_RMDB	True	True	PARSE_FAIL_ANNOTATION_MISSING_SEPARATOR	D0XContractError: annotation token lacks key/value separator at line 14: ''
SAM4SAM_DMS_0000	SAM4SAM_DMS_0000.rdat	421580482	data-riboswitches	data-riboswitches	VERIFIED_CC0_RMDB	True	True	PARSE_FAIL_ANNOTATION_MISSING_SEPARATOR	D0XContractError: annotation token lacks key/value separator at line 14: ''
SAMRSW_1M7_0001	SAMRSW_1M7_0001.rdat	421580496	data-riboswitches	data-riboswitches	VERIFIED_CC0_RMDB	True	True	PARSE_FAIL_LENGTH_MISMATCH_REACTIVITY_VS_SEQPOS	D0XContractError: REACTIVITY:1 length does not match SEQPOS
SAMRSW_1M7_0002	SAMRSW_1M7_0002.rdat	421580494	data-riboswitches	data-riboswitches	VERIFIED_CC0_RMDB	True	True	PARSE_FAIL_LENGTH_MISMATCH_REACTIVITY_VS_SEQPOS	D0XContractError: REACTIVITY:1 length does not match SEQPOS
SAMRSW_1M7_0003	SAMRSW_1M7_0003.rdat	421580495	data-riboswitches	data-riboswitches	VERIFIED_CC0_RMDB	True	True	PARSE_FAIL_LENGTH_MISMATCH_REACTIVITY_VS_SEQPOS	D0XContractError: REACTIVITY:1 length does not match SEQPOS
SAMSC_1M7_0001	SAMSC_1M7_0001.rdat	421580497	data-riboswitches	data-riboswitches	VERIFIED_CC0_RMDB	True	True	PARSE_FAIL_LENGTH_MISMATCH_REACTIVITY_VS_SEQPOS	D0XContractError: REACTIVITY:1 length does not match SEQPOS
SAMSC_1M7_0002	SAMSC_1M7_0002.rdat	421580498	data-riboswitches	data-riboswitches	VERIFIED_CC0_RMDB	True	True	PARSE_FAIL_LENGTH_MISMATCH_REACTIVITY_VS_SEQPOS	D0XContractError: REACTIVITY:1 length does not match SEQPOS
SAMSC_1M7_0003	SAMSC_1M7_0003.rdat	421580499	data-riboswitches	data-riboswitches	VERIFIED_CC0_RMDB	True	True	PARSE_FAIL_LENGTH_MISMATCH_REACTIVITY_VS_SEQPOS	D0XContractError: REACTIVITY:1 length does not match SEQPOS
SCARNA6_DMS_0000	SCARNA6_DMS_0000.rdat	421592804	data-general	data-general	VERIFIED_CC0_RMDB	True	True	PARSE_FAIL_ANNOTATION_MISSING_SEPARATOR	D0XContractError: annotation token lacks key/value separator at line 14: ''
SCONTR_1M7_0001	SCONTR_1M7_0001.rdat	421580500	data-riboswitches	data-riboswitches	VERIFIED_CC0_RMDB	True	True	PARSE_SUCCESS	
SHAPE_RYOS_0620	SHAPE_RYOS_0620.rdat	421579894	data-eterna	data-eterna	VERIFIED_CC0_RMDB	True	True	PARSE_SUCCESS	
SHPKNT_2A3_0000	SHPKNT_2A3_0000.rdat	421583065	data-rna-structures	data-rna-structures	VERIFIED_CC0_RMDB	True	True	PARSE_SUCCESS	
SHPKNT_DMS_0000	SHPKNT_DMS_0000.rdat	421583063	data-rna-structures	data-rna-structures	VERIFIED_CC0_RMDB	True	True	PARSE_SUCCESS	
SL5CV2_2A3_0001	SL5CV2_2A3_0001.rdat	421583068	data-rna-structures	data-rna-structures	VERIFIED_CC0_RMDB	True	True	PARSE_FAIL_ANNOTATION_MISSING_SEPARATOR	D0XContractError: annotation token lacks key/value separator at line 15: ''
SL5CV2_DMS_0001	SL5CV2_DMS_0001.rdat	421583064	data-rna-structures	data-rna-structures	VERIFIED_CC0_RMDB	True	True	PARSE_FAIL_ANNOTATION_MISSING_SEPARATOR	D0XContractError: annotation token lacks key/value separator at line 15: ''
SL5CV2_NOM_0001	SL5CV2_NOM_0001.rdat	421583066	data-rna-structures	data-rna-structures	VERIFIED_CC0_RMDB	True	True	PARSE_FAIL_ANNOTATION_MISSING_SEPARATOR	D0XContractError: annotation token lacks key/value separator at line 14: ''
SL5CV2_NOM_0002	SL5CV2_NOM_0002.rdat	421583075	data-rna-structures	data-rna-structures	VERIFIED_CC0_RMDB	True	True	PARSE_FAIL_ANNOTATION_MISSING_SEPARATOR	D0XContractError: annotation token lacks key/value separator at line 15: ''
SL5HKU_2A3_0001	SL5HKU_2A3_0001.rdat	421583076	data-rna-structures	data-rna-structures	VERIFIED_CC0_RMDB	True	True	PARSE_FAIL_ANNOTATION_MISSING_SEPARATOR	D0XContractError: annotation token lacks key/value separator at line 15: ''
SL5HKU_DMS_0001	SL5HKU_DMS_0001.rdat	421583077	data-rna-structures	data-rna-structures	VERIFIED_CC0_RMDB	True	True	PARSE_FAIL_ANNOTATION_MISSING_SEPARATOR	D0XContractError: annotation token lacks key/value separator at line 15: ''
SL5HKU_NOM_0001	SL5HKU_NOM_0001.rdat	421583078	data-rna-structures	data-rna-structures	VERIFIED_CC0_RMDB	True	True	PARSE_FAIL_ANNOTATION_MISSING_SEPARATOR	D0XContractError: annotation token lacks key/value separator at line 15: ''
SL5HKU_NOM_0002	SL5HKU_NOM_0002.rdat	421583080	data-rna-structures	data-rna-structures	VERIFIED_CC0_RMDB	True	True	PARSE_FAIL_ANNOTATION_MISSING_SEPARATOR	D0XContractError: annotation token lacks key/value separator at line 15: ''
SL5MER_2A3_0001	SL5MER_2A3_0001.rdat	421583083	data-rna-structures	data-rna-structures	VERIFIED_CC0_RMDB	True	True	PARSE_FAIL_ANNOTATION_MISSING_SEPARATOR	D0XContractError: annotation token lacks key/value separator at line 15: ''
SL5MER_DMS_0001	SL5MER_DMS_0001.rdat	421583084	data-rna-structures	data-rna-structures	VERIFIED_CC0_RMDB	True	True	PARSE_FAIL_ANNOTATION_MISSING_SEPARATOR	D0XContractError: annotation token lacks key/value separator at line 15: ''
SL5MER_NOM_0001	SL5MER_NOM_0001.rdat	421583086	data-rna-structures	data-rna-structures	VERIFIED_CC0_RMDB	True	True	PARSE_FAIL_ANNOTATION_MISSING_SEPARATOR	D0XContractError: annotation token lacks key/value separator at line 15: ''
SL5MER_NOM_0002	SL5MER_NOM_0002.rdat	421583087	data-rna-structures	data-rna-structures	VERIFIED_CC0_RMDB	True	True	PARSE_FAIL_ANNOTATION_MISSING_SEPARATOR	D0XContractError: annotation token lacks key/value separator at line 15: ''
SPINACH_DMS_0000	SPINACH_DMS_0000.rdat	421592806	data-general	data-general	VERIFIED_CC0_RMDB	True	True	PARSE_FAIL_ANNOTATION_MISSING_SEPARATOR	D0XContractError: annotation token lacks key/value separator at line 14: ''
SPINACH_M2G4_0001	SPINACH_M2G4_0001.rdat	421875676	data-general	data-general	VERIFIED_CC0_RMDB	True	True	PARSE_FAIL_ANNOTATION_MISSING_SEPARATOR	D0XContractError: annotation token lacks key/value separator at line 14: ''
SRP21CR_BZCN_0001	SRP21CR_BZCN_0001.rdat	421583088	data-rna-structures	data-rna-structures	VERIFIED_CC0_RMDB	True	True	PARSE_FAIL_MISSING_REACTIVITY_ROWS	D0XContractError: missing REACTIVITY rows
SRP21CR_BZCN_0002	SRP21CR_BZCN_0002.rdat	421583092	data-rna-structures	data-rna-structures	VERIFIED_CC0_RMDB	True	True	PARSE_FAIL_MISSING_REACTIVITY_ROWS	D0XContractError: missing REACTIVITY rows
SRP21CR_BZCN_0003	SRP21CR_BZCN_0003.rdat	421583093	data-rna-structures	data-rna-structures	VERIFIED_CC0_RMDB	True	True	PARSE_FAIL_MISSING_REACTIVITY_ROWS	D0XContractError: missing REACTIVITY rows
SRPDIV_DMS_0001	SRPDIV_DMS_0001.rdat	421583094	data-rna-structures	data-rna-structures	VERIFIED_CC0_RMDB	True	True	PARSE_FAIL_MALFORMED_SEQPOS	D0XContractError: malformed SEQPOS token at ordinal 1: '-19'
SRPECLI_BZCN_0001	SRPECLI_BZCN_0001.rdat	421583096	data-rna-structures	data-rna-structures	VERIFIED_CC0_RMDB	True	True	PARSE_FAIL_MISSING_REACTIVITY_ROWS	D0XContractError: missing REACTIVITY rows
SRPECLI_BZCN_0002	SRPECLI_BZCN_0002.rdat	421583097	data-rna-structures	data-rna-structures	VERIFIED_CC0_RMDB	True	True	PARSE_FAIL_MISSING_REACTIVITY_ROWS	D0XContractError: missing REACTIVITY rows
SRPECLI_BZCN_0003	SRPECLI_BZCN_0003.rdat	421583099	data-rna-structures	data-rna-structures	VERIFIED_CC0_RMDB	True	True	PARSE_FAIL_MISSING_REACTIVITY_ROWS	D0XContractError: missing REACTIVITY rows
SRPECLI_BZCN_0004	SRPECLI_BZCN_0004.rdat	421583100	data-rna-structures	data-rna-structures	VERIFIED_CC0_RMDB	True	True	PARSE_FAIL_MISSING_REACTIVITY_ROWS	D0XContractError: missing REACTIVITY rows
SRPECLI_DMS_0001	SRPECLI_DMS_0001.rdat	421583102	data-rna-structures	data-rna-structures	VERIFIED_CC0_RMDB	True	True	PARSE_FAIL_MISSING_REACTIVITY_ROWS	D0XContractError: missing REACTIVITY rows
SRPECLI_DMS_0002	SRPECLI_DMS_0002.rdat	421583101	data-rna-structures	data-rna-structures	VERIFIED_CC0_RMDB	True	True	PARSE_FAIL_MISSING_REACTIVITY_ROWS	D0XContractError: missing REACTIVITY rows
SRPECLI_DMS_0003	SRPECLI_DMS_0003.rdat	421583103	data-rna-structures	data-rna-structures	VERIFIED_CC0_RMDB	True	True	PARSE_FAIL_MISSING_REACTIVITY_ROWS	D0XContractError: missing REACTIVITY rows
SRPU21C_BZCN_0001	SRPU21C_BZCN_0001.rdat	421583105	data-rna-structures	data-rna-structures	VERIFIED_CC0_RMDB	True	True	PARSE_FAIL_MISSING_REACTIVITY_ROWS	D0XContractError: missing REACTIVITY rows
SRPU21C_BZCN_0002	SRPU21C_BZCN_0002.rdat	421583104	data-rna-structures	data-rna-structures	VERIFIED_CC0_RMDB	True	True	PARSE_FAIL_MISSING_REACTIVITY_ROWS	D0XContractError: missing REACTIVITY rows
SRPU21C_BZCN_0003	SRPU21C_BZCN_0003.rdat	421583106	data-rna-structures	data-rna-structures	VERIFIED_CC0_RMDB	True	True	PARSE_FAIL_MISSING_REACTIVITY_ROWS	D0XContractError: missing REACTIVITY rows
SRPU21C_BZCN_0004	SRPU21C_BZCN_0004.rdat	421583107	data-rna-structures	data-rna-structures	VERIFIED_CC0_RMDB	True	True	PARSE_FAIL_MISSING_REACTIVITY_ROWS	D0XContractError: missing REACTIVITY rows
SRPU21C_BZCN_0005	SRPU21C_BZCN_0005.rdat	421583108	data-rna-structures	data-rna-structures	VERIFIED_CC0_RMDB	True	True	PARSE_FAIL_MISSING_REACTIVITY_ROWS	D0XContractError: missing REACTIVITY rows
SRSBCV_2A3_0000	SRSBCV_2A3_0000.rdat	421583110	data-rna-structures	data-rna-structures	VERIFIED_CC0_RMDB	True	True	PARSE_SUCCESS	
SRSBCV_2A3_0001	SRSBCV_2A3_0001.rdat	421583114	data-rna-structures	data-rna-structures	VERIFIED_CC0_RMDB	True	True	PARSE_SUCCESS	
SRSBCV_2A3_0002	SRSBCV_2A3_0002.rdat	421583115	data-rna-structures	data-rna-structures	VERIFIED_CC0_RMDB	True	True	PARSE_SUCCESS	
SRSBCV_2A3_0003	SRSBCV_2A3_0003.rdat	421583116	data-rna-structures	data-rna-structures	VERIFIED_CC0_RMDB	True	True	PARSE_SUCCESS	
SRSBCV_2A3_0004	SRSBCV_2A3_0004.rdat	421583117	data-rna-structures	data-rna-structures	VERIFIED_CC0_RMDB	True	True	PARSE_SUCCESS	
SRSBCV_2A3_0005	SRSBCV_2A3_0005.rdat	421584102	data-rna-structures	data-rna-structures	VERIFIED_CC0_RMDB	True	True	PARSE_SUCCESS	
SRSBCV_2A3_0006	SRSBCV_2A3_0006.rdat	421584143	data-rna-structures	data-rna-structures	VERIFIED_CC0_RMDB	True	True	PARSE_SUCCESS	
SRSBCV_DMS_0000	SRSBCV_DMS_0000.rdat	421584163	data-rna-structures	data-rna-structures	VERIFIED_CC0_RMDB	True	True	PARSE_SUCCESS	
SRSBCV_DMS_0001	SRSBCV_DMS_0001.rdat	421584346	data-rna-structures	data-rna-structures	VERIFIED_CC0_RMDB	True	True	PARSE_SUCCESS	
SRSBCV_DMS_0002	SRSBCV_DMS_0002.rdat	421584390	data-rna-structures	data-rna-structures	VERIFIED_CC0_RMDB	True	True	PARSE_SUCCESS	
SRSBCV_DMS_0003	SRSBCV_DMS_0003.rdat	421584956	data-rna-structures	data-rna-structures	VERIFIED_CC0_RMDB	True	True	PARSE_SUCCESS	
SRSBCV_DMS_0004	SRSBCV_DMS_0004.rdat	421585357	data-rna-structures	data-rna-structures	VERIFIED_CC0_RMDB	True	True	PARSE_SUCCESS	
SRSBCV_DMS_0005	SRSBCV_DMS_0005.rdat	421585913	data-rna-structures	data-rna-structures	VERIFIED_CC0_RMDB	True	True	PARSE_SUCCESS	
SRSBCV_DMS_0006	SRSBCV_DMS_0006.rdat	421585922	data-rna-structures	data-rna-structures	VERIFIED_CC0_RMDB	True	True	PARSE_SUCCESS	
STTR01_1M7_0001	STTR01_1M7_0001.rdat	421592827	data-general	data-general	VERIFIED_CC0_RMDB	True	True	PARSE_SUCCESS	
STTR02_1M7_0001	STTR02_1M7_0001.rdat	421592837	data-general	data-general	VERIFIED_CC0_RMDB	True	True	PARSE_SUCCESS	
STTR03_1M7_0001	STTR03_1M7_0001.rdat	421592839	data-general	data-general	VERIFIED_CC0_RMDB	True	True	PARSE_SUCCESS	
STTR04_1M7_0001	STTR04_1M7_0001.rdat	421592842	data-general	data-general	VERIFIED_CC0_RMDB	True	True	PARSE_SUCCESS	
STTR06_1M7_0001	STTR06_1M7_0001.rdat	421592847	data-general	data-general	VERIFIED_CC0_RMDB	True	True	PARSE_SUCCESS	
STTR07_1M7_0001	STTR07_1M7_0001.rdat	421592848	data-general	data-general	VERIFIED_CC0_RMDB	True	True	PARSE_SUCCESS	
STTR08_1M7_0001	STTR08_1M7_0001.rdat	421592850	data-general	data-general	VERIFIED_CC0_RMDB	True	True	PARSE_SUCCESS	
STTR09_1M7_0001	STTR09_1M7_0001.rdat	421592851	data-general	data-general	VERIFIED_CC0_RMDB	True	True	PARSE_SUCCESS	
STTR10_1M7_0001	STTR10_1M7_0001.rdat	421592852	data-general	data-general	VERIFIED_CC0_RMDB	True	True	PARSE_SUCCESS	
STTR11_1M7_0001	STTR11_1M7_0001.rdat	421592854	data-general	data-general	VERIFIED_CC0_RMDB	True	True	PARSE_SUCCESS	
STTR12_1M7_0001	STTR12_1M7_0001.rdat	421592853	data-general	data-general	VERIFIED_CC0_RMDB	True	True	PARSE_SUCCESS	
STTR13_1M7_0001	STTR13_1M7_0001.rdat	421592856	data-general	data-general	VERIFIED_CC0_RMDB	True	True	PARSE_SUCCESS	
STTR14_1M7_0001	STTR14_1M7_0001.rdat	421592862	data-general	data-general	VERIFIED_CC0_RMDB	True	True	PARSE_SUCCESS	
STTR15_1M7_0001	STTR15_1M7_0001.rdat	421592858	data-general	data-general	VERIFIED_CC0_RMDB	True	True	PARSE_SUCCESS	
STTR16_1M7_0001	STTR16_1M7_0001.rdat	421592857	data-general	data-general	VERIFIED_CC0_RMDB	True	True	PARSE_SUCCESS	
STTR21_1M7_0001	STTR21_1M7_0001.rdat	421592860	data-general	data-general	VERIFIED_CC0_RMDB	True	True	PARSE_FAIL_NON_NUMERIC_REACTIVITY	D0XContractError: non-numeric value in REACTIVITY:1: '9.98E-05    0.000361364    1.72E-05    2.91E-05    0.000100889    0.000113881    0.00014629    2.82E-05    0.000188258    7.77E-05    0.000389828    9.99E-05    4.15E-05    3.59E-05    1.22E-05    0.000119777    9.18E-05    9.57E-06    8.32E-06    6.33E-05    2.33E-05    0.000215128    6.48E-05    1.74E-05    7.07E-05    0.00019238    0.000325506    2.97E-05    3.67E-05    2.60E-06    7.61E-06    1.79E-06    0    0    3.65E-06    6.31E-06    0    7.28E-06    2.07E-05    3.42E-06    7.70E-05    2.54E-05    1.29E-06'
SYN41_M1A_0001	SYN41_M1A_0001.rdat	421592861	data-general	data-general	VERIFIED_CC0_RMDB	True	True	PARSE_FAIL_MALFORMED_SEQPOS	D0XContractError: malformed SEQPOS token at ordinal 1: 'N-29'
TAR10_1M7_0001	TAR10_1M7_0001.rdat	421592868	data-general	data-general	VERIFIED_CC0_RMDB	True	True	PARSE_FAIL_MISSING_REACTIVITY_ROWS	D0XContractError: missing REACTIVITY rows
TAR12_1M7_0001	TAR12_1M7_0001.rdat	421592865	data-general	data-general	VERIFIED_CC0_RMDB	True	True	PARSE_FAIL_MISSING_REACTIVITY_ROWS	D0XContractError: missing REACTIVITY rows
TBWND_1M7_0000	TBWND_1M7_0000.rdat	421592866	data-general	data-general	VERIFIED_CC0_RMDB	True	True	PARSE_SUCCESS	
TBWND_1M7_0001	TBWND_1M7_0001.rdat	421592873	data-general	data-general	VERIFIED_CC0_RMDB	True	True	PARSE_SUCCESS	
THERM1_DMS_0001	THERM1_DMS_0001.rdat	421592874	data-general	data-general	VERIFIED_CC0_RMDB	True	True	PARSE_FAIL_LENGTH_MISMATCH_REACTIVITY_VS_SEQPOS	D0XContractError: REACTIVITY:1 length does not match SEQPOS
THERM1_GLX_0001	THERM1_GLX_0001.rdat	421592882	data-general	data-general	VERIFIED_CC0_RMDB	True	True	PARSE_FAIL_LENGTH_MISMATCH_REACTIVITY_VS_SEQPOS	D0XContractError: REACTIVITY:1 length does not match SEQPOS
THERM2_DMS_0001	THERM2_DMS_0001.rdat	421592885	data-general	data-general	VERIFIED_CC0_RMDB	True	True	PARSE_FAIL_LENGTH_MISMATCH_REACTIVITY_VS_SEQPOS	D0XContractError: REACTIVITY:1 length does not match SEQPOS
THERM2_GLX_0001	THERM2_GLX_0001.rdat	421592887	data-general	data-general	VERIFIED_CC0_RMDB	True	True	PARSE_FAIL_LENGTH_MISMATCH_REACTIVITY_VS_SEQPOS	D0XContractError: REACTIVITY:1 length does not match SEQPOS
TODEX_1M7_0000	TODEX_1M7_0000.rdat	421592888	data-general	data-general	VERIFIED_CC0_RMDB	True	True	PARSE_SUCCESS	
TODEX_DMS_0000	TODEX_DMS_0000.rdat	421592906	data-general	data-general	VERIFIED_CC0_RMDB	True	True	PARSE_SUCCESS	
TODS1_1M7_0001	TODS1_1M7_0001.rdat	421592905	data-general	data-general	VERIFIED_CC0_RMDB	True	True	PARSE_SUCCESS	
TODS1_1M7_0002	TODS1_1M7_0002.rdat	421592907	data-general	data-general	VERIFIED_CC0_RMDB	True	True	PARSE_SUCCESS	
TODS1_DMS_0001	TODS1_DMS_0001.rdat	421592903	data-general	data-general	VERIFIED_CC0_RMDB	True	True	PARSE_SUCCESS	
TODS7_1M7_0001	TODS7_1M7_0001.rdat	421592904	data-general	data-general	VERIFIED_CC0_RMDB	True	True	PARSE_SUCCESS	
TODS7_1M7_0002	TODS7_1M7_0002.rdat	421592910	data-general	data-general	VERIFIED_CC0_RMDB	True	True	PARSE_SUCCESS	
TODS7_DMS_0001	TODS7_DMS_0001.rdat	421592911	data-general	data-general	VERIFIED_CC0_RMDB	True	True	PARSE_SUCCESS	
TODS7_MUT_0001	TODS7_MUT_0001.rdat	421592912	data-general	data-general	VERIFIED_CC0_RMDB	True	True	PARSE_SUCCESS	
TODS7_TRM_0001	TODS7_TRM_0001.rdat	421592913	data-general	data-general	VERIFIED_CC0_RMDB	True	True	PARSE_SUCCESS	
TPPRSW_1M7_0001	TPPRSW_1M7_0001.rdat	421580501	data-riboswitches	data-riboswitches	VERIFIED_CC0_RMDB	True	True	PARSE_FAIL_LENGTH_MISMATCH_REACTIVITY_VS_SEQPOS	D0XContractError: REACTIVITY:1 length does not match SEQPOS
TPPRSW_1M7_0002	TPPRSW_1M7_0002.rdat	421580503	data-riboswitches	data-riboswitches	VERIFIED_CC0_RMDB	True	True	PARSE_FAIL_LENGTH_MISMATCH_REACTIVITY_VS_SEQPOS	D0XContractError: REACTIVITY:1 length does not match SEQPOS
TPPRSW_1M7_0003	TPPRSW_1M7_0003.rdat	421580504	data-riboswitches	data-riboswitches	VERIFIED_CC0_RMDB	True	True	PARSE_FAIL_LENGTH_MISMATCH_REACTIVITY_VS_SEQPOS	D0XContractError: REACTIVITY:1 length does not match SEQPOS
TPPRSW_DMS_0000	TPPRSW_DMS_0000.rdat	421580505	data-riboswitches	data-riboswitches	VERIFIED_CC0_RMDB	True	True	PARSE_SUCCESS	
TPPRSW_DMS_0001	TPPRSW_DMS_0001.rdat	421580506	data-riboswitches	data-riboswitches	VERIFIED_CC0_RMDB	True	True	PARSE_SUCCESS	
TPPRSW_DMS_0002	TPPRSW_DMS_0002.rdat	421580507	data-riboswitches	data-riboswitches	VERIFIED_CC0_RMDB	True	True	PARSE_SUCCESS	
TPPRSW_DMS_0003	TPPRSW_DMS_0003.rdat	421580508	data-riboswitches	data-riboswitches	VERIFIED_CC0_RMDB	True	True	PARSE_SUCCESS	
TPPRSW_DMS_0004	TPPRSW_DMS_0004.rdat	421580509	data-riboswitches	data-riboswitches	VERIFIED_CC0_RMDB	True	True	PARSE_SUCCESS	
TPPRSW_DMS_0005	TPPRSW_DMS_0005.rdat	421580511	data-riboswitches	data-riboswitches	VERIFIED_CC0_RMDB	True	True	PARSE_SUCCESS	
TPPSC_1M7_0001	TPPSC_1M7_0001.rdat	421580512	data-riboswitches	data-riboswitches	VERIFIED_CC0_RMDB	True	True	PARSE_FAIL_LENGTH_MISMATCH_REACTIVITY_VS_SEQPOS	D0XContractError: REACTIVITY:1 length does not match SEQPOS
TPPSC_1M7_0002	TPPSC_1M7_0002.rdat	421580513	data-riboswitches	data-riboswitches	VERIFIED_CC0_RMDB	True	True	PARSE_FAIL_LENGTH_MISMATCH_REACTIVITY_VS_SEQPOS	D0XContractError: REACTIVITY:1 length does not match SEQPOS
TPPSC_1M7_0003	TPPSC_1M7_0003.rdat	421580514	data-riboswitches	data-riboswitches	VERIFIED_CC0_RMDB	True	True	PARSE_FAIL_LENGTH_MISMATCH_REACTIVITY_VS_SEQPOS	D0XContractError: REACTIVITY:1 length does not match SEQPOS
TPPSC_1M7_0004	TPPSC_1M7_0004.rdat	421580515	data-riboswitches	data-riboswitches	VERIFIED_CC0_RMDB	True	True	PARSE_FAIL_MISSING_REACTIVITY_ROWS	D0XContractError: missing REACTIVITY rows
TPPSC_1M7_0005	TPPSC_1M7_0005.rdat	421580517	data-riboswitches	data-riboswitches	VERIFIED_CC0_RMDB	True	True	PARSE_FAIL_MISSING_REACTIVITY_ROWS	D0XContractError: missing REACTIVITY rows
TRIBSC_1M7_0001	TRIBSC_1M7_0001.rdat	421592914	data-general	data-general	VERIFIED_CC0_RMDB	True	True	PARSE_FAIL_LENGTH_MISMATCH_REACTIVITY_VS_SEQPOS	D0XContractError: REACTIVITY:1 length does not match SEQPOS
TRIBSC_1M7_0002	TRIBSC_1M7_0002.rdat	421592918	data-general	data-general	VERIFIED_CC0_RMDB	True	True	PARSE_FAIL_LENGTH_MISMATCH_REACTIVITY_VS_SEQPOS	D0XContractError: REACTIVITY:1 length does not match SEQPOS
TRIBSC_1M7_0003	TRIBSC_1M7_0003.rdat	421592919	data-general	data-general	VERIFIED_CC0_RMDB	True	True	PARSE_FAIL_LENGTH_MISMATCH_REACTIVITY_VS_SEQPOS	D0XContractError: REACTIVITY:1 length does not match SEQPOS
TRIBSC_1M7_0004	TRIBSC_1M7_0004.rdat	421592920	data-general	data-general	VERIFIED_CC0_RMDB	True	True	PARSE_FAIL_LENGTH_MISMATCH_REACTIVITY_VS_SEQPOS	D0XContractError: REACTIVITY:1 length does not match SEQPOS
TRIBSC_1M7_0005	TRIBSC_1M7_0005.rdat	421592921	data-general	data-general	VERIFIED_CC0_RMDB	True	True	PARSE_FAIL_LENGTH_MISMATCH_REACTIVITY_VS_SEQPOS	D0XContractError: REACTIVITY:1 length does not match SEQPOS
TRIBSC_1M7_0006	TRIBSC_1M7_0006.rdat	421592922	data-general	data-general	VERIFIED_CC0_RMDB	True	True	PARSE_FAIL_LENGTH_MISMATCH_REACTIVITY_VS_SEQPOS	D0XContractError: REACTIVITY:1 length does not match SEQPOS
TRNAPH_1M7_0000	TRNAPH_1M7_0000.rdat	421586091	data-rna-structures	data-rna-structures	VERIFIED_CC0_RMDB	True	True	PARSE_FAIL_LENGTH_MISMATCH_REACTIVITY_VS_SEQPOS	D0XContractError: REACTIVITY:1 length does not match SEQPOS
TRNAPH_1M7_0001	TRNAPH_1M7_0001.rdat	421586105	data-rna-structures	data-rna-structures	VERIFIED_CC0_RMDB	True	True	PARSE_FAIL_LENGTH_MISMATCH_REACTIVITY_VS_SEQPOS	D0XContractError: REACTIVITY:1 length does not match SEQPOS
TRNAPH_1M7_0002	TRNAPH_1M7_0002.rdat	421586116	data-rna-structures	data-rna-structures	VERIFIED_CC0_RMDB	True	True	PARSE_FAIL_LENGTH_MISMATCH_REACTIVITY_VS_SEQPOS	D0XContractError: REACTIVITY:1 length does not match SEQPOS
TRNAPH_1M7_0003	TRNAPH_1M7_0003.rdat	421586126	data-rna-structures	data-rna-structures	VERIFIED_CC0_RMDB	True	True	PARSE_FAIL_LENGTH_MISMATCH_REACTIVITY_VS_SEQPOS	D0XContractError: REACTIVITY:1 length does not match SEQPOS
TRNAPH_1M7_0005	TRNAPH_1M7_0005.rdat	421586146	data-rna-structures	data-rna-structures	VERIFIED_CC0_RMDB	True	True	PARSE_FAIL_LENGTH_MISMATCH_REACTIVITY_VS_SEQPOS	D0XContractError: REACTIVITY:1 length does not match SEQPOS
TRNAPH_1M7_0006	TRNAPH_1M7_0006.rdat	421586157	data-rna-structures	data-rna-structures	VERIFIED_CC0_RMDB	True	True	PARSE_FAIL_LENGTH_MISMATCH_REACTIVITY_VS_SEQPOS	D0XContractError: REACTIVITY:1 length does not match SEQPOS
TRNAPH_CMC_0001	TRNAPH_CMC_0001.rdat	421587561	data-rna-structures	data-rna-structures	VERIFIED_CC0_RMDB	True	True	PARSE_FAIL_MALFORMED_SEQPOS	D0XContractError: malformed SEQPOS token at ordinal 1: '-5'
TRNAPH_CMC_0005	TRNAPH_CMC_0005.rdat	421587557	data-rna-structures	data-rna-structures	VERIFIED_CC0_RMDB	True	True	PARSE_FAIL_LENGTH_MISMATCH_REACTIVITY_VS_SEQPOS	D0XContractError: REACTIVITY:1 length does not match SEQPOS
TRNAPH_DCP_0000	TRNAPH_DCP_0000.rdat	421587559	data-rna-structures	data-rna-structures	VERIFIED_CC0_RMDB	True	True	PARSE_FAIL_LENGTH_MISMATCH_REACTIVITY_VS_SEQPOS	D0XContractError: REACTIVITY:1 length does not match SEQPOS
TRNAPH_DMS_0001	TRNAPH_DMS_0001.rdat	421587560	data-rna-structures	data-rna-structures	VERIFIED_CC0_RMDB	True	True	PARSE_FAIL_MALFORMED_SEQPOS	D0XContractError: malformed SEQPOS token at ordinal 1: '-5'
TRNAPH_DMS_0005	TRNAPH_DMS_0005.rdat	421587558	data-rna-structures	data-rna-structures	VERIFIED_CC0_RMDB	True	True	PARSE_FAIL_LENGTH_MISMATCH_REACTIVITY_VS_SEQPOS	D0XContractError: REACTIVITY:1 length does not match SEQPOS
TRNAPH_DMS_0006	TRNAPH_DMS_0006.rdat	421587572	data-rna-structures	data-rna-structures	VERIFIED_CC0_RMDB	True	True	PARSE_FAIL_LENGTH_MISMATCH_REACTIVITY_VS_SEQPOS	D0XContractError: REACTIVITY:1 length does not match SEQPOS
TRNAPH_SHP_0001	TRNAPH_SHP_0001.rdat	421587571	data-rna-structures	data-rna-structures	VERIFIED_CC0_RMDB	True	True	PARSE_FAIL_MALFORMED_SEQPOS	D0XContractError: malformed SEQPOS token at ordinal 1: '-5'
TRNAPH_SHP_0002	TRNAPH_SHP_0002.rdat	421587570	data-rna-structures	data-rna-structures	VERIFIED_CC0_RMDB	True	True	PARSE_FAIL_MALFORMED_SEQPOS	D0XContractError: malformed SEQPOS token at ordinal 1: '-14'
TRNAPH_SHP_0003	TRNAPH_SHP_0003.rdat	421587579	data-rna-structures	data-rna-structures	VERIFIED_CC0_RMDB	True	True	PARSE_FAIL_MALFORMED_SEQPOS	D0XContractError: malformed SEQPOS token at ordinal 1: '-5'
TRNASC_1M7_0001	TRNASC_1M7_0001.rdat	421587582	data-rna-structures	data-rna-structures	VERIFIED_CC0_RMDB	True	True	PARSE_FAIL_LENGTH_MISMATCH_REACTIVITY_VS_SEQPOS	D0XContractError: REACTIVITY:1 length does not match SEQPOS
TRNASC_1M7_0002	TRNASC_1M7_0002.rdat	421587583	data-rna-structures	data-rna-structures	VERIFIED_CC0_RMDB	True	True	PARSE_FAIL_LENGTH_MISMATCH_REACTIVITY_VS_SEQPOS	D0XContractError: REACTIVITY:1 length does not match SEQPOS
TRNASC_1M7_0003	TRNASC_1M7_0003.rdat	421587589	data-rna-structures	data-rna-structures	VERIFIED_CC0_RMDB	True	True	PARSE_FAIL_LENGTH_MISMATCH_REACTIVITY_VS_SEQPOS	D0XContractError: REACTIVITY:1 length does not match SEQPOS
TRNASC_1M7_0004	TRNASC_1M7_0004.rdat	421587591	data-rna-structures	data-rna-structures	VERIFIED_CC0_RMDB	True	True	PARSE_FAIL_LENGTH_MISMATCH_REACTIVITY_VS_SEQPOS	D0XContractError: REACTIVITY:1 length does not match SEQPOS
TRNASC_1M7_0005	TRNASC_1M7_0005.rdat	421587593	data-rna-structures	data-rna-structures	VERIFIED_CC0_RMDB	True	True	PARSE_FAIL_LENGTH_MISMATCH_REACTIVITY_VS_SEQPOS	D0XContractError: REACTIVITY:1 length does not match SEQPOS
TRNASC_1M7_0006	TRNASC_1M7_0006.rdat	421587594	data-rna-structures	data-rna-structures	VERIFIED_CC0_RMDB	True	True	PARSE_FAIL_LENGTH_MISMATCH_REACTIVITY_VS_SEQPOS	D0XContractError: REACTIVITY:1 length does not match SEQPOS
TRP4P6_1M7_0001	TRP4P6_1M7_0001.rdat	421587596	data-rna-structures	data-rna-structures	VERIFIED_CC0_RMDB	True	True	PARSE_FAIL_LENGTH_MISMATCH_REACTIVITY_VS_SEQPOS	D0XContractError: REACTIVITY:1 length does not match SEQPOS
TRP4P6_1M7_0002	TRP4P6_1M7_0002.rdat	421587597	data-rna-structures	data-rna-structures	VERIFIED_CC0_RMDB	True	True	PARSE_FAIL_LENGTH_MISMATCH_REACTIVITY_VS_SEQPOS	D0XContractError: REACTIVITY:1 length does not match SEQPOS
TRP4P6_1M7_0003	TRP4P6_1M7_0003.rdat	421587598	data-rna-structures	data-rna-structures	VERIFIED_CC0_RMDB	True	True	PARSE_FAIL_LENGTH_MISMATCH_REACTIVITY_VS_SEQPOS	D0XContractError: REACTIVITY:1 length does not match SEQPOS
TRP4P6_1M7_0005	TRP4P6_1M7_0005.rdat	421587600	data-rna-structures	data-rna-structures	VERIFIED_CC0_RMDB	True	True	PARSE_FAIL_LENGTH_MISMATCH_REACTIVITY_VS_SEQPOS	D0XContractError: REACTIVITY:1 length does not match SEQPOS
TRP4P6_1M7_0006	TRP4P6_1M7_0006.rdat	421587603	data-rna-structures	data-rna-structures	VERIFIED_CC0_RMDB	True	True	PARSE_FAIL_LENGTH_MISMATCH_REACTIVITY_VS_SEQPOS	D0XContractError: REACTIVITY:1 length does not match SEQPOS
TRP4P6_C72_0000	TRP4P6_C72_0000.rdat	421587604	data-rna-structures	data-rna-structures	VERIFIED_CC0_RMDB	True	True	PARSE_SUCCESS	
TRP4P6_C7X_0000	TRP4P6_C7X_0000.rdat	421587605	data-rna-structures	data-rna-structures	VERIFIED_CC0_RMDB	True	True	PARSE_SUCCESS	
TRP4P6_CMC_0001	TRP4P6_CMC_0001.rdat	421587607	data-rna-structures	data-rna-structures	VERIFIED_CC0_RMDB	True	True	PARSE_SUCCESS	
TRP4P6_CMC_0005	TRP4P6_CMC_0005.rdat	421587611	data-rna-structures	data-rna-structures	VERIFIED_CC0_RMDB	True	True	PARSE_FAIL_LENGTH_MISMATCH_REACTIVITY_VS_SEQPOS	D0XContractError: REACTIVITY:1 length does not match SEQPOS
TRP4P6_DCP_0000	TRP4P6_DCP_0000.rdat	421587609	data-rna-structures	data-rna-structures	VERIFIED_CC0_RMDB	True	True	PARSE_FAIL_LENGTH_MISMATCH_REACTIVITY_VS_SEQPOS	D0XContractError: REACTIVITY:1 length does not match SEQPOS
TRP4P6_DMS_0001	TRP4P6_DMS_0001.rdat	421587612	data-rna-structures	data-rna-structures	VERIFIED_CC0_RMDB	True	True	PARSE_SUCCESS	
TRP4P6_DMS_0002	TRP4P6_DMS_0002.rdat	421587615	data-rna-structures	data-rna-structures	VERIFIED_CC0_RMDB	True	True	PARSE_FAIL_MISSING_REACTIVITY_ROWS	D0XContractError: missing REACTIVITY rows
TRP4P6_DMS_0003	TRP4P6_DMS_0003.rdat	421587617	data-rna-structures	data-rna-structures	VERIFIED_CC0_RMDB	True	True	PARSE_FAIL_MISSING_REACTIVITY_ROWS	D0XContractError: missing REACTIVITY rows
TRP4P6_DMS_0004	TRP4P6_DMS_0004.rdat	421587621	data-rna-structures	data-rna-structures	VERIFIED_CC0_RMDB	True	True	PARSE_FAIL_MISSING_REACTIVITY_ROWS	D0XContractError: missing REACTIVITY rows
TRP4P6_DMS_0005	TRP4P6_DMS_0005.rdat	421587623	data-rna-structures	data-rna-structures	VERIFIED_CC0_RMDB	True	True	PARSE_FAIL_ANNOTATION_MISSING_SEPARATOR	D0XContractError: annotation token lacks key/value separator at line 10: ''
TRP4P6_DMS_0006	TRP4P6_DMS_0006.rdat	421587622	data-rna-structures	data-rna-structures	VERIFIED_CC0_RMDB	True	True	PARSE_FAIL_ANNOTATION_MISSING_SEPARATOR	D0XContractError: annotation token lacks key/value separator at line 10: ''
TRP4P6_DMS_0007	TRP4P6_DMS_0007.rdat	421587625	data-rna-structures	data-rna-structures	VERIFIED_CC0_RMDB	True	True	PARSE_FAIL_ANNOTATION_MISSING_SEPARATOR	D0XContractError: annotation token lacks key/value separator at line 10: ''
TRP4P6_DMS_0008	TRP4P6_DMS_0008.rdat	421587626	data-rna-structures	data-rna-structures	VERIFIED_CC0_RMDB	True	True	PARSE_FAIL_ANNOTATION_MISSING_SEPARATOR	D0XContractError: annotation token lacks key/value separator at line 10: ''
TRP4P6_DMS_0009	TRP4P6_DMS_0009.rdat	421587632	data-rna-structures	data-rna-structures	VERIFIED_CC0_RMDB	True	True	PARSE_FAIL_ANNOTATION_MISSING_SEPARATOR	D0XContractError: annotation token lacks key/value separator at line 10: ''
TRP4P6_DMS_0010	TRP4P6_DMS_0010.rdat	421587638	data-rna-structures	data-rna-structures	VERIFIED_CC0_RMDB	True	True	PARSE_FAIL_ANNOTATION_MISSING_SEPARATOR	D0XContractError: annotation token lacks key/value separator at line 10: ''
TRP4P6_DMS_0011	TRP4P6_DMS_0011.rdat	421587640	data-rna-structures	data-rna-structures	VERIFIED_CC0_RMDB	True	True	PARSE_FAIL_ANNOTATION_MISSING_SEPARATOR	D0XContractError: annotation token lacks key/value separator at line 11: ''
TRP4P6_DMS_0012	TRP4P6_DMS_0012.rdat	421587642	data-rna-structures	data-rna-structures	VERIFIED_CC0_RMDB	True	True	PARSE_FAIL_ANNOTATION_MISSING_SEPARATOR	D0XContractError: annotation token lacks key/value separator at line 11: ''
TRP4P6_DMS_0013	TRP4P6_DMS_0013.rdat	421587645	data-rna-structures	data-rna-structures	VERIFIED_CC0_RMDB	True	True	PARSE_FAIL_ANNOTATION_MISSING_SEPARATOR	D0XContractError: annotation token lacks key/value separator at line 9: ''
TRP4P6_DMS_0014	TRP4P6_DMS_0014.rdat	421587651	data-rna-structures	data-rna-structures	VERIFIED_CC0_RMDB	True	True	PARSE_FAIL_ANNOTATION_MISSING_SEPARATOR	D0XContractError: annotation token lacks key/value separator at line 9: ''
TRP4P6_DMS_0015	TRP4P6_DMS_0015.rdat	421587652	data-rna-structures	data-rna-structures	VERIFIED_CC0_RMDB	True	True	PARSE_FAIL_MALFORMED_SEQPOS	D0XContractError: malformed SEQPOS token at ordinal 1: 'g90'
TRP4P6_DMS_0016	TRP4P6_DMS_0016.rdat	421587654	data-rna-structures	data-rna-structures	VERIFIED_CC0_RMDB	True	True	PARSE_FAIL_MALFORMED_SEQPOS	D0XContractError: malformed SEQPOS token at ordinal 1: 'g90'
TRP4P6_HRF_0003	TRP4P6_HRF_0003.rdat	421587656	data-rna-structures	data-rna-structures	VERIFIED_CC0_RMDB	True	True	PARSE_SUCCESS	
TRP4P6_MCA_0000	TRP4P6_MCA_0000.rdat	421587673	data-rna-structures	data-rna-structures	VERIFIED_CC0_RMDB	True	True	PARSE_FAIL_LENGTH_MISMATCH_REACTIVITY_VS_SEQPOS	D0XContractError: REACTIVITY:1 length does not match SEQPOS
TRP4P6_MCA_0001	TRP4P6_MCA_0001.rdat	421587676	data-rna-structures	data-rna-structures	VERIFIED_CC0_RMDB	True	True	PARSE_FAIL_LENGTH_MISMATCH_REACTIVITY_VS_SEQPOS	D0XContractError: REACTIVITY:1 length does not match SEQPOS
TRP4P6_MCA_0002	TRP4P6_MCA_0002.rdat	421587680	data-rna-structures	data-rna-structures	VERIFIED_CC0_RMDB	True	True	PARSE_SUCCESS	
TRP4P6_MCA_0003	TRP4P6_MCA_0003.rdat	421587683	data-rna-structures	data-rna-structures	VERIFIED_CC0_RMDB	True	True	PARSE_SUCCESS	
TRP4P6_MCA_0004	TRP4P6_MCA_0004.rdat	421587684	data-rna-structures	data-rna-structures	VERIFIED_CC0_RMDB	True	True	PARSE_FAIL_LENGTH_MISMATCH_REACTIVITY_VS_SEQPOS	D0XContractError: REACTIVITY:1 length does not match SEQPOS
TRP4P6_MCA_0005	TRP4P6_MCA_0005.rdat	421587685	data-rna-structures	data-rna-structures	VERIFIED_CC0_RMDB	True	True	PARSE_FAIL_LENGTH_MISMATCH_REACTIVITY_VS_SEQPOS	D0XContractError: REACTIVITY:1 length does not match SEQPOS
TRP4P6_R1J_0000	TRP4P6_R1J_0000.rdat	421587686	data-rna-structures	data-rna-structures	VERIFIED_CC0_RMDB	True	True	PARSE_SUCCESS	
TRP4P6_R1J_0001	TRP4P6_R1J_0001.rdat	421587687	data-rna-structures	data-rna-structures	VERIFIED_CC0_RMDB	True	True	PARSE_SUCCESS	
TRP4P6_RSQ_0001	TRP4P6_RSQ_0001.rdat	421587714	data-rna-structures	data-rna-structures	VERIFIED_CC0_RMDB	True	True	PARSE_SUCCESS	
TRP4P6_SHP_0001	TRP4P6_SHP_0001.rdat	421587713	data-rna-structures	data-rna-structures	VERIFIED_CC0_RMDB	True	True	PARSE_SUCCESS	
TRP4P6_SHP_0002	TRP4P6_SHP_0002.rdat	421587718	data-rna-structures	data-rna-structures	VERIFIED_CC0_RMDB	True	True	PARSE_SUCCESS	
TRP4P6_SHP_0003	TRP4P6_SHP_0003.rdat	421587715	data-rna-structures	data-rna-structures	VERIFIED_CC0_RMDB	True	True	PARSE_SUCCESS	
TRP4P6_SHP_0004	TRP4P6_SHP_0004.rdat	421587717	data-rna-structures	data-rna-structures	VERIFIED_CC0_RMDB	True	True	PARSE_SUCCESS	
TRP4P6_UVP_0001	TRP4P6_UVP_0001.rdat	421587732	data-rna-structures	data-rna-structures	VERIFIED_CC0_RMDB	True	True	PARSE_SUCCESS	
TRP4P6_WT2_0000	TRP4P6_WT2_0000.rdat	421587735	data-rna-structures	data-rna-structures	VERIFIED_CC0_RMDB	True	True	PARSE_SUCCESS	
TTRDEL_2A3_0001	TTRDEL_2A3_0001.rdat	421587748	data-rna-structures	data-rna-structures	VERIFIED_CC0_RMDB	True	True	PARSE_SUCCESS	
TTRDEL_DMS_0001	TTRDEL_DMS_0001.rdat	421587743	data-rna-structures	data-rna-structures	VERIFIED_CC0_RMDB	True	True	PARSE_SUCCESS	
TTRDES_2A3_0000	TTRDES_2A3_0000.rdat	421587747	data-rna-structures	data-rna-structures	VERIFIED_CC0_RMDB	True	True	PARSE_SUCCESS	
TTRDES_DMS_0000	TTRDES_DMS_0000.rdat	421587749	data-rna-structures	data-rna-structures	VERIFIED_CC0_RMDB	True	True	PARSE_SUCCESS	
TTRINS_2A3_0002	TTRINS_2A3_0002.rdat	421587752	data-rna-structures	data-rna-structures	VERIFIED_CC0_RMDB	True	True	PARSE_SUCCESS	
TTRINS_DMS_0002	TTRINS_DMS_0002.rdat	421589041	data-rna-structures	data-rna-structures	VERIFIED_CC0_RMDB	True	True	PARSE_SUCCESS	
TTYH2_DMS_0001	TTYH2_DMS_0001.rdat	421592923	data-general	data-general	VERIFIED_CC0_RMDB	True	True	PARSE_SUCCESS	
U1SNRNA_DMS_0000	U1SNRNA_DMS_0000.rdat	421589052	data-rna-structures	data-rna-structures	VERIFIED_CC0_RMDB	True	True	PARSE_FAIL_ANNOTATION_MISSING_SEPARATOR	D0XContractError: annotation token lacks key/value separator at line 14: ''
UVBAD5_UVP_0001	UVBAD5_UVP_0001.rdat	421592924	data-general	data-general	VERIFIED_CC0_RMDB	True	True	PARSE_SUCCESS	
VCKTAPO_DMS_0000	VCKTAPO_DMS_0000.rdat	421580518	data-riboswitches	data-riboswitches	VERIFIED_CC0_RMDB	True	True	PARSE_FAIL_ANNOTATION_MISSING_SEPARATOR	D0XContractError: annotation token lacks key/value separator at line 14: ''
VCKTGLY_DMS_0000	VCKTGLY_DMS_0000.rdat	421580519	data-riboswitches	data-riboswitches	VERIFIED_CC0_RMDB	True	True	PARSE_FAIL_ANNOTATION_MISSING_SEPARATOR	D0XContractError: annotation token lacks key/value separator at line 14: ''
VIR15K_2A3_0002	VIR15K_2A3_0002.rdat	421589064	data-rna-structures	data-rna-structures	VERIFIED_CC0_RMDB	True	True	PARSE_SUCCESS	
VIR15K_DMS_0001	VIR15K_DMS_0001.rdat	421589066	data-rna-structures	data-rna-structures	VERIFIED_CC0_RMDB	True	True	PARSE_SUCCESS	
VIROID_2A3_0000	VIROID_2A3_0000.rdat	421589074	data-rna-structures	data-rna-structures	VERIFIED_CC0_RMDB	True	True	PARSE_SUCCESS	
VIROID_2A3_0001	VIROID_2A3_0001.rdat	421589078	data-rna-structures	data-rna-structures	VERIFIED_CC0_RMDB	True	True	PARSE_SUCCESS	
VIROID_DMS_0000	VIROID_DMS_0000.rdat	421589680	data-rna-structures	data-rna-structures	VERIFIED_CC0_RMDB	True	True	PARSE_SUCCESS	
VIROID_DMS_0001	VIROID_DMS_0001.rdat	421589689	data-rna-structures	data-rna-structures	VERIFIED_CC0_RMDB	True	True	PARSE_SUCCESS	
VIRWIN_2A3_0000	VIRWIN_2A3_0000.rdat	421589863	data-rna-structures	data-rna-structures	VERIFIED_CC0_RMDB	True	True	PARSE_SUCCESS	
VIRWIN_2A3_0001	VIRWIN_2A3_0001.rdat	421589892	data-rna-structures	data-rna-structures	VERIFIED_CC0_RMDB	True	True	PARSE_SUCCESS	
VIRWIN_DMS_0000	VIRWIN_DMS_0000.rdat	421590299	data-rna-structures	data-rna-structures	VERIFIED_CC0_RMDB	True	True	PARSE_SUCCESS	
VIRWIN_DMS_0001	VIRWIN_DMS_0001.rdat	421590326	data-rna-structures	data-rna-structures	VERIFIED_CC0_RMDB	True	True	PARSE_SUCCESS	
VSRBZM_DCP_0000	VSRBZM_DCP_0000.rdat	421592926	data-general	data-general	VERIFIED_CC0_RMDB	True	True	PARSE_FAIL_LENGTH_MISMATCH_REACTIVITY_VS_SEQPOS	D0XContractError: REACTIVITY:1 length does not match SEQPOS
X20H20_DMS_0001	X20H20_DMS_0001.rdat	421592925	data-general	data-general	VERIFIED_CC0_RMDB	True	True	PARSE_FAIL_OTHER	D0XContractError: header STRUCTURE requires one non-empty value
X20H20_DMS_0002	X20H20_DMS_0002.rdat	421592928	data-general	data-general	VERIFIED_CC0_RMDB	True	True	PARSE_FAIL_OTHER	D0XContractError: header STRUCTURE requires one non-empty value
YDAORS_DMS_0000	YDAORS_DMS_0000.rdat	421580520	data-riboswitches	data-riboswitches	VERIFIED_CC0_RMDB	True	True	PARSE_FAIL_MALFORMED_SEQPOS	D0XContractError: malformed SEQPOS token at ordinal 1: 'g-24'
YDAORS_DMS_0001	YDAORS_DMS_0001.rdat	421580521	data-riboswitches	data-riboswitches	VERIFIED_CC0_RMDB	True	True	PARSE_FAIL_MALFORMED_SEQPOS	D0XContractError: malformed SEQPOS token at ordinal 1: 'g-24'
YXJA135_COTR_0001	YXJA135_COTR_0001.rdat	421580522	data-riboswitches	data-riboswitches	VERIFIED_CC0_RMDB	True	True	PARSE_FAIL_MISSING_REACTIVITY_ROWS	D0XContractError: missing REACTIVITY rows
YXJA135_COTR_0002	YXJA135_COTR_0002.rdat	421580523	data-riboswitches	data-riboswitches	VERIFIED_CC0_RMDB	True	True	PARSE_FAIL_MISSING_REACTIVITY_ROWS	D0XContractError: missing REACTIVITY rows
YXJA135_EQR_0001	YXJA135_EQR_0001.rdat	421580525	data-riboswitches	data-riboswitches	VERIFIED_CC0_RMDB	True	True	PARSE_FAIL_MISSING_REACTIVITY_ROWS	D0XContractError: missing REACTIVITY rows
YXJA135_EQR_0002	YXJA135_EQR_0002.rdat	421580524	data-riboswitches	data-riboswitches	VERIFIED_CC0_RMDB	True	True	PARSE_FAIL_MISSING_REACTIVITY_ROWS	D0XContractError: missing REACTIVITY rows
YXJA160_COTR_0001	YXJA160_COTR_0001.rdat	421580526	data-riboswitches	data-riboswitches	VERIFIED_CC0_RMDB	True	True	PARSE_FAIL_MISSING_REACTIVITY_ROWS	D0XContractError: missing REACTIVITY rows
YXJA160_COTR_0002	YXJA160_COTR_0002.rdat	421580536	data-riboswitches	data-riboswitches	VERIFIED_CC0_RMDB	True	True	PARSE_FAIL_MISSING_REACTIVITY_ROWS	D0XContractError: missing REACTIVITY rows
YXJA160_EQR_0001	YXJA160_EQR_0001.rdat	421580540	data-riboswitches	data-riboswitches	VERIFIED_CC0_RMDB	True	True	PARSE_FAIL_MISSING_REACTIVITY_ROWS	D0XContractError: missing REACTIVITY rows
YXJA160_EQR_0002	YXJA160_EQR_0002.rdat	421580553	data-riboswitches	data-riboswitches	VERIFIED_CC0_RMDB	True	True	PARSE_FAIL_MISSING_REACTIVITY_ROWS	D0XContractError: missing REACTIVITY rows
YXJA220_COTR_0001	YXJA220_COTR_0001.rdat	421580554	data-riboswitches	data-riboswitches	VERIFIED_CC0_RMDB	True	True	PARSE_FAIL_MISSING_REACTIVITY_ROWS	D0XContractError: missing REACTIVITY rows
YXJA220_COTR_0002	YXJA220_COTR_0002.rdat	421580555	data-riboswitches	data-riboswitches	VERIFIED_CC0_RMDB	True	True	PARSE_FAIL_MISSING_REACTIVITY_ROWS	D0XContractError: missing REACTIVITY rows
YXJA220_EQR_0001	YXJA220_EQR_0001.rdat	421580556	data-riboswitches	data-riboswitches	VERIFIED_CC0_RMDB	True	True	PARSE_FAIL_MISSING_REACTIVITY_ROWS	D0XContractError: missing REACTIVITY rows
YXJA220_EQR_0002	YXJA220_EQR_0002.rdat	421580557	data-riboswitches	data-riboswitches	VERIFIED_CC0_RMDB	True	True	PARSE_FAIL_MISSING_REACTIVITY_ROWS	D0XContractError: missing REACTIVITY rows
ZIKAXR_DMS_0000	ZIKAXR_DMS_0000.rdat	421590593	data-rna-structures	data-rna-structures	VERIFIED_CC0_RMDB	True	True	PARSE_FAIL_MALFORMED_SEQPOS	D0XContractError: malformed SEQPOS token at ordinal 1: 'g-23'
ZTPRSW_BZCN_0001	ZTPRSW_BZCN_0001.rdat	421580558	data-riboswitches	data-riboswitches	VERIFIED_CC0_RMDB	True	True	PARSE_FAIL_MISSING_REACTIVITY_ROWS	D0XContractError: missing REACTIVITY rows
ZTPRSW_BZCN_0002	ZTPRSW_BZCN_0002.rdat	421580559	data-riboswitches	data-riboswitches	VERIFIED_CC0_RMDB	True	True	PARSE_FAIL_MISSING_REACTIVITY_ROWS	D0XContractError: missing REACTIVITY rows
ZTPRSW_BZCN_0003	ZTPRSW_BZCN_0003.rdat	421580560	data-riboswitches	data-riboswitches	VERIFIED_CC0_RMDB	True	True	PARSE_FAIL_MISSING_REACTIVITY_ROWS	D0XContractError: missing REACTIVITY rows
ZTPRSW_BZCN_0004	ZTPRSW_BZCN_0004.rdat	421580561	data-riboswitches	data-riboswitches	VERIFIED_CC0_RMDB	True	True	PARSE_FAIL_MISSING_REACTIVITY_ROWS	D0XContractError: missing REACTIVITY rows
ZTPRSW_BZCN_0005	ZTPRSW_BZCN_0005.rdat	421580562	data-riboswitches	data-riboswitches	VERIFIED_CC0_RMDB	True	True	PARSE_FAIL_MISSING_REACTIVITY_ROWS	D0XContractError: missing REACTIVITY rows
ZTPRSW_BZCN_0006	ZTPRSW_BZCN_0006.rdat	421580564	data-riboswitches	data-riboswitches	VERIFIED_CC0_RMDB	True	True	PARSE_FAIL_MISSING_REACTIVITY_ROWS	D0XContractError: missing REACTIVITY rows
ZTPRSW_BZCN_0007	ZTPRSW_BZCN_0007.rdat	421580565	data-riboswitches	data-riboswitches	VERIFIED_CC0_RMDB	True	True	PARSE_FAIL_MISSING_REACTIVITY_ROWS	D0XContractError: missing REACTIVITY rows
ZTPRSW_BZCN_0008	ZTPRSW_BZCN_0008.rdat	421580566	data-riboswitches	data-riboswitches	VERIFIED_CC0_RMDB	True	True	PARSE_FAIL_MISSING_REACTIVITY_ROWS	D0XContractError: missing REACTIVITY rows
ZTPRSW_BZCN_0009	ZTPRSW_BZCN_0009.rdat	421580567	data-riboswitches	data-riboswitches	VERIFIED_CC0_RMDB	True	True	PARSE_FAIL_MISSING_REACTIVITY_ROWS	D0XContractError: missing REACTIVITY rows
ZTPRSW_BZCN_0010	ZTPRSW_BZCN_0010.rdat	421580568	data-riboswitches	data-riboswitches	VERIFIED_CC0_RMDB	True	True	PARSE_FAIL_MISSING_REACTIVITY_ROWS	D0XContractError: missing REACTIVITY rows
ZTPRSW_BZCN_0011	ZTPRSW_BZCN_0011.rdat	421580570	data-riboswitches	data-riboswitches	VERIFIED_CC0_RMDB	True	True	PARSE_FAIL_MISSING_REACTIVITY_ROWS	D0XContractError: missing REACTIVITY rows
ZTPRSW_BZCN_0012	ZTPRSW_BZCN_0012.rdat	421580572	data-riboswitches	data-riboswitches	VERIFIED_CC0_RMDB	True	True	PARSE_FAIL_MISSING_REACTIVITY_ROWS	D0XContractError: missing REACTIVITY rows
ZTPRSW_BZCN_0013	ZTPRSW_BZCN_0013.rdat	421580573	data-riboswitches	data-riboswitches	VERIFIED_CC0_RMDB	True	True	PARSE_FAIL_MISSING_REACTIVITY_ROWS	D0XContractError: missing REACTIVITY rows
ZTPRSW_BZCN_0014	ZTPRSW_BZCN_0014.rdat	421580577	data-riboswitches	data-riboswitches	VERIFIED_CC0_RMDB	True	True	PARSE_FAIL_MISSING_REACTIVITY_ROWS	D0XContractError: missing REACTIVITY rows
ZTPRSW_BZCN_0015	ZTPRSW_BZCN_0015.rdat	421580576	data-riboswitches	data-riboswitches	VERIFIED_CC0_RMDB	True	True	PARSE_FAIL_MISSING_REACTIVITY_ROWS	D0XContractError: missing REACTIVITY rows
ZTPRSW_BZCN_0016	ZTPRSW_BZCN_0016.rdat	421580579	data-riboswitches	data-riboswitches	VERIFIED_CC0_RMDB	True	True	PARSE_FAIL_MISSING_REACTIVITY_ROWS	D0XContractError: missing REACTIVITY rows
