asset_id	source_url_or_accession	source_accession	asset_name	asset_sha256	parser_version	asset_parse_status	n_profiles	n_records	n_exact_pairs	profile_failure_rows	unique_failure_reason	failure_recoverability	license_status	citation_resolution_status	notes
421580585	15KLIB_2A3_0000	15KLIB_2A3_0000	15KLIB_2A3_0000.rdat	c8722b4e511f31ee9f43687b76e8a291800e40e23dde0bb71b50075234869dce	reactflow_delta.d0x_v2.asset_disposition.v2	PARSE_SUCCESS	15000	15000	NOT_RUN	0	NONE	NOT_APPLICABLE	VERIFIED_CC0_RMDB	UNRESOLVED_PUBLICATION	
421580587	15KLIB_DMS_0000	15KLIB_DMS_0000	15KLIB_DMS_0000.rdat	9d7867bc216b338040c7a687b5506dcc4057e0c15f691969523872ebef019a1e	reactflow_delta.d0x_v2.asset_disposition.v2	PARSE_SUCCESS	15000	15000	NOT_RUN	0	NONE	NOT_APPLICABLE	VERIFIED_CC0_RMDB	UNRESOLVED_PUBLICATION	
421580584	15KREP_2A3_0000	15KREP_2A3_0000	15KREP_2A3_0000.rdat	67c636f7726677f9469b4eb5d5e20568a1dec3ec45c4f12c2a7fa7769cbc7a2a	reactflow_delta.d0x_v2.asset_disposition.v2	PARSE_SUCCESS	15000	15000	NOT_RUN	0	NONE	NOT_APPLICABLE	VERIFIED_CC0_RMDB	UNRESOLVED_PUBLICATION	
421580586	15KREP_2A3_0001	15KREP_2A3_0001	15KREP_2A3_0001.rdat	0a38dcc2b0e7feab2cb429be9e5ed649daf4f8035ff5f2a4f91e6a0c3ff149ee	reactflow_delta.d0x_v2.asset_disposition.v2	PARSE_SUCCESS	60000	60000	NOT_RUN	0	NONE	NOT_APPLICABLE	VERIFIED_CC0_RMDB	UNRESOLVED_PUBLICATION	
421580588	15KREP_DMS_0000	15KREP_DMS_0000	15KREP_DMS_0000.rdat	4bc86286fa1bfcea52e3b584ed4b63ed228aadd5a3aa4324165660d96cf18798	reactflow_delta.d0x_v2.asset_disposition.v2	PARSE_SUCCESS	15000	15000	NOT_RUN	0	NONE	NOT_APPLICABLE	VERIFIED_CC0_RMDB	UNRESOLVED_PUBLICATION	
421580811	15KREP_DMS_0001	15KREP_DMS_0001	15KREP_DMS_0001.rdat	b30e7d1008c7307558c7986710941b160056a67680f0a3e39e33260fb185e35e	reactflow_delta.d0x_v2.asset_disposition.v2	PARSE_SUCCESS	60000	60000	NOT_RUN	0	NONE	NOT_APPLICABLE	VERIFIED_CC0_RMDB	UNRESOLVED_PUBLICATION	
421580813	16SFWJ_1M7_0001	16SFWJ_1M7_0001	16SFWJ_1M7_0001.rdat	3c1f226c05ee8129a5e0bdf6a413e61e703a503f1303b1a3923d22ddf8f72af3	reactflow_delta.d0x_v2.asset_disposition.v2	PARSE_SUCCESS	111	111	110	0	NONE	NOT_APPLICABLE	VERIFIED_CC0_RMDB	RESOLVED	
421580816	16SFWJ_DMS_0001	16SFWJ_DMS_0001	16SFWJ_DMS_0001.rdat	5e2dad8791874bcce100f33ea81b566861196fb83ef52bee4347754c75241ad9	reactflow_delta.d0x_v2.asset_disposition.v2	PARSE_SUCCESS	111	111	110	0	NONE	NOT_APPLICABLE	VERIFIED_CC0_RMDB	RESOLVED	
421580819	16SFWJ_MCA_0000	16SFWJ_MCA_0000	16SFWJ_MCA_0000.rdat	180a797838a9479af3279d3bb858b00c58946a6c0a36de02db5237aa25b9ecb1	reactflow_delta.d0x_v2.asset_disposition.v2	PARSE_FAIL_LENGTH_MISMATCH_REACTIVITY_VS_SEQPOS	NOT_RUN	NOT_RUN	NOT_RUN	0	UNPARSEABLE	RECOVERABLE	VERIFIED_CC0_RMDB	RESOLVED	parse_fail:PARSE_FAIL_LENGTH_MISMATCH_REACTIVITY_VS_SEQPOS; 39GB canonical count not yet produced (NOT_RUN)
421580828	16SFWJ_MCA_0001	16SFWJ_MCA_0001	16SFWJ_MCA_0001.rdat	c0c0f4c90b65ced17267d68f99891ec3cb50a7686449463f40258b649697e1ab	reactflow_delta.d0x_v2.asset_disposition.v2	PARSE_FAIL_LENGTH_MISMATCH_REACTIVITY_VS_SEQPOS	NOT_RUN	NOT_RUN	NOT_RUN	0	UNPARSEABLE	RECOVERABLE	VERIFIED_CC0_RMDB	RESOLVED	parse_fail:PARSE_FAIL_LENGTH_MISMATCH_REACTIVITY_VS_SEQPOS; 39GB canonical count not yet produced (NOT_RUN)
421580831	16SFWJ_MCA_0002	16SFWJ_MCA_0002	16SFWJ_MCA_0002.rdat	6cf8539341897cbd16d7c50120e176a11878b60e64fe1dfff94711c9ca496fa2	reactflow_delta.d0x_v2.asset_disposition.v2	PARSE_FAIL_LENGTH_MISMATCH_REACTIVITY_VS_SEQPOS	NOT_RUN	NOT_RUN	NOT_RUN	0	UNPARSEABLE	RECOVERABLE	VERIFIED_CC0_RMDB	RESOLVED	parse_fail:PARSE_FAIL_LENGTH_MISMATCH_REACTIVITY_VS_SEQPOS; 39GB canonical count not yet produced (NOT_RUN)
421580832	16SFWJ_MCA_0003	16SFWJ_MCA_0003	16SFWJ_MCA_0003.rdat	111dfb7157466c97e5f27c216c56ebe40bf95596b381951676a0c1dad9d9abad	reactflow_delta.d0x_v2.asset_disposition.v2	PARSE_FAIL_LENGTH_MISMATCH_REACTIVITY_VS_SEQPOS	NOT_RUN	NOT_RUN	NOT_RUN	0	UNPARSEABLE	RECOVERABLE	VERIFIED_CC0_RMDB	RESOLVED	parse_fail:PARSE_FAIL_LENGTH_MISMATCH_REACTIVITY_VS_SEQPOS; 39GB canonical count not yet produced (NOT_RUN)
421580837	16SFWJ_MCA_0004	16SFWJ_MCA_0004	16SFWJ_MCA_0004.rdat	c35c012a218302d595248d4796c3c8cc8c0912688480735895c928b28f837cb7	reactflow_delta.d0x_v2.asset_disposition.v2	PARSE_FAIL_LENGTH_MISMATCH_REACTIVITY_VS_SEQPOS	NOT_RUN	NOT_RUN	NOT_RUN	0	UNPARSEABLE	RECOVERABLE	VERIFIED_CC0_RMDB	RESOLVED	parse_fail:PARSE_FAIL_LENGTH_MISMATCH_REACTIVITY_VS_SEQPOS; 39GB canonical count not yet produced (NOT_RUN)
421580851	16SFWJ_NMIA_0001	16SFWJ_NMIA_0001	16SFWJ_NMIA_0001.rdat	285f61e92b9f7ca991698519c750889c22c59159e630e891be66bcc41365abe5	reactflow_delta.d0x_v2.asset_disposition.v2	PARSE_SUCCESS	111	111	110	0	NONE	NOT_APPLICABLE	VERIFIED_CC0_RMDB	RESOLVED	
421580850	16SFWJ_RSQ_0001	16SFWJ_RSQ_0001	16SFWJ_RSQ_0001.rdat	4f057967c01228858531075e6add78ade1b535865a1d3408c2fa2ad6e4de494c	reactflow_delta.d0x_v2.asset_disposition.v2	PARSE_SUCCESS	156	156	78	0	NONE	NOT_APPLICABLE	VERIFIED_CC0_RMDB	RESOLVED	
421580868	16SFWJ_STD_0001	16SFWJ_STD_0001	16SFWJ_STD_0001.rdat	6e14807b5bef4655169a7670d179774869909ff29c9124586bed25700022f0c0	reactflow_delta.d0x_v2.asset_disposition.v2	PARSE_SUCCESS	9	9	NOT_RUN	0	NONE	NOT_APPLICABLE	VERIFIED_CC0_RMDB	RESOLVED	
421580872	16SRRNA_H44_0001	16SRRNA_H44_0001	16SRRNA_H44_0001.rdat	74603bb3e10489ee192e0a0b03ceb243d5bf04d418574bf3086e3773a279780d	reactflow_delta.d0x_v2.asset_disposition.v2	PARSE_SUCCESS	1	1	NOT_RUN	0	NONE	NOT_APPLICABLE	VERIFIED_CC0_RMDB	RESOLVED	
421580882	23SRRNA_H101_0001	23SRRNA_H101_0001	23SRRNA_H101_0001.rdat	9e7cf22dc1c702885d92ce2d95eaf38091634160d98110c0c296168209206311	reactflow_delta.d0x_v2.asset_disposition.v2	PARSE_SUCCESS	1	1	NOT_RUN	0	NONE	NOT_APPLICABLE	VERIFIED_CC0_RMDB	UNRESOLVED_PUBLICATION	
421580881	23SRR_H101_0001	23SRR_H101_0001	23SRR_H101_0001.rdat	0b34bb79b69360792a1ddc395488136ac39a8f5a5ec05a66f36971e7ee8f00b2	reactflow_delta.d0x_v2.asset_disposition.v2	PARSE_FAIL_NON_NUMERIC_REACTIVITY	1	1	NOT_RUN	1	LENGTH_MISMATCH	UNRECOVERABLE	VERIFIED_CC0_RMDB	RESOLVED	parse_fail:PARSE_FAIL_NON_NUMERIC_REACTIVITY; 1 LENGTH_MISMATCH profile rows
421580883	243RNA_DMS_0000	243RNA_DMS_0000	243RNA_DMS_0000.rdat	bf81baa51bb2acf6514bf092702e0467f83c8ab14fea63f13e85f28fb2f512ec	reactflow_delta.d0x_v2.asset_disposition.v2	PARSE_FAIL_ANNOTATION_MISSING_SEPARATOR	251	251	NOT_RUN	0	PARSE_FAIL_ANNOTATION_MISSING_SEPARATOR	RECOVERABLE	VERIFIED_CC0_RMDB	RESOLVED	parse_fail:PARSE_FAIL_ANNOTATION_MISSING_SEPARATOR
421580887	4WY16S_DCP_0000	4WY16S_DCP_0000	4WY16S_DCP_0000.rdat	974317cc2fda4c4df0789c60a0fbe7417479067dd0d29ab0fecde2613e8fa7bd	reactflow_delta.d0x_v2.asset_disposition.v2	PARSE_FAIL_LENGTH_MISMATCH_REACTIVITY_VS_SEQPOS	NOT_RUN	NOT_RUN	NOT_RUN	0	UNPARSEABLE	RECOVERABLE	VERIFIED_CC0_RMDB	RESOLVED	parse_fail:PARSE_FAIL_LENGTH_MISMATCH_REACTIVITY_VS_SEQPOS; 39GB canonical count not yet produced (NOT_RUN)
421580889	5SRRNA_1M7_0001	5SRRNA_1M7_0001	5SRRNA_1M7_0001.rdat	b606d673e11e06c7640a518841d2e3fb0fc422b5897281bf91ab807659041b82	reactflow_delta.d0x_v2.asset_disposition.v2	PARSE_FAIL_LENGTH_MISMATCH_REACTIVITY_VS_SEQPOS	NOT_RUN	NOT_RUN	NOT_RUN	0	UNPARSEABLE	RECOVERABLE	VERIFIED_CC0_RMDB	RESOLVED	parse_fail:PARSE_FAIL_LENGTH_MISMATCH_REACTIVITY_VS_SEQPOS; 39GB canonical count not yet produced (NOT_RUN)
421580892	5SRRNA_1M7_0002	5SRRNA_1M7_0002	5SRRNA_1M7_0002.rdat	0597e8aacf62c9ad5dee9467b395ad26b5f54191ffb55138b9738343c6fe8505	reactflow_delta.d0x_v2.asset_disposition.v2	PARSE_FAIL_LENGTH_MISMATCH_REACTIVITY_VS_SEQPOS	NOT_RUN	NOT_RUN	NOT_RUN	0	UNPARSEABLE	RECOVERABLE	VERIFIED_CC0_RMDB	RESOLVED	parse_fail:PARSE_FAIL_LENGTH_MISMATCH_REACTIVITY_VS_SEQPOS; 39GB canonical count not yet produced (NOT_RUN)
421580898	5SRRNA_1M7_0003	5SRRNA_1M7_0003	5SRRNA_1M7_0003.rdat	820bb1f060c0928c0b6b0891752233aaacec1e5d1b1f5f54e901ffbcc8e6a1ee	reactflow_delta.d0x_v2.asset_disposition.v2	PARSE_FAIL_LENGTH_MISMATCH_REACTIVITY_VS_SEQPOS	NOT_RUN	NOT_RUN	NOT_RUN	0	UNPARSEABLE	RECOVERABLE	VERIFIED_CC0_RMDB	RESOLVED	parse_fail:PARSE_FAIL_LENGTH_MISMATCH_REACTIVITY_VS_SEQPOS; 39GB canonical count not yet produced (NOT_RUN)
421580899	5SRRNA_1M7_0005	5SRRNA_1M7_0005	5SRRNA_1M7_0005.rdat	07cbb94a834d2e7267e62f1e8175408c409c55355d2ad5db606dfd06d2695e75	reactflow_delta.d0x_v2.asset_disposition.v2	PARSE_FAIL_LENGTH_MISMATCH_REACTIVITY_VS_SEQPOS	NOT_RUN	NOT_RUN	NOT_RUN	0	UNPARSEABLE	RECOVERABLE	VERIFIED_CC0_RMDB	RESOLVED	parse_fail:PARSE_FAIL_LENGTH_MISMATCH_REACTIVITY_VS_SEQPOS; 39GB canonical count not yet produced (NOT_RUN)
421580901	5SRRNA_1M7_0006	5SRRNA_1M7_0006	5SRRNA_1M7_0006.rdat	31cd561fe1ed8f0cb899f1135c09243e727663969710d57b4f41af2f8e2f2983	reactflow_delta.d0x_v2.asset_disposition.v2	PARSE_FAIL_LENGTH_MISMATCH_REACTIVITY_VS_SEQPOS	NOT_RUN	NOT_RUN	NOT_RUN	0	UNPARSEABLE	RECOVERABLE	VERIFIED_CC0_RMDB	RESOLVED	parse_fail:PARSE_FAIL_LENGTH_MISMATCH_REACTIVITY_VS_SEQPOS; 39GB canonical count not yet produced (NOT_RUN)
421580905	5SRRNA_1M7_0007	5SRRNA_1M7_0007	5SRRNA_1M7_0007.rdat	8bdab1fb71bdec3486e9db2d52404a402d19ce1a7b6bcb38c1a6cf95c4a1fafd	reactflow_delta.d0x_v2.asset_disposition.v2	PARSE_FAIL_MISSING_REACTIVITY_ROWS	3	3	NOT_RUN	0	PARSE_FAIL_MISSING_REACTIVITY_ROWS	RECOVERABLE	VERIFIED_CC0_RMDB	RESOLVED	parse_fail:PARSE_FAIL_MISSING_REACTIVITY_ROWS
421580908	5SRRNA_1M7_0008	5SRRNA_1M7_0008	5SRRNA_1M7_0008.rdat	d033f547592790dd53fe8ec7801761e88b877682e72d7ea1d431274de6a99efe	reactflow_delta.d0x_v2.asset_disposition.v2	PARSE_FAIL_MISSING_REACTIVITY_ROWS	1	1	NOT_RUN	0	PARSE_FAIL_MISSING_REACTIVITY_ROWS	RECOVERABLE	VERIFIED_CC0_RMDB	RESOLVED	parse_fail:PARSE_FAIL_MISSING_REACTIVITY_ROWS
421580912	5SRRNA_1M7_0009	5SRRNA_1M7_0009	5SRRNA_1M7_0009.rdat	2bfa62fa24fc6b20a766be12ec148ffec4baacd5af935be8d6f79a2863605ff6	reactflow_delta.d0x_v2.asset_disposition.v2	PARSE_FAIL_MISSING_REACTIVITY_ROWS	7	7	NOT_RUN	0	PARSE_FAIL_MISSING_REACTIVITY_ROWS	RECOVERABLE	VERIFIED_CC0_RMDB	RESOLVED	parse_fail:PARSE_FAIL_MISSING_REACTIVITY_ROWS
421580917	5SRRNA_CMC_0001	5SRRNA_CMC_0001	5SRRNA_CMC_0001.rdat	1f7c1d21e5bfae0bc5eec214c937c8bf2f93165b1bf0d816c5a6f68faf7db38c	reactflow_delta.d0x_v2.asset_disposition.v2	PARSE_FAIL_MALFORMED_SEQPOS	1	1	NOT_RUN	0	PARSE_FAIL_MALFORMED_SEQPOS	RECOVERABLE	VERIFIED_CC0_RMDB	RESOLVED	parse_fail:PARSE_FAIL_MALFORMED_SEQPOS
421580918	5SRRNA_CMC_0005	5SRRNA_CMC_0005	5SRRNA_CMC_0005.rdat	c038ba41f1f51f2b1aabaf4ba56cee181130f88407920192122caaa983f6f69f	reactflow_delta.d0x_v2.asset_disposition.v2	PARSE_FAIL_LENGTH_MISMATCH_REACTIVITY_VS_SEQPOS	NOT_RUN	NOT_RUN	NOT_RUN	0	UNPARSEABLE	RECOVERABLE	VERIFIED_CC0_RMDB	RESOLVED	parse_fail:PARSE_FAIL_LENGTH_MISMATCH_REACTIVITY_VS_SEQPOS; 39GB canonical count not yet produced (NOT_RUN)
421580920	5SRRNA_DCP_0000	5SRRNA_DCP_0000	5SRRNA_DCP_0000.rdat	980e16146c2f2bd8c2bda74d55c56085719fa9e1b4f0b283d112467555446696	reactflow_delta.d0x_v2.asset_disposition.v2	PARSE_FAIL_LENGTH_MISMATCH_REACTIVITY_VS_SEQPOS	NOT_RUN	NOT_RUN	NOT_RUN	0	UNPARSEABLE	RECOVERABLE	VERIFIED_CC0_RMDB	RESOLVED	parse_fail:PARSE_FAIL_LENGTH_MISMATCH_REACTIVITY_VS_SEQPOS; 39GB canonical count not yet produced (NOT_RUN)
421580921	5SRRNA_DMS_0001	5SRRNA_DMS_0001	5SRRNA_DMS_0001.rdat	4bd3509a176d3bb40abb2f3ebb9c8b2d5e9f9c1873d189cfba61412ffc7791e7	reactflow_delta.d0x_v2.asset_disposition.v2	PARSE_FAIL_INVALID_PROFILE_INDEX	1	1	NOT_RUN	0	PARSE_FAIL_INVALID_PROFILE_INDEX	UNRECOVERABLE	VERIFIED_CC0_RMDB	RESOLVED	parse_fail:PARSE_FAIL_INVALID_PROFILE_INDEX
421580922	5SRRNA_DMS_0005	5SRRNA_DMS_0005	5SRRNA_DMS_0005.rdat	ca54830d0d667030974576b5239f281cf1d57c1db918ec060587d2f2f5bc740e	reactflow_delta.d0x_v2.asset_disposition.v2	PARSE_FAIL_LENGTH_MISMATCH_REACTIVITY_VS_SEQPOS	NOT_RUN	NOT_RUN	NOT_RUN	0	UNPARSEABLE	RECOVERABLE	VERIFIED_CC0_RMDB	RESOLVED	parse_fail:PARSE_FAIL_LENGTH_MISMATCH_REACTIVITY_VS_SEQPOS; 39GB canonical count not yet produced (NOT_RUN)
421580926	5SRRNA_DMS_0006	5SRRNA_DMS_0006	5SRRNA_DMS_0006.rdat	c4b9dfc7c8d426e3356187c060531ea9faf34cec95ef5e7a295c67fa82df6be7	reactflow_delta.d0x_v2.asset_disposition.v2	PARSE_FAIL_LENGTH_MISMATCH_REACTIVITY_VS_SEQPOS	NOT_RUN	NOT_RUN	NOT_RUN	0	UNPARSEABLE	RECOVERABLE	VERIFIED_CC0_RMDB	RESOLVED	parse_fail:PARSE_FAIL_LENGTH_MISMATCH_REACTIVITY_VS_SEQPOS; 39GB canonical count not yet produced (NOT_RUN)
421580925	5SRRNA_MCA_0000	5SRRNA_MCA_0000	5SRRNA_MCA_0000.rdat	fd824cab609bb2ccca523edcf083079db58d7aed280f593cd7d6463c8e6c01f8	reactflow_delta.d0x_v2.asset_disposition.v2	PARSE_FAIL_LENGTH_MISMATCH_REACTIVITY_VS_SEQPOS	NOT_RUN	NOT_RUN	NOT_RUN	0	UNPARSEABLE	RECOVERABLE	VERIFIED_CC0_RMDB	RESOLVED	parse_fail:PARSE_FAIL_LENGTH_MISMATCH_REACTIVITY_VS_SEQPOS; 39GB canonical count not yet produced (NOT_RUN)
421580927	5SRRNA_MCA_0001	5SRRNA_MCA_0001	5SRRNA_MCA_0001.rdat	f3909cd7c5ecd5dcad08421502e014be6d9f8d917a3934eed96a4da23cf3270d	reactflow_delta.d0x_v2.asset_disposition.v2	PARSE_FAIL_LENGTH_MISMATCH_REACTIVITY_VS_SEQPOS	NOT_RUN	NOT_RUN	NOT_RUN	0	UNPARSEABLE	RECOVERABLE	VERIFIED_CC0_RMDB	RESOLVED	parse_fail:PARSE_FAIL_LENGTH_MISMATCH_REACTIVITY_VS_SEQPOS; 39GB canonical count not yet produced (NOT_RUN)
421580934	5SRRNA_SHP_0001	5SRRNA_SHP_0001	5SRRNA_SHP_0001.rdat	8a09d989be5873812b6907c24e90299759b62196c4623ea6f8d7776812b286d3	reactflow_delta.d0x_v2.asset_disposition.v2	PARSE_FAIL_MALFORMED_SEQPOS	2	2	NOT_RUN	0	PARSE_FAIL_MALFORMED_SEQPOS	RECOVERABLE	VERIFIED_CC0_RMDB	RESOLVED	parse_fail:PARSE_FAIL_MALFORMED_SEQPOS
421580935	5SRRNA_SHP_0002	5SRRNA_SHP_0002	5SRRNA_SHP_0002.rdat	bc7798b23f794911d8f791091e375588ad236defb28f350e5432ad6c8c6ae0c7	reactflow_delta.d0x_v2.asset_disposition.v2	PARSE_FAIL_MALFORMED_SEQPOS	121	121	120	0	PARSE_FAIL_MALFORMED_SEQPOS	RECOVERABLE	VERIFIED_CC0_RMDB	RESOLVED	parse_fail:PARSE_FAIL_MALFORMED_SEQPOS
421580936	5SRRNA_SHP_0003	5SRRNA_SHP_0003	5SRRNA_SHP_0003.rdat	66f21e18771fba27e8824f0ed7eb86743f27eedfc025ad3dd40c3568a1a4e7be	reactflow_delta.d0x_v2.asset_disposition.v2	PARSE_FAIL_MALFORMED_SEQPOS	1	1	NOT_RUN	0	PARSE_FAIL_MALFORMED_SEQPOS	RECOVERABLE	VERIFIED_CC0_RMDB	RESOLVED	parse_fail:PARSE_FAIL_MALFORMED_SEQPOS
421580941	5SSC__1M7_0001	5SSC__1M7_0001	5SSC__1M7_0001.rdat	9240f0373d2d51bd4dd158918d9fb5590167fae58bce0f6814215293a0f6ac33	reactflow_delta.d0x_v2.asset_disposition.v2	PARSE_FAIL_LENGTH_MISMATCH_REACTIVITY_VS_SEQPOS	NOT_RUN	NOT_RUN	NOT_RUN	0	UNPARSEABLE	RECOVERABLE	VERIFIED_CC0_RMDB	RESOLVED	parse_fail:PARSE_FAIL_LENGTH_MISMATCH_REACTIVITY_VS_SEQPOS; 39GB canonical count not yet produced (NOT_RUN)
421580942	5SSC__1M7_0002	5SSC__1M7_0002	5SSC__1M7_0002.rdat	49f54587db19065a53e6338bdef49eeaa08cd711ec18cde3e870287836b01d04	reactflow_delta.d0x_v2.asset_disposition.v2	PARSE_FAIL_LENGTH_MISMATCH_REACTIVITY_VS_SEQPOS	NOT_RUN	NOT_RUN	NOT_RUN	0	UNPARSEABLE	RECOVERABLE	VERIFIED_CC0_RMDB	RESOLVED	parse_fail:PARSE_FAIL_LENGTH_MISMATCH_REACTIVITY_VS_SEQPOS; 39GB canonical count not yet produced (NOT_RUN)
421580945	5SSC__1M7_0003	5SSC__1M7_0003	5SSC__1M7_0003.rdat	cd631f51d6b66b88140d8f23096fa013d88e83bdf4c1a9986e723eecc34a41f0	reactflow_delta.d0x_v2.asset_disposition.v2	PARSE_FAIL_LENGTH_MISMATCH_REACTIVITY_VS_SEQPOS	NOT_RUN	NOT_RUN	NOT_RUN	0	UNPARSEABLE	RECOVERABLE	VERIFIED_CC0_RMDB	RESOLVED	parse_fail:PARSE_FAIL_LENGTH_MISMATCH_REACTIVITY_VS_SEQPOS; 39GB canonical count not yet produced (NOT_RUN)
421580954	5SSC__1M7_0004	5SSC__1M7_0004	5SSC__1M7_0004.rdat	8ebe40c34127173b02eb53792fa20096fce63a52d2a0a64704270eef6bb5bb9c	reactflow_delta.d0x_v2.asset_disposition.v2	PARSE_FAIL_LENGTH_MISMATCH_REACTIVITY_VS_SEQPOS	NOT_RUN	NOT_RUN	NOT_RUN	0	UNPARSEABLE	RECOVERABLE	VERIFIED_CC0_RMDB	RESOLVED	parse_fail:PARSE_FAIL_LENGTH_MISMATCH_REACTIVITY_VS_SEQPOS; 39GB canonical count not yet produced (NOT_RUN)
421580955	5SSC__1M7_0005	5SSC__1M7_0005	5SSC__1M7_0005.rdat	3075217f9236d06db7216c7d6e7a48cc7ef6c7b3c431a70cab8d514abf4d0194	reactflow_delta.d0x_v2.asset_disposition.v2	PARSE_FAIL_LENGTH_MISMATCH_REACTIVITY_VS_SEQPOS	NOT_RUN	NOT_RUN	NOT_RUN	0	UNPARSEABLE	RECOVERABLE	VERIFIED_CC0_RMDB	RESOLVED	parse_fail:PARSE_FAIL_LENGTH_MISMATCH_REACTIVITY_VS_SEQPOS; 39GB canonical count not yet produced (NOT_RUN)
421580960	5SSC__1M7_0006	5SSC__1M7_0006	5SSC__1M7_0006.rdat	16894452fceb59b0c09b9eebce66072d0761a27ba43b474298a3c5f96b28b13d	reactflow_delta.d0x_v2.asset_disposition.v2	PARSE_FAIL_LENGTH_MISMATCH_REACTIVITY_VS_SEQPOS	NOT_RUN	NOT_RUN	NOT_RUN	0	UNPARSEABLE	RECOVERABLE	VERIFIED_CC0_RMDB	RESOLVED	parse_fail:PARSE_FAIL_LENGTH_MISMATCH_REACTIVITY_VS_SEQPOS; 39GB canonical count not yet produced (NOT_RUN)
421580151	ADD125_STD_0001	ADD125_STD_0001	ADD125_STD_0001.rdat	d53fd59957cae772e0e25fc44dbd677a5effff2aec480068869998e093cf3813	reactflow_delta.d0x_v2.asset_disposition.v2	PARSE_SUCCESS	6	6	NOT_RUN	0	NONE	NOT_APPLICABLE	VERIFIED_CC0_RMDB	RESOLVED	
421580153	ADD140_1M7_0001	ADD140_1M7_0001	ADD140_1M7_0001.rdat	1e423bf88c548dae8e40891ba4dd534bf658561f8dee884d5b6f3362b3376fa4	reactflow_delta.d0x_v2.asset_disposition.v2	PARSE_SUCCESS	129	129	128	0	NONE	NOT_APPLICABLE	VERIFIED_CC0_RMDB	RESOLVED	
421580152	ADD140_1M7_0002	ADD140_1M7_0002	ADD140_1M7_0002.rdat	af1b6d140ca125b63691878562c4e84489d8cc93243a821118f327d48124b72b	reactflow_delta.d0x_v2.asset_disposition.v2	PARSE_SUCCESS	129	129	128	0	NONE	NOT_APPLICABLE	VERIFIED_CC0_RMDB	RESOLVED	
421580148	ADD140_1M7_0003	ADD140_1M7_0003	ADD140_1M7_0003.rdat	c86c66428604084be2d4f3e51602e61741071de3ccc93838c415af0ad843f577	reactflow_delta.d0x_v2.asset_disposition.v2	PARSE_SUCCESS	129	129	128	0	NONE	NOT_APPLICABLE	VERIFIED_CC0_RMDB	RESOLVED	
421580150	ADD140_1M7_0004	ADD140_1M7_0004	ADD140_1M7_0004.rdat	0f0a405b46110022d4fe63b677e85603f46b6ec7695368bb3295f6fdc5b6a433	reactflow_delta.d0x_v2.asset_disposition.v2	PARSE_SUCCESS	129	129	128	0	NONE	NOT_APPLICABLE	VERIFIED_CC0_RMDB	RESOLVED	
421580155	ADD140_1M7_0005	ADD140_1M7_0005	ADD140_1M7_0005.rdat	1e68993d82f2ab22bf27f2833033fbc2a5db8baed6f64f49221f661d7349d74e	reactflow_delta.d0x_v2.asset_disposition.v2	PARSE_SUCCESS	129	129	128	0	NONE	NOT_APPLICABLE	VERIFIED_CC0_RMDB	RESOLVED	
421580156	ADD140_1M7_0006	ADD140_1M7_0006	ADD140_1M7_0006.rdat	2187ca233dec0e229fd897198aab5f853df268f40a2f8213b5835f0164a7c1bf	reactflow_delta.d0x_v2.asset_disposition.v2	PARSE_SUCCESS	129	129	128	0	NONE	NOT_APPLICABLE	VERIFIED_CC0_RMDB	RESOLVED	
421580157	ADD140_1M7_0007	ADD140_1M7_0007	ADD140_1M7_0007.rdat	b60ca9fc06bd34a708a6ce27603bd010a9052b84867ae2085f7464a84d418af6	reactflow_delta.d0x_v2.asset_disposition.v2	PARSE_SUCCESS	129	129	128	0	NONE	NOT_APPLICABLE	VERIFIED_CC0_RMDB	RESOLVED	
421580158	ADD140_1M7_0008	ADD140_1M7_0008	ADD140_1M7_0008.rdat	f7eb5f261f94d67ba83a0464a2926173434166433a210b79bbe81c821a658fb9	reactflow_delta.d0x_v2.asset_disposition.v2	PARSE_SUCCESS	129	129	128	0	NONE	NOT_APPLICABLE	VERIFIED_CC0_RMDB	RESOLVED	
421580159	ADD140_1M7_0009	ADD140_1M7_0009	ADD140_1M7_0009.rdat	eed1e6bea12a64913a7898d9b67902d1b0c26603730f9806c49c9bfeaf677585	reactflow_delta.d0x_v2.asset_disposition.v2	PARSE_SUCCESS	129	129	128	0	NONE	NOT_APPLICABLE	VERIFIED_CC0_RMDB	RESOLVED	
421580160	ADD140_1M7_0010	ADD140_1M7_0010	ADD140_1M7_0010.rdat	791f737ceb38e350488b829f63c85426df521d196f83d7c58dab6b239ae5dac4	reactflow_delta.d0x_v2.asset_disposition.v2	PARSE_SUCCESS	129	129	128	0	NONE	NOT_APPLICABLE	VERIFIED_CC0_RMDB	RESOLVED	
421580162	ADD140_1M7_0011	ADD140_1M7_0011	ADD140_1M7_0011.rdat	91fb5bd65f3759c10fe76483459d860115e1e734a9f8014417e72a93c8431018	reactflow_delta.d0x_v2.asset_disposition.v2	PARSE_SUCCESS	129	129	128	0	NONE	NOT_APPLICABLE	VERIFIED_CC0_RMDB	RESOLVED	
421580163	ADD140_1M7_0012	ADD140_1M7_0012	ADD140_1M7_0012.rdat	a468eedfb81aecac6e5908b1b9f6d074dc0c9189ef98d409c41d8b3e93f5b66f	reactflow_delta.d0x_v2.asset_disposition.v2	PARSE_SUCCESS	129	129	128	0	NONE	NOT_APPLICABLE	VERIFIED_CC0_RMDB	RESOLVED	
421580164	ADD140_1M7_0013	ADD140_1M7_0013	ADD140_1M7_0013.rdat	62b08253a3bede91ca88dc88ebbe3704f4db767ac14a7c3613508c5eac2e919b	reactflow_delta.d0x_v2.asset_disposition.v2	PARSE_SUCCESS	129	129	128	0	NONE	NOT_APPLICABLE	VERIFIED_CC0_RMDB	RESOLVED	
421580165	ADD140_1M7_0014	ADD140_1M7_0014	ADD140_1M7_0014.rdat	7ab853b6e8f5404404ab597c623c257422df44efd2e8572f0015f81dffaa3957	reactflow_delta.d0x_v2.asset_disposition.v2	PARSE_SUCCESS	129	129	128	0	NONE	NOT_APPLICABLE	VERIFIED_CC0_RMDB	RESOLVED	
421580169	ADD140_DCP_0001	ADD140_DCP_0001	ADD140_DCP_0001.rdat	6c3ab264c83acd23d12a6239530a44b9572b004d493ba01481a8a79666fdd976	reactflow_delta.d0x_v2.asset_disposition.v2	PARSE_SUCCESS	30	30	NOT_RUN	0	NONE	NOT_APPLICABLE	VERIFIED_CC0_RMDB	RESOLVED	
421580171	ADD140_DCP_0002	ADD140_DCP_0002	ADD140_DCP_0002.rdat	935abf715fccab839fb1500ad36141c5f736322a0124a0865e5ad7fec584d265	reactflow_delta.d0x_v2.asset_disposition.v2	PARSE_SUCCESS	30	30	NOT_RUN	0	NONE	NOT_APPLICABLE	VERIFIED_CC0_RMDB	RESOLVED	
421580172	ADD140_LCK_0001	ADD140_LCK_0001	ADD140_LCK_0001.rdat	77342319e5cc67eb4c8d9b86d3914972a59a800e3df169bc29a7069a20d94a17	reactflow_delta.d0x_v2.asset_disposition.v2	PARSE_SUCCESS	40	40	20	0	NONE	NOT_APPLICABLE	VERIFIED_CC0_RMDB	RESOLVED	
421580173	ADD140_LCK_0002	ADD140_LCK_0002	ADD140_LCK_0002.rdat	5cc0cf96401436b540d34acc94189074f757878a268fbc341d614e9895676645	reactflow_delta.d0x_v2.asset_disposition.v2	PARSE_SUCCESS	60	60	30	0	NONE	NOT_APPLICABLE	VERIFIED_CC0_RMDB	RESOLVED	
421580175	ADD140_LCK_0003	ADD140_LCK_0003	ADD140_LCK_0003.rdat	6fe3e5f72476606da0c4bd115942f424362424ffa33f939a0b7d55d065fc35a6	reactflow_delta.d0x_v2.asset_disposition.v2	PARSE_SUCCESS	68	68	34	0	NONE	NOT_APPLICABLE	VERIFIED_CC0_RMDB	RESOLVED	
421580177	ADD140_LCK_0004	ADD140_LCK_0004	ADD140_LCK_0004.rdat	7ebd45b69c78cc13dd721aadef18fe5595a5dc6e934a28792f99662673f9a9fd	reactflow_delta.d0x_v2.asset_disposition.v2	PARSE_SUCCESS	96	96	48	0	NONE	NOT_APPLICABLE	VERIFIED_CC0_RMDB	RESOLVED	
421580176	ADD140_LCK_0005	ADD140_LCK_0005	ADD140_LCK_0005.rdat	605075998ed3f820c616717187a586ce41927b9dd9fbdc3e20a6bff417b4ebad	reactflow_delta.d0x_v2.asset_disposition.v2	PARSE_SUCCESS	64	64	32	0	NONE	NOT_APPLICABLE	VERIFIED_CC0_RMDB	RESOLVED	
421580179	ADD140_LCK_0006	ADD140_LCK_0006	ADD140_LCK_0006.rdat	67e9bb408ac0b40e9e674608caed40adbeab8f0bf39aa64e0a1cdee50344f959	reactflow_delta.d0x_v2.asset_disposition.v2	PARSE_SUCCESS	60	60	30	0	NONE	NOT_APPLICABLE	VERIFIED_CC0_RMDB	RESOLVED	
421580185	ADD140_RSQ_0001	ADD140_RSQ_0001	ADD140_RSQ_0001.rdat	4dafcc0ea19c8ec5e014614b0dbe6766e22459f3272b8b8f3f84c96854e6b7f3	reactflow_delta.d0x_v2.asset_disposition.v2	PARSE_SUCCESS	380	380	190	0	NONE	NOT_APPLICABLE	VERIFIED_CC0_RMDB	RESOLVED	
421580186	ADD140_RSQ_0002	ADD140_RSQ_0002	ADD140_RSQ_0002.rdat	6ce8374b061fb96b476f986f08a4bff19ff0436df0e227efce21adb65fa2fc0f	reactflow_delta.d0x_v2.asset_disposition.v2	PARSE_SUCCESS	380	380	190	0	NONE	NOT_APPLICABLE	VERIFIED_CC0_RMDB	RESOLVED	
421580187	ADD140_RSQ_0003	ADD140_RSQ_0003	ADD140_RSQ_0003.rdat	d268afd1493375846da47d2e8db07f93b69e577b121e77d700b19fbbead84965	reactflow_delta.d0x_v2.asset_disposition.v2	PARSE_SUCCESS	176	176	NOT_RUN	0	NONE	NOT_APPLICABLE	VERIFIED_CC0_RMDB	RESOLVED	
421580189	ADD140_RSQ_0004	ADD140_RSQ_0004	ADD140_RSQ_0004.rdat	702eb396d3da2bf3bcbe90f554fa4b2b22eb7b351ed977032f1a3cf74870b9cf	reactflow_delta.d0x_v2.asset_disposition.v2	PARSE_SUCCESS	176	176	NOT_RUN	0	NONE	NOT_APPLICABLE	VERIFIED_CC0_RMDB	RESOLVED	
421580190	ADD140_STD_0001	ADD140_STD_0001	ADD140_STD_0001.rdat	d64dbc3fa52ce018ae80c9f8983e5f388c9631c43e5cc5032c02b2098ffa6310	reactflow_delta.d0x_v2.asset_disposition.v2	PARSE_SUCCESS	6	6	NOT_RUN	0	NONE	NOT_APPLICABLE	VERIFIED_CC0_RMDB	RESOLVED	
421580192	ADD71_STD_0001	ADD71_STD_0001	ADD71_STD_0001.rdat	5842d5b6fffe4b4a7180eabea3bc6f0dce56b3a02ec2f5d539654c337b366a92	reactflow_delta.d0x_v2.asset_disposition.v2	PARSE_SUCCESS	6	6	NOT_RUN	0	NONE	NOT_APPLICABLE	VERIFIED_CC0_RMDB	RESOLVED	
421580193	ADDAPO_DCP_0000	ADDAPO_DCP_0000	ADDAPO_DCP_0000.rdat	7fdef14a632e540b507daf84fcd4c0ef36d243d654a4c9d4a9d51d0c0ef4cd6e	reactflow_delta.d0x_v2.asset_disposition.v2	PARSE_FAIL_LENGTH_MISMATCH_REACTIVITY_VS_SEQPOS	NOT_RUN	NOT_RUN	NOT_RUN	0	UNPARSEABLE	RECOVERABLE	VERIFIED_CC0_RMDB	RESOLVED	parse_fail:PARSE_FAIL_LENGTH_MISMATCH_REACTIVITY_VS_SEQPOS; 39GB canonical count not yet produced (NOT_RUN)
421580195	ADDHLO_DCP_0000	ADDHLO_DCP_0000	ADDHLO_DCP_0000.rdat	331472f4c177bf9e160f9516cf4354ce8edaf0a70bf443fe2007489b98883695	reactflow_delta.d0x_v2.asset_disposition.v2	PARSE_FAIL_LENGTH_MISMATCH_REACTIVITY_VS_SEQPOS	NOT_RUN	NOT_RUN	NOT_RUN	0	UNPARSEABLE	RECOVERABLE	VERIFIED_CC0_RMDB	RESOLVED	parse_fail:PARSE_FAIL_LENGTH_MISMATCH_REACTIVITY_VS_SEQPOS; 39GB canonical count not yet produced (NOT_RUN)
421580196	ADDRSW_1M7_0001	ADDRSW_1M7_0001	ADDRSW_1M7_0001.rdat	71594d091fa20323d6463a75c59e32c76a29955776db5c2b505fa3c3eb5692e1	reactflow_delta.d0x_v2.asset_disposition.v2	PARSE_FAIL_LENGTH_MISMATCH_REACTIVITY_VS_SEQPOS	NOT_RUN	NOT_RUN	NOT_RUN	0	UNPARSEABLE	RECOVERABLE	VERIFIED_CC0_RMDB	RESOLVED	parse_fail:PARSE_FAIL_LENGTH_MISMATCH_REACTIVITY_VS_SEQPOS; 39GB canonical count not yet produced (NOT_RUN)
421580201	ADDRSW_1M7_0002	ADDRSW_1M7_0002	ADDRSW_1M7_0002.rdat	a1340811758407ed5eed6293db186eebe7628844b4d79b1cbdd1563cc440eaf1	reactflow_delta.d0x_v2.asset_disposition.v2	PARSE_FAIL_LENGTH_MISMATCH_REACTIVITY_VS_SEQPOS	NOT_RUN	NOT_RUN	NOT_RUN	0	UNPARSEABLE	RECOVERABLE	VERIFIED_CC0_RMDB	RESOLVED	parse_fail:PARSE_FAIL_LENGTH_MISMATCH_REACTIVITY_VS_SEQPOS; 39GB canonical count not yet produced (NOT_RUN)
421580200	ADDRSW_1M7_0003	ADDRSW_1M7_0003	ADDRSW_1M7_0003.rdat	282e4470af7a24d21dcc0beadfa364c349166a4f44ab83f74dcb24b73c6e05e9	reactflow_delta.d0x_v2.asset_disposition.v2	PARSE_FAIL_LENGTH_MISMATCH_REACTIVITY_VS_SEQPOS	NOT_RUN	NOT_RUN	NOT_RUN	0	UNPARSEABLE	RECOVERABLE	VERIFIED_CC0_RMDB	RESOLVED	parse_fail:PARSE_FAIL_LENGTH_MISMATCH_REACTIVITY_VS_SEQPOS; 39GB canonical count not yet produced (NOT_RUN)
421580203	ADDRSW_1M7_0005	ADDRSW_1M7_0005	ADDRSW_1M7_0005.rdat	c0a1d887fff5d9f0472b6a4bca68ac2f4a35b34a9d7d4704d3c60a8ab27526b5	reactflow_delta.d0x_v2.asset_disposition.v2	PARSE_FAIL_LENGTH_MISMATCH_REACTIVITY_VS_SEQPOS	NOT_RUN	NOT_RUN	NOT_RUN	0	UNPARSEABLE	RECOVERABLE	VERIFIED_CC0_RMDB	RESOLVED	parse_fail:PARSE_FAIL_LENGTH_MISMATCH_REACTIVITY_VS_SEQPOS; 39GB canonical count not yet produced (NOT_RUN)
421580205	ADDRSW_1M7_0006	ADDRSW_1M7_0006	ADDRSW_1M7_0006.rdat	b036362dca8c75c9e24f6dca2b18a4bb96ad249d8b2e572f4d3ad835de2073b1	reactflow_delta.d0x_v2.asset_disposition.v2	PARSE_FAIL_LENGTH_MISMATCH_REACTIVITY_VS_SEQPOS	NOT_RUN	NOT_RUN	NOT_RUN	0	UNPARSEABLE	RECOVERABLE	VERIFIED_CC0_RMDB	RESOLVED	parse_fail:PARSE_FAIL_LENGTH_MISMATCH_REACTIVITY_VS_SEQPOS; 39GB canonical count not yet produced (NOT_RUN)
421580207	ADDRSW_CMC_0001	ADDRSW_CMC_0001	ADDRSW_CMC_0001.rdat	c0b0c04cec51fc75e527bcd0a82c6c8517c5fd3b8529a1e5cfd5ae44a01584a5	reactflow_delta.d0x_v2.asset_disposition.v2	PARSE_FAIL_MALFORMED_SEQPOS	1	1	NOT_RUN	0	PARSE_FAIL_MALFORMED_SEQPOS	RECOVERABLE	VERIFIED_CC0_RMDB	RESOLVED	parse_fail:PARSE_FAIL_MALFORMED_SEQPOS
421580208	ADDRSW_CMC_0005	ADDRSW_CMC_0005	ADDRSW_CMC_0005.rdat	d22ea009c9a255316472e04d2f1065019ee549f021482c19ff085e7716de95b3	reactflow_delta.d0x_v2.asset_disposition.v2	PARSE_FAIL_LENGTH_MISMATCH_REACTIVITY_VS_SEQPOS	NOT_RUN	NOT_RUN	NOT_RUN	0	UNPARSEABLE	RECOVERABLE	VERIFIED_CC0_RMDB	RESOLVED	parse_fail:PARSE_FAIL_LENGTH_MISMATCH_REACTIVITY_VS_SEQPOS; 39GB canonical count not yet produced (NOT_RUN)
421580209	ADDRSW_DMS_0001	ADDRSW_DMS_0001	ADDRSW_DMS_0001.rdat	efdfb13ef40b0287358f09ba5dc22618a0878475a1500d1b844e0059e4f6a00c	reactflow_delta.d0x_v2.asset_disposition.v2	PARSE_FAIL_MALFORMED_SEQPOS	1	1	NOT_RUN	0	PARSE_FAIL_MALFORMED_SEQPOS	RECOVERABLE	VERIFIED_CC0_RMDB	RESOLVED	parse_fail:PARSE_FAIL_MALFORMED_SEQPOS
421580211	ADDRSW_DMS_0005	ADDRSW_DMS_0005	ADDRSW_DMS_0005.rdat	aed5d637a11f42d716f1efb1d2a34f03493e963fdc6f9f15729359c4917001e5	reactflow_delta.d0x_v2.asset_disposition.v2	PARSE_FAIL_LENGTH_MISMATCH_REACTIVITY_VS_SEQPOS	NOT_RUN	NOT_RUN	NOT_RUN	0	UNPARSEABLE	RECOVERABLE	VERIFIED_CC0_RMDB	RESOLVED	parse_fail:PARSE_FAIL_LENGTH_MISMATCH_REACTIVITY_VS_SEQPOS; 39GB canonical count not yet produced (NOT_RUN)
421580214	ADDRSW_DMS_0006	ADDRSW_DMS_0006	ADDRSW_DMS_0006.rdat	a8ea120c64faceada1f4f6eb165f42444602d3241f9b6a56be28a55716a666ab	reactflow_delta.d0x_v2.asset_disposition.v2	PARSE_FAIL_LENGTH_MISMATCH_REACTIVITY_VS_SEQPOS	NOT_RUN	NOT_RUN	NOT_RUN	0	UNPARSEABLE	RECOVERABLE	VERIFIED_CC0_RMDB	RESOLVED	parse_fail:PARSE_FAIL_LENGTH_MISMATCH_REACTIVITY_VS_SEQPOS; 39GB canonical count not yet produced (NOT_RUN)
421580215	ADDRSW_SHP_0001	ADDRSW_SHP_0001	ADDRSW_SHP_0001.rdat	731ef0da63473c4e01246b1cdc592fc921ae634e7dd444d59d5fcacbc2258b74	reactflow_delta.d0x_v2.asset_disposition.v2	PARSE_FAIL_MALFORMED_SEQPOS	2	2	NOT_RUN	0	PARSE_FAIL_MALFORMED_SEQPOS	RECOVERABLE	VERIFIED_CC0_RMDB	RESOLVED	parse_fail:PARSE_FAIL_MALFORMED_SEQPOS
421580216	ADDRSW_SHP_0002	ADDRSW_SHP_0002	ADDRSW_SHP_0002.rdat	da60f2510e4fbc7f8cc1798642e89d748dbd3d4bcf76bd09f8cd8335fbcce7d4	reactflow_delta.d0x_v2.asset_disposition.v2	PARSE_FAIL_MALFORMED_SEQPOS	72	72	71	0	PARSE_FAIL_MALFORMED_SEQPOS	RECOVERABLE	VERIFIED_CC0_RMDB	RESOLVED	parse_fail:PARSE_FAIL_MALFORMED_SEQPOS
421580220	ADDRSW_SHP_0003	ADDRSW_SHP_0003	ADDRSW_SHP_0003.rdat	cb2d8c218512fbbe76149399c0e88c6e5f9f43957413de254a49a7c40b2e53e5	reactflow_delta.d0x_v2.asset_disposition.v2	PARSE_FAIL_MALFORMED_SEQPOS	72	72	71	0	PARSE_FAIL_MALFORMED_SEQPOS	RECOVERABLE	VERIFIED_CC0_RMDB	RESOLVED	parse_fail:PARSE_FAIL_MALFORMED_SEQPOS
421580222	ADDRSW_SHP_0004	ADDRSW_SHP_0004	ADDRSW_SHP_0004.rdat	e0f2f011622da9497a17afd452a37f5f8cc7355e61b6c9e6fea18901b11b2dcc	reactflow_delta.d0x_v2.asset_disposition.v2	PARSE_FAIL_MALFORMED_SEQPOS	72	72	71	0	PARSE_FAIL_MALFORMED_SEQPOS	RECOVERABLE	VERIFIED_CC0_RMDB	RESOLVED	parse_fail:PARSE_FAIL_MALFORMED_SEQPOS
421580225	ADDRSW_SHP_0005	ADDRSW_SHP_0005	ADDRSW_SHP_0005.rdat	a638158eb82d03a4bd80676e39c138c5715eac59a09f72cca2ed105168eafa9d	reactflow_delta.d0x_v2.asset_disposition.v2	PARSE_FAIL_MALFORMED_SEQPOS	1	1	NOT_RUN	0	PARSE_FAIL_MALFORMED_SEQPOS	RECOVERABLE	VERIFIED_CC0_RMDB	RESOLVED	parse_fail:PARSE_FAIL_MALFORMED_SEQPOS
421580241	ADDSCHW_1M7_0000	ADDSCHW_1M7_0000	ADDSCHW_1M7_0000.rdat	78311607b71859aa7d7a4d95af8cfdae19bd1ed632639b0825b7b79c7a79cfd7	reactflow_delta.d0x_v2.asset_disposition.v2	PARSE_FAIL_LENGTH_MISMATCH_REACTIVITY_VS_SEQPOS	NOT_RUN	NOT_RUN	NOT_RUN	0	UNPARSEABLE	RECOVERABLE	VERIFIED_CC0_RMDB	RESOLVED	parse_fail:PARSE_FAIL_LENGTH_MISMATCH_REACTIVITY_VS_SEQPOS; 39GB canonical count not yet produced (NOT_RUN)
421580252	ADDSCHW_1M7_0001	ADDSCHW_1M7_0001	ADDSCHW_1M7_0001.rdat	d29e9a7cd09fe8d278ea4d5e564bd6d9fa78d1cb5aa605d69d5030af83350d7a	reactflow_delta.d0x_v2.asset_disposition.v2	PARSE_FAIL_LENGTH_MISMATCH_REACTIVITY_VS_SEQPOS	NOT_RUN	NOT_RUN	NOT_RUN	0	UNPARSEABLE	RECOVERABLE	VERIFIED_CC0_RMDB	RESOLVED	parse_fail:PARSE_FAIL_LENGTH_MISMATCH_REACTIVITY_VS_SEQPOS; 39GB canonical count not yet produced (NOT_RUN)
421580224	ADDSC_1M7_0001	ADDSC_1M7_0001	ADDSC_1M7_0001.rdat	ba7304e3a77a3700cfcbd01942b57317de0d24575e9100be08ea6841106f13e8	reactflow_delta.d0x_v2.asset_disposition.v2	PARSE_FAIL_LENGTH_MISMATCH_REACTIVITY_VS_SEQPOS	NOT_RUN	NOT_RUN	NOT_RUN	0	UNPARSEABLE	RECOVERABLE	VERIFIED_CC0_RMDB	RESOLVED	parse_fail:PARSE_FAIL_LENGTH_MISMATCH_REACTIVITY_VS_SEQPOS; 39GB canonical count not yet produced (NOT_RUN)
421580228	ADDSC_1M7_0002	ADDSC_1M7_0002	ADDSC_1M7_0002.rdat	accda46871069b571b3135a03184760fdc67f7856a302721b47519ad85502af3	reactflow_delta.d0x_v2.asset_disposition.v2	PARSE_FAIL_LENGTH_MISMATCH_REACTIVITY_VS_SEQPOS	NOT_RUN	NOT_RUN	NOT_RUN	0	UNPARSEABLE	RECOVERABLE	VERIFIED_CC0_RMDB	RESOLVED	parse_fail:PARSE_FAIL_LENGTH_MISMATCH_REACTIVITY_VS_SEQPOS; 39GB canonical count not yet produced (NOT_RUN)
421580227	ADDSC_1M7_0003	ADDSC_1M7_0003	ADDSC_1M7_0003.rdat	4d4d1f4e5f7e3b4feb814a63aca716633519354462d00542ae92c77d5bd98a2e	reactflow_delta.d0x_v2.asset_disposition.v2	PARSE_FAIL_LENGTH_MISMATCH_REACTIVITY_VS_SEQPOS	NOT_RUN	NOT_RUN	NOT_RUN	0	UNPARSEABLE	RECOVERABLE	VERIFIED_CC0_RMDB	RESOLVED	parse_fail:PARSE_FAIL_LENGTH_MISMATCH_REACTIVITY_VS_SEQPOS; 39GB canonical count not yet produced (NOT_RUN)
421580229	ADDSC_1M7_0004	ADDSC_1M7_0004	ADDSC_1M7_0004.rdat	7cff0b338c64fbb94748222a3a0f3723eefba312a8b6f0b516ade503c7576c81	reactflow_delta.d0x_v2.asset_disposition.v2	PARSE_FAIL_LENGTH_MISMATCH_REACTIVITY_VS_SEQPOS	NOT_RUN	NOT_RUN	NOT_RUN	0	UNPARSEABLE	RECOVERABLE	VERIFIED_CC0_RMDB	RESOLVED	parse_fail:PARSE_FAIL_LENGTH_MISMATCH_REACTIVITY_VS_SEQPOS; 39GB canonical count not yet produced (NOT_RUN)
421580244	ADDSC_1M7_0005	ADDSC_1M7_0005	ADDSC_1M7_0005.rdat	975a31137bc1cad1a0ef2fdc8944cf4ea0fa5dce76abce6b488d3de5c3ba4a78	reactflow_delta.d0x_v2.asset_disposition.v2	PARSE_FAIL_LENGTH_MISMATCH_REACTIVITY_VS_SEQPOS	NOT_RUN	NOT_RUN	NOT_RUN	0	UNPARSEABLE	RECOVERABLE	VERIFIED_CC0_RMDB	RESOLVED	parse_fail:PARSE_FAIL_LENGTH_MISMATCH_REACTIVITY_VS_SEQPOS; 39GB canonical count not yet produced (NOT_RUN)
421580242	ADDSC_1M7_0006	ADDSC_1M7_0006	ADDSC_1M7_0006.rdat	3ee0e171af4585eb3c6216e4e2dd435f9bd5c79d16d48bb298a332fded2f1723	reactflow_delta.d0x_v2.asset_disposition.v2	PARSE_FAIL_LENGTH_MISMATCH_REACTIVITY_VS_SEQPOS	NOT_RUN	NOT_RUN	NOT_RUN	0	UNPARSEABLE	RECOVERABLE	VERIFIED_CC0_RMDB	RESOLVED	parse_fail:PARSE_FAIL_LENGTH_MISMATCH_REACTIVITY_VS_SEQPOS; 39GB canonical count not yet produced (NOT_RUN)
421580243	ADDSC_1M7_0007	ADDSC_1M7_0007	ADDSC_1M7_0007.rdat	980768f75ae9a7a15e24669ddc63197b703082e0435072251636c465911931d8	reactflow_delta.d0x_v2.asset_disposition.v2	PARSE_FAIL_MISSING_REACTIVITY_ROWS	1	1	NOT_RUN	0	PARSE_FAIL_MISSING_REACTIVITY_ROWS	RECOVERABLE	VERIFIED_CC0_RMDB	RESOLVED	parse_fail:PARSE_FAIL_MISSING_REACTIVITY_ROWS
421580245	ADDSC_1M7_0008	ADDSC_1M7_0008	ADDSC_1M7_0008.rdat	909e3276d28210d75d16009cc3eac4c1ca73e884fd2c57221177dd191f140407	reactflow_delta.d0x_v2.asset_disposition.v2	PARSE_FAIL_MISSING_REACTIVITY_ROWS	3	3	NOT_RUN	0	PARSE_FAIL_MISSING_REACTIVITY_ROWS	RECOVERABLE	VERIFIED_CC0_RMDB	RESOLVED	parse_fail:PARSE_FAIL_MISSING_REACTIVITY_ROWS
421591902	ADOCBL_DMS_0000	ADOCBL_DMS_0000	ADOCBL_DMS_0000.rdat	71e336f1e8644c93682d285cf997aeee6b117a2cf2499e793bbe6a8d81f5c6d0	reactflow_delta.d0x_v2.asset_disposition.v2	PARSE_FAIL_MALFORMED_SEQPOS	226	226	NOT_RUN	0	PARSE_FAIL_MALFORMED_SEQPOS	RECOVERABLE	VERIFIED_CC0_RMDB	RESOLVED	parse_fail:PARSE_FAIL_MALFORMED_SEQPOS
421591904	ADOCBL_DMS_0001	ADOCBL_DMS_0001	ADOCBL_DMS_0001.rdat	754e5d6bd5394c2fc8c45b23836754abc8bd4133bfa7d57c05d4d037fd4b3c7a	reactflow_delta.d0x_v2.asset_disposition.v2	PARSE_FAIL_MALFORMED_SEQPOS	226	226	NOT_RUN	0	PARSE_FAIL_MALFORMED_SEQPOS	RECOVERABLE	VERIFIED_CC0_RMDB	RESOLVED	parse_fail:PARSE_FAIL_MALFORMED_SEQPOS
421591899	ADOCBL_DMS_0002	ADOCBL_DMS_0002	ADOCBL_DMS_0002.rdat	23ffff6b428556c5e2db179bba8cdcefc1e1ec43d14f2eede6ec95218ff8f1f7	reactflow_delta.d0x_v2.asset_disposition.v2	PARSE_FAIL_MALFORMED_SEQPOS	226	226	NOT_RUN	0	PARSE_FAIL_MALFORMED_SEQPOS	RECOVERABLE	VERIFIED_CC0_RMDB	RESOLVED	parse_fail:PARSE_FAIL_MALFORMED_SEQPOS
421591901	ADOCBL_DMS_0003	ADOCBL_DMS_0003	ADOCBL_DMS_0003.rdat	e317c9311b9fc2d8939cd40b896267a9923ec1f1664316801be3156cea15dbe8	reactflow_delta.d0x_v2.asset_disposition.v2	PARSE_FAIL_MALFORMED_SEQPOS	226	226	NOT_RUN	0	PARSE_FAIL_MALFORMED_SEQPOS	RECOVERABLE	VERIFIED_CC0_RMDB	RESOLVED	parse_fail:PARSE_FAIL_MALFORMED_SEQPOS
421591900	AGSARNA_1M7_0001	AGSARNA_1M7_0001	AGSARNA_1M7_0001.rdat	879c41f8c564d49ff5074cb10517ac3c343a98ca0af948f5446462d62f4d37ea	reactflow_delta.d0x_v2.asset_disposition.v2	PARSE_FAIL_OTHER	18	18	12	0	PARSE_FAIL_OTHER	UNRECOVERABLE	VERIFIED_CC0_RMDB	UNRESOLVED_PUBLICATION	parse_fail:PARSE_FAIL_OTHER
421591914	AGSARNA_1M7_0002	AGSARNA_1M7_0002	AGSARNA_1M7_0002.rdat	56e68493c28ef82aefa59669d8f072c30d839f3a6a2645307ba0c41020c6f844	reactflow_delta.d0x_v2.asset_disposition.v2	PARSE_FAIL_OTHER	6	6	NOT_RUN	0	PARSE_FAIL_OTHER	UNRECOVERABLE	VERIFIED_CC0_RMDB	UNRESOLVED_PUBLICATION	parse_fail:PARSE_FAIL_OTHER
421591916	AGSARNA_1M7_0003	AGSARNA_1M7_0003	AGSARNA_1M7_0003.rdat	0d0c7cac9732889eccd542185b53c791d57bf8c2205a5320e4e365809dc47450	reactflow_delta.d0x_v2.asset_disposition.v2	PARSE_FAIL_OTHER	6	6	NOT_RUN	0	PARSE_FAIL_OTHER	UNRECOVERABLE	VERIFIED_CC0_RMDB	UNRESOLVED_PUBLICATION	parse_fail:PARSE_FAIL_OTHER
421591919	AGSARNA_1M7_0004	AGSARNA_1M7_0004	AGSARNA_1M7_0004.rdat	62f001fb23b539788010df0c15a390347287ec84919d97fefdd2bd81be01a9bc	reactflow_delta.d0x_v2.asset_disposition.v2	PARSE_FAIL_OTHER	6	6	NOT_RUN	0	PARSE_FAIL_OTHER	UNRECOVERABLE	VERIFIED_CC0_RMDB	UNRESOLVED_PUBLICATION	parse_fail:PARSE_FAIL_OTHER
421591918	AGSARNA_1M7_0005	AGSARNA_1M7_0005	AGSARNA_1M7_0005.rdat	377346860a524f67cf4fef44840a8fa3e3b68e4e01fce72d3a6e4bba5a5c234a	reactflow_delta.d0x_v2.asset_disposition.v2	PARSE_FAIL_OTHER	18	18	12	0	PARSE_FAIL_OTHER	UNRECOVERABLE	VERIFIED_CC0_RMDB	UNRESOLVED_PUBLICATION	parse_fail:PARSE_FAIL_OTHER
421591917	AGSARNA_1M7_0006	AGSARNA_1M7_0006	AGSARNA_1M7_0006.rdat	526999109931f0fa761c7cf8e09c10a3197add0f97c3feddc7e326d73e3a5251	reactflow_delta.d0x_v2.asset_disposition.v2	PARSE_FAIL_OTHER	2	2	NOT_RUN	0	PARSE_FAIL_OTHER	UNRECOVERABLE	VERIFIED_CC0_RMDB	UNRESOLVED_PUBLICATION	parse_fail:PARSE_FAIL_OTHER
421591920	AMGA3_DMS_0001	AMGA3_DMS_0001	AMGA3_DMS_0001.rdat	a03418529891a73ce28f9b5bbfc7440452ab762d739559e6dd8717682af4b680	reactflow_delta.d0x_v2.asset_disposition.v2	PARSE_SUCCESS	32	32	NOT_RUN	0	NONE	NOT_APPLICABLE	VERIFIED_CC0_RMDB	RESOLVED	
421591924	AMGNA3_DMS_0001	AMGNA3_DMS_0001	AMGNA3_DMS_0001.rdat	fc975450892ae65cebafbce42a3834898e454d3985d719aaefe95338cd5bc5ae	reactflow_delta.d0x_v2.asset_disposition.v2	PARSE_SUCCESS	32	32	NOT_RUN	0	NONE	NOT_APPLICABLE	VERIFIED_CC0_RMDB	RESOLVED	
421591925	ARCHII_2A3_0000	ARCHII_2A3_0000	ARCHII_2A3_0000.rdat	f7cfcf45782444c0bda0e12f80fa96f3cc4fd4c3714cd8dc22027873f71c91c6	reactflow_delta.d0x_v2.asset_disposition.v2	PARSE_SUCCESS	26517	26517	NOT_RUN	0	NONE	NOT_APPLICABLE	VERIFIED_CC0_RMDB	UNRESOLVED_PUBLICATION	
421591923	ARCHII_DMS_0000	ARCHII_DMS_0000	ARCHII_DMS_0000.rdat	e938c8c8cb22372914b6cb08147c035c54f1d1fcda9eb9608088e238e4ff18de	reactflow_delta.d0x_v2.asset_disposition.v2	PARSE_SUCCESS	26517	26517	NOT_RUN	0	NONE	NOT_APPLICABLE	VERIFIED_CC0_RMDB	UNRESOLVED_PUBLICATION	
421591928	ATPAMP_DMS_0000	ATPAMP_DMS_0000	ATPAMP_DMS_0000.rdat	6cdb1e09aad7306abbebdc7cc7298614edb7e7465c02dac4efb968dc7f7ee621	reactflow_delta.d0x_v2.asset_disposition.v2	PARSE_FAIL_ANNOTATION_MISSING_SEPARATOR	200	200	NOT_RUN	0	PARSE_FAIL_ANNOTATION_MISSING_SEPARATOR	RECOVERABLE	VERIFIED_CC0_RMDB	RESOLVED	parse_fail:PARSE_FAIL_ANNOTATION_MISSING_SEPARATOR
421591932	ATPAPO_DMS_0000	ATPAPO_DMS_0000	ATPAPO_DMS_0000.rdat	cfa975ea31c34732251b06e689e1ebd1fd2146891035080529b62dff28aebe04	reactflow_delta.d0x_v2.asset_disposition.v2	PARSE_FAIL_ANNOTATION_MISSING_SEPARATOR	200	200	NOT_RUN	0	PARSE_FAIL_ANNOTATION_MISSING_SEPARATOR	RECOVERABLE	VERIFIED_CC0_RMDB	RESOLVED	parse_fail:PARSE_FAIL_ANNOTATION_MISSING_SEPARATOR
421591934	ATPCON_DMS_0001	ATPCON_DMS_0001	ATPCON_DMS_0001.rdat	3673d0a24e2759a2d97fa998b008f25b21c34d1ce5d023a52199e0565c78039d	reactflow_delta.d0x_v2.asset_disposition.v2	PARSE_SUCCESS	2	2	NOT_RUN	0	NONE	NOT_APPLICABLE	VERIFIED_CC0_RMDB	RESOLVED	
421591948	ATPCON_TITR_0001	ATPCON_TITR_0001	ATPCON_TITR_0001.rdat	c0afabb04ea8ac37e84650cb6b40beacef31912f0216d5d00471476d64f1b599	reactflow_delta.d0x_v2.asset_disposition.v2	PARSE_SUCCESS	32	32	NOT_RUN	0	NONE	NOT_APPLICABLE	VERIFIED_CC0_RMDB	RESOLVED	
421591947	ATTR03_DMS_0001	ATTR03_DMS_0001	ATTR03_DMS_0001.rdat	f221beacb85869c658d92103a700276617e305d4381af41109205d4cb16cb749	reactflow_delta.d0x_v2.asset_disposition.v2	PARSE_SUCCESS	2	2	NOT_RUN	0	NONE	NOT_APPLICABLE	VERIFIED_CC0_RMDB	RESOLVED	
421591949	ATTR03_TITR_0001	ATTR03_TITR_0001	ATTR03_TITR_0001.rdat	6df4b26e303701014851cbfff08ee88a9464f325fdac5418fabb0bb2bd82e629	reactflow_delta.d0x_v2.asset_disposition.v2	PARSE_SUCCESS	32	32	NOT_RUN	0	NONE	NOT_APPLICABLE	VERIFIED_CC0_RMDB	RESOLVED	
421591981	ATTR04_DMS_0001	ATTR04_DMS_0001	ATTR04_DMS_0001.rdat	e98c9fa91779284b01f67804a5b9c9db76a597dd1c505659e3e549a2ea40f111	reactflow_delta.d0x_v2.asset_disposition.v2	PARSE_SUCCESS	2	2	NOT_RUN	0	NONE	NOT_APPLICABLE	VERIFIED_CC0_RMDB	RESOLVED	
421591972	ATTR04_TITR_0001	ATTR04_TITR_0001	ATTR04_TITR_0001.rdat	030774053a2074af4f29e5ce96c85fdd9f51bc09bbfbc415f84d879763d7a1f1	reactflow_delta.d0x_v2.asset_disposition.v2	PARSE_SUCCESS	32	32	NOT_RUN	0	NONE	NOT_APPLICABLE	VERIFIED_CC0_RMDB	RESOLVED	
421591980	ATTR05_DMS_0001	ATTR05_DMS_0001	ATTR05_DMS_0001.rdat	ea0606a0663035db40f66767c094622e93dac841b05f27cb804590c0b9c37322	reactflow_delta.d0x_v2.asset_disposition.v2	PARSE_SUCCESS	2	2	NOT_RUN	0	NONE	NOT_APPLICABLE	VERIFIED_CC0_RMDB	RESOLVED	
421591997	ATTR05_TITR_0001	ATTR05_TITR_0001	ATTR05_TITR_0001.rdat	ac2612deeec6b4d36e4a05564b3a048722a1ffc300e36bb7732471e3908f3189	reactflow_delta.d0x_v2.asset_disposition.v2	PARSE_SUCCESS	32	32	NOT_RUN	0	NONE	NOT_APPLICABLE	VERIFIED_CC0_RMDB	RESOLVED	
421591995	ATTR06_DMS_0001	ATTR06_DMS_0001	ATTR06_DMS_0001.rdat	dda7ccd85345f378639d8fe794eb48e7b4ebd33b1a9e74ba91bb808a6699afd3	reactflow_delta.d0x_v2.asset_disposition.v2	PARSE_SUCCESS	2	2	NOT_RUN	0	NONE	NOT_APPLICABLE	VERIFIED_CC0_RMDB	RESOLVED	
421591998	ATTR07_DMS_0001	ATTR07_DMS_0001	ATTR07_DMS_0001.rdat	8e5bb92fdf4051e503e34548a5a45c121914c19e039d17a0e57513496436f0da	reactflow_delta.d0x_v2.asset_disposition.v2	PARSE_SUCCESS	2	2	NOT_RUN	0	NONE	NOT_APPLICABLE	VERIFIED_CC0_RMDB	RESOLVED	
421592011	ATTR08_DMS_0001	ATTR08_DMS_0001	ATTR08_DMS_0001.rdat	b6a870ab94b29361331331627c427ab2f3f6a6285c81453a82ad5f5830ea1fba	reactflow_delta.d0x_v2.asset_disposition.v2	PARSE_SUCCESS	2	2	NOT_RUN	0	NONE	NOT_APPLICABLE	VERIFIED_CC0_RMDB	RESOLVED	
421592012	ATTR09_DMS_0001	ATTR09_DMS_0001	ATTR09_DMS_0001.rdat	36c5f23d18785701838c1aa9fc7ebbdb4904845a991b9b6dd2985f2a7f496dea	reactflow_delta.d0x_v2.asset_disposition.v2	PARSE_SUCCESS	2	2	NOT_RUN	0	NONE	NOT_APPLICABLE	VERIFIED_CC0_RMDB	RESOLVED	
421592013	ATTR10_DMS_0001	ATTR10_DMS_0001	ATTR10_DMS_0001.rdat	67151137a9a5981c4efbe8c936a9d9f6ea7339a20484466a401bedf5face500a	reactflow_delta.d0x_v2.asset_disposition.v2	PARSE_SUCCESS	2	2	NOT_RUN	0	NONE	NOT_APPLICABLE	VERIFIED_CC0_RMDB	RESOLVED	
421592023	BSTHPN_1M7_0000	BSTHPN_1M7_0000	BSTHPN_1M7_0000.rdat	b83b2822af0942329e479e30fdd5297060c8e9a5d0f087c236744d19a78b0d98	reactflow_delta.d0x_v2.asset_disposition.v2	PARSE_FAIL_LENGTH_MISMATCH_REACTIVITY_VS_SEQPOS	NOT_RUN	NOT_RUN	NOT_RUN	0	UNPARSEABLE	RECOVERABLE	VERIFIED_CC0_RMDB	RESOLVED	parse_fail:PARSE_FAIL_LENGTH_MISMATCH_REACTIVITY_VS_SEQPOS; 39GB canonical count not yet produced (NOT_RUN)
421580254	BSUGLY_DMS_0001	BSUGLY_DMS_0001	BSUGLY_DMS_0001.rdat	a09772aaf8975ea9575a5420c40945b66ccf85e5d815ecf3dc9568be4c3e5643	reactflow_delta.d0x_v2.asset_disposition.v2	PARSE_FAIL_MISSING_REACTIVITY_ROWS	1	1	NOT_RUN	264	LENGTH_MISMATCH	RECOVERABLE	VERIFIED_CC0_RMDB	UNRESOLVED_PUBLICATION	parse_fail:PARSE_FAIL_MISSING_REACTIVITY_ROWS; 264 LENGTH_MISMATCH profile rows
421580255	BSUGLY_DMS_0002	BSUGLY_DMS_0002	BSUGLY_DMS_0002.rdat	5e590d93984c9f7a66c79d07cc15a391eafa037b428d4680ad7e17ee6699cd44	reactflow_delta.d0x_v2.asset_disposition.v2	PARSE_FAIL_MISSING_REACTIVITY_ROWS	1	1	NOT_RUN	264	LENGTH_MISMATCH	RECOVERABLE	VERIFIED_CC0_RMDB	UNRESOLVED_PUBLICATION	parse_fail:PARSE_FAIL_MISSING_REACTIVITY_ROWS; 264 LENGTH_MISMATCH profile rows
421580256	BSUGLY_DMS_0003	BSUGLY_DMS_0003	BSUGLY_DMS_0003.rdat	e658b5db6a87efebff2ce28633ffabbcc5266717b082e6bfbaa1b6974023800f	reactflow_delta.d0x_v2.asset_disposition.v2	PARSE_FAIL_MISSING_REACTIVITY_ROWS	1	1	NOT_RUN	264	LENGTH_MISMATCH	RECOVERABLE	VERIFIED_CC0_RMDB	UNRESOLVED_PUBLICATION	parse_fail:PARSE_FAIL_MISSING_REACTIVITY_ROWS; 264 LENGTH_MISMATCH profile rows
421580257	BSUGLY_DMS_0004	BSUGLY_DMS_0004	BSUGLY_DMS_0004.rdat	5a5c5293aeca27e28d28d08dcb01246bd8bfebdb45ecffefa9762870f26fca28	reactflow_delta.d0x_v2.asset_disposition.v2	PARSE_FAIL_MISSING_REACTIVITY_ROWS	1	1	NOT_RUN	264	LENGTH_MISMATCH	RECOVERABLE	VERIFIED_CC0_RMDB	UNRESOLVED_PUBLICATION	parse_fail:PARSE_FAIL_MISSING_REACTIVITY_ROWS; 264 LENGTH_MISMATCH profile rows
421580260	BSUGLY_DMS_0005	BSUGLY_DMS_0005	BSUGLY_DMS_0005.rdat	20d5d6142ac783e891d26def4ebd828577062f69ded74ed5cd7d547a8d453030	reactflow_delta.d0x_v2.asset_disposition.v2	PARSE_FAIL_MISSING_REACTIVITY_ROWS	1	1	NOT_RUN	264	LENGTH_MISMATCH	RECOVERABLE	VERIFIED_CC0_RMDB	UNRESOLVED_PUBLICATION	parse_fail:PARSE_FAIL_MISSING_REACTIVITY_ROWS; 264 LENGTH_MISMATCH profile rows
421580262	BSUGLY_DMS_0006	BSUGLY_DMS_0006	BSUGLY_DMS_0006.rdat	9caf47c86a0ebd39cff6b361f159d6e1a72868fb7f88ef005b626a29af0151b6	reactflow_delta.d0x_v2.asset_disposition.v2	PARSE_FAIL_MISSING_REACTIVITY_ROWS	1	1	NOT_RUN	264	LENGTH_MISMATCH	RECOVERABLE	VERIFIED_CC0_RMDB	UNRESOLVED_PUBLICATION	parse_fail:PARSE_FAIL_MISSING_REACTIVITY_ROWS; 264 LENGTH_MISMATCH profile rows
421580265	BSUGLY_DMS_0007	BSUGLY_DMS_0007	BSUGLY_DMS_0007.rdat	774b5c6b3c30e60e36b98b407ff1a16310a254e7c6818b2ba827ba54f38af96f	reactflow_delta.d0x_v2.asset_disposition.v2	PARSE_FAIL_MISSING_REACTIVITY_ROWS	1	1	NOT_RUN	264	LENGTH_MISMATCH	RECOVERABLE	VERIFIED_CC0_RMDB	UNRESOLVED_PUBLICATION	parse_fail:PARSE_FAIL_MISSING_REACTIVITY_ROWS; 264 LENGTH_MISMATCH profile rows
421580264	BSUGLY_DMS_0008	BSUGLY_DMS_0008	BSUGLY_DMS_0008.rdat	eed3b2e4c0da71a588332d9e2f99a641a1369f26fe4abebde7f916f66d6592ab	reactflow_delta.d0x_v2.asset_disposition.v2	PARSE_FAIL_MISSING_REACTIVITY_ROWS	1	1	NOT_RUN	264	LENGTH_MISMATCH	RECOVERABLE	VERIFIED_CC0_RMDB	UNRESOLVED_PUBLICATION	parse_fail:PARSE_FAIL_MISSING_REACTIVITY_ROWS; 264 LENGTH_MISMATCH profile rows
421580266	BSUGLY_DMS_0009	BSUGLY_DMS_0009	BSUGLY_DMS_0009.rdat	e9b3432ecafc0ce350cb5f936c230482f27b4ae3313fb4e66bcdbc9cf0a8640b	reactflow_delta.d0x_v2.asset_disposition.v2	PARSE_FAIL_MISSING_REACTIVITY_ROWS	1	1	NOT_RUN	264	LENGTH_MISMATCH	RECOVERABLE	VERIFIED_CC0_RMDB	UNRESOLVED_PUBLICATION	parse_fail:PARSE_FAIL_MISSING_REACTIVITY_ROWS; 264 LENGTH_MISMATCH profile rows
421580269	BSUGLY_DMS_0010	BSUGLY_DMS_0010	BSUGLY_DMS_0010.rdat	5311cf0b03f007de44aecb1bd9f796dd115db02b7ec32ddec3d073a543be7844	reactflow_delta.d0x_v2.asset_disposition.v2	PARSE_FAIL_MISSING_REACTIVITY_ROWS	1	1	NOT_RUN	264	LENGTH_MISMATCH	RECOVERABLE	VERIFIED_CC0_RMDB	UNRESOLVED_PUBLICATION	parse_fail:PARSE_FAIL_MISSING_REACTIVITY_ROWS; 264 LENGTH_MISMATCH profile rows
421580271	BSUGLY_DMS_0011	BSUGLY_DMS_0011	BSUGLY_DMS_0011.rdat	67541178fb65538bab48fe8b2c23b904e510f127541ed77cfbee80cfb9b7a679	reactflow_delta.d0x_v2.asset_disposition.v2	PARSE_FAIL_MISSING_REACTIVITY_ROWS	1	1	NOT_RUN	264	LENGTH_MISMATCH	RECOVERABLE	VERIFIED_CC0_RMDB	UNRESOLVED_PUBLICATION	parse_fail:PARSE_FAIL_MISSING_REACTIVITY_ROWS; 264 LENGTH_MISMATCH profile rows
421580270	BSUGLY_DMS_0012	BSUGLY_DMS_0012	BSUGLY_DMS_0012.rdat	fc5201e918773840c7c7e2a6db4f706b99d87aeeeedf26b8afcac413333cf555	reactflow_delta.d0x_v2.asset_disposition.v2	PARSE_FAIL_MISSING_REACTIVITY_ROWS	1	1	NOT_RUN	264	LENGTH_MISMATCH	RECOVERABLE	VERIFIED_CC0_RMDB	UNRESOLVED_PUBLICATION	parse_fail:PARSE_FAIL_MISSING_REACTIVITY_ROWS; 264 LENGTH_MISMATCH profile rows
421580272	BSUGLY_DMS_0013	BSUGLY_DMS_0013	BSUGLY_DMS_0013.rdat	f069e5b26de9b52758d1bae976cff9fbcdfc3dbf9314b4f240a9d0534fe60205	reactflow_delta.d0x_v2.asset_disposition.v2	PARSE_FAIL_MISSING_REACTIVITY_ROWS	1	1	NOT_RUN	245	LENGTH_MISMATCH	RECOVERABLE	VERIFIED_CC0_RMDB	UNRESOLVED_PUBLICATION	parse_fail:PARSE_FAIL_MISSING_REACTIVITY_ROWS; 245 LENGTH_MISMATCH profile rows
421580273	BSUGLY_DMS_0014	BSUGLY_DMS_0014	BSUGLY_DMS_0014.rdat	46ef5deab2ec5821573b5009975cfe45b4d0bafc0015a0975ee746cb56f89f3c	reactflow_delta.d0x_v2.asset_disposition.v2	PARSE_FAIL_MISSING_REACTIVITY_ROWS	1	1	NOT_RUN	245	LENGTH_MISMATCH	RECOVERABLE	VERIFIED_CC0_RMDB	UNRESOLVED_PUBLICATION	parse_fail:PARSE_FAIL_MISSING_REACTIVITY_ROWS; 245 LENGTH_MISMATCH profile rows
421580275	BTUBR_1M7_0001	BTUBR_1M7_0001	BTUBR_1M7_0001.rdat	d11a4c21253f7c9e0c4ba8d204b57ac2c55e154dee0b696ea26c3cf961bd8348	reactflow_delta.d0x_v2.asset_disposition.v2	PARSE_FAIL_MISSING_REACTIVITY_ROWS	3	3	NOT_RUN	0	PARSE_FAIL_MISSING_REACTIVITY_ROWS	RECOVERABLE	VERIFIED_CC0_RMDB	RESOLVED	parse_fail:PARSE_FAIL_MISSING_REACTIVITY_ROWS
421592027	CBAG4P_BZCN_0001	CBAG4P_BZCN_0001	CBAG4P_BZCN_0001.rdat	330a1af4bd55ca29fc97340723e18a0c4cc28e44cd67f48e6b58b6208430a915	reactflow_delta.d0x_v2.asset_disposition.v2	PARSE_FAIL_MISSING_REACTIVITY_ROWS	1	1	NOT_RUN	163	LENGTH_MISMATCH	RECOVERABLE	VERIFIED_CC0_RMDB	UNRESOLVED_PUBLICATION	parse_fail:PARSE_FAIL_MISSING_REACTIVITY_ROWS; 163 LENGTH_MISMATCH profile rows
421592030	CBAG4P_BZCN_0002	CBAG4P_BZCN_0002	CBAG4P_BZCN_0002.rdat	fba098d09bac85cf975b07908faa8fb069c57fef8dd4e930fa556a76397b2d6e	reactflow_delta.d0x_v2.asset_disposition.v2	PARSE_FAIL_MISSING_REACTIVITY_ROWS	1	1	NOT_RUN	163	LENGTH_MISMATCH	RECOVERABLE	VERIFIED_CC0_RMDB	UNRESOLVED_PUBLICATION	parse_fail:PARSE_FAIL_MISSING_REACTIVITY_ROWS; 163 LENGTH_MISMATCH profile rows
421592040	CBAG4P_BZCN_0003	CBAG4P_BZCN_0003	CBAG4P_BZCN_0003.rdat	29cc864fddbea4705b065a5328c2b9556196a096e064e12a508b2b1dd75c857e	reactflow_delta.d0x_v2.asset_disposition.v2	PARSE_FAIL_MISSING_REACTIVITY_ROWS	1	1	NOT_RUN	163	LENGTH_MISMATCH	RECOVERABLE	VERIFIED_CC0_RMDB	UNRESOLVED_PUBLICATION	parse_fail:PARSE_FAIL_MISSING_REACTIVITY_ROWS; 163 LENGTH_MISMATCH profile rows
421592043	CBAG4P_BZCN_0004	CBAG4P_BZCN_0004	CBAG4P_BZCN_0004.rdat	71504978f3075560a2e5cb02ba8a9890dbfa7d799baf68a1ce74c0e174ce73a9	reactflow_delta.d0x_v2.asset_disposition.v2	PARSE_FAIL_MISSING_REACTIVITY_ROWS	1	1	NOT_RUN	163	LENGTH_MISMATCH	RECOVERABLE	VERIFIED_CC0_RMDB	UNRESOLVED_PUBLICATION	parse_fail:PARSE_FAIL_MISSING_REACTIVITY_ROWS; 163 LENGTH_MISMATCH profile rows
421592044	CBAG4P_DMS_0001	CBAG4P_DMS_0001	CBAG4P_DMS_0001.rdat	d950495c63e326b715c993f8134ac533f56749b3620456092422478278eb778c	reactflow_delta.d0x_v2.asset_disposition.v2	PARSE_FAIL_MISSING_REACTIVITY_ROWS	1	1	NOT_RUN	163	LENGTH_MISMATCH	RECOVERABLE	VERIFIED_CC0_RMDB	UNRESOLVED_PUBLICATION	parse_fail:PARSE_FAIL_MISSING_REACTIVITY_ROWS; 163 LENGTH_MISMATCH profile rows
421592053	CBAG4P_DMS_0002	CBAG4P_DMS_0002	CBAG4P_DMS_0002.rdat	6a34266f35bfd75eee4c09a284ee59906c800cc938ed0481a586fc4543353fd3	reactflow_delta.d0x_v2.asset_disposition.v2	PARSE_FAIL_MISSING_REACTIVITY_ROWS	1	1	NOT_RUN	163	LENGTH_MISMATCH	RECOVERABLE	VERIFIED_CC0_RMDB	UNRESOLVED_PUBLICATION	parse_fail:PARSE_FAIL_MISSING_REACTIVITY_ROWS; 163 LENGTH_MISMATCH profile rows
421592061	CBAG4P_DMS_0003	CBAG4P_DMS_0003	CBAG4P_DMS_0003.rdat	a751f4b1bb2c1065b4d09d0a2361c66e045157a2dad9dec7abd681537e5263f8	reactflow_delta.d0x_v2.asset_disposition.v2	PARSE_FAIL_MISSING_REACTIVITY_ROWS	1	1	NOT_RUN	163	LENGTH_MISMATCH	RECOVERABLE	VERIFIED_CC0_RMDB	UNRESOLVED_PUBLICATION	parse_fail:PARSE_FAIL_MISSING_REACTIVITY_ROWS; 163 LENGTH_MISMATCH profile rows
421592065	CBAG4P_DMS_0004	CBAG4P_DMS_0004	CBAG4P_DMS_0004.rdat	bb2e2129a7d483fe6cd171cd659181b7bb6acbde5110a08dfe94f0d21edf33ff	reactflow_delta.d0x_v2.asset_disposition.v2	PARSE_FAIL_MISSING_REACTIVITY_ROWS	1	1	NOT_RUN	163	LENGTH_MISMATCH	RECOVERABLE	VERIFIED_CC0_RMDB	UNRESOLVED_PUBLICATION	parse_fail:PARSE_FAIL_MISSING_REACTIVITY_ROWS; 163 LENGTH_MISMATCH profile rows
421580276	CBLAPO_DCP_0000	CBLAPO_DCP_0000	CBLAPO_DCP_0000.rdat	3cad3986639df974cb49ac9868fa219b1249941f588034f358fcd2f549aaff82	reactflow_delta.d0x_v2.asset_disposition.v2	PARSE_FAIL_LENGTH_MISMATCH_REACTIVITY_VS_SEQPOS	NOT_RUN	NOT_RUN	NOT_RUN	0	UNPARSEABLE	RECOVERABLE	VERIFIED_CC0_RMDB	RESOLVED	parse_fail:PARSE_FAIL_LENGTH_MISMATCH_REACTIVITY_VS_SEQPOS; 39GB canonical count not yet produced (NOT_RUN)
421580277	CBLHLO_DCP_0000	CBLHLO_DCP_0000	CBLHLO_DCP_0000.rdat	0205727322f77e7686082fbc304555afd85c3846ad314a873e57d92587a5f03a	reactflow_delta.d0x_v2.asset_disposition.v2	PARSE_FAIL_LENGTH_MISMATCH_REACTIVITY_VS_SEQPOS	NOT_RUN	NOT_RUN	NOT_RUN	0	UNPARSEABLE	RECOVERABLE	VERIFIED_CC0_RMDB	RESOLVED	parse_fail:PARSE_FAIL_LENGTH_MISMATCH_REACTIVITY_VS_SEQPOS; 39GB canonical count not yet produced (NOT_RUN)
421580278	CDGAPO_DCP_0000	CDGAPO_DCP_0000	CDGAPO_DCP_0000.rdat	d0093791d7f16d2f4fad72755d108b8fd812993584c138ff50b4dbb823f42a8d	reactflow_delta.d0x_v2.asset_disposition.v2	PARSE_FAIL_LENGTH_MISMATCH_REACTIVITY_VS_SEQPOS	NOT_RUN	NOT_RUN	NOT_RUN	0	UNPARSEABLE	RECOVERABLE	VERIFIED_CC0_RMDB	RESOLVED	parse_fail:PARSE_FAIL_LENGTH_MISMATCH_REACTIVITY_VS_SEQPOS; 39GB canonical count not yet produced (NOT_RUN)
421580279	CDGHLO_DCP_0000	CDGHLO_DCP_0000	CDGHLO_DCP_0000.rdat	e0fc6ced00e68ba5296521a318f22bea1517f403797dcb327791522723a193b7	reactflow_delta.d0x_v2.asset_disposition.v2	PARSE_FAIL_LENGTH_MISMATCH_REACTIVITY_VS_SEQPOS	NOT_RUN	NOT_RUN	NOT_RUN	0	UNPARSEABLE	RECOVERABLE	VERIFIED_CC0_RMDB	RESOLVED	parse_fail:PARSE_FAIL_LENGTH_MISMATCH_REACTIVITY_VS_SEQPOS; 39GB canonical count not yet produced (NOT_RUN)
421580280	CDIGMP_MCA_0000	CDIGMP_MCA_0000	CDIGMP_MCA_0000.rdat	0ffce53723c9fbbddb53cdd6c35f1e2f05b32b668572102873042f3c01e1e921	reactflow_delta.d0x_v2.asset_disposition.v2	PARSE_FAIL_LENGTH_MISMATCH_REACTIVITY_VS_SEQPOS	NOT_RUN	NOT_RUN	NOT_RUN	0	UNPARSEABLE	RECOVERABLE	VERIFIED_CC0_RMDB	RESOLVED	parse_fail:PARSE_FAIL_LENGTH_MISMATCH_REACTIVITY_VS_SEQPOS; 39GB canonical count not yet produced (NOT_RUN)
421580283	CDIGMP_MCA_0001	CDIGMP_MCA_0001	CDIGMP_MCA_0001.rdat	821f2f192d1a10a86584ff3b1a1b9b938c5bc9c3fa333c27cbed03713b463b90	reactflow_delta.d0x_v2.asset_disposition.v2	PARSE_FAIL_LENGTH_MISMATCH_REACTIVITY_VS_SEQPOS	NOT_RUN	NOT_RUN	NOT_RUN	0	UNPARSEABLE	RECOVERABLE	VERIFIED_CC0_RMDB	RESOLVED	parse_fail:PARSE_FAIL_LENGTH_MISMATCH_REACTIVITY_VS_SEQPOS; 39GB canonical count not yet produced (NOT_RUN)
421580284	CDIGMP_MCA_0002	CDIGMP_MCA_0002	CDIGMP_MCA_0002.rdat	0ffce53723c9fbbddb53cdd6c35f1e2f05b32b668572102873042f3c01e1e921	reactflow_delta.d0x_v2.asset_disposition.v2	PARSE_FAIL_LENGTH_MISMATCH_REACTIVITY_VS_SEQPOS	NOT_RUN	NOT_RUN	NOT_RUN	0	UNPARSEABLE	RECOVERABLE	VERIFIED_CC0_RMDB	RESOLVED	parse_fail:PARSE_FAIL_LENGTH_MISMATCH_REACTIVITY_VS_SEQPOS; 39GB canonical count not yet produced (NOT_RUN)
421580286	CDIGMP_MCA_0003	CDIGMP_MCA_0003	CDIGMP_MCA_0003.rdat	a70feddbf83fac8f00f2e58bc354433426787958b193d72692bf0e6cb6c69aab	reactflow_delta.d0x_v2.asset_disposition.v2	PARSE_FAIL_LENGTH_MISMATCH_REACTIVITY_VS_SEQPOS	NOT_RUN	NOT_RUN	NOT_RUN	0	UNPARSEABLE	RECOVERABLE	VERIFIED_CC0_RMDB	RESOLVED	parse_fail:PARSE_FAIL_LENGTH_MISMATCH_REACTIVITY_VS_SEQPOS; 39GB canonical count not yet produced (NOT_RUN)
421580287	CDIGMP_MCA_0004	CDIGMP_MCA_0004	CDIGMP_MCA_0004.rdat	5cab85447f1cf2d136f9d21816de3d1cfb734375b7b61f2fac33e97c90a252de	reactflow_delta.d0x_v2.asset_disposition.v2	PARSE_FAIL_LENGTH_MISMATCH_REACTIVITY_VS_SEQPOS	NOT_RUN	NOT_RUN	NOT_RUN	0	UNPARSEABLE	RECOVERABLE	VERIFIED_CC0_RMDB	RESOLVED	parse_fail:PARSE_FAIL_LENGTH_MISMATCH_REACTIVITY_VS_SEQPOS; 39GB canonical count not yet produced (NOT_RUN)
421580288	CDIGMP_MCA_0005	CDIGMP_MCA_0005	CDIGMP_MCA_0005.rdat	f465f353bd6371d93860453b8e23324645896a19396ff8d25158aff321b2ef59	reactflow_delta.d0x_v2.asset_disposition.v2	PARSE_FAIL_LENGTH_MISMATCH_REACTIVITY_VS_SEQPOS	NOT_RUN	NOT_RUN	NOT_RUN	0	UNPARSEABLE	RECOVERABLE	VERIFIED_CC0_RMDB	RESOLVED	parse_fail:PARSE_FAIL_LENGTH_MISMATCH_REACTIVITY_VS_SEQPOS; 39GB canonical count not yet produced (NOT_RUN)
421580289	CDIGMP_MCA_0006	CDIGMP_MCA_0006	CDIGMP_MCA_0006.rdat	a2bb8ea87becfca465315b5aa001ca798dde6033633f7e1518ea91473168232e	reactflow_delta.d0x_v2.asset_disposition.v2	PARSE_FAIL_LENGTH_MISMATCH_REACTIVITY_VS_SEQPOS	NOT_RUN	NOT_RUN	NOT_RUN	0	UNPARSEABLE	RECOVERABLE	VERIFIED_CC0_RMDB	RESOLVED	parse_fail:PARSE_FAIL_LENGTH_MISMATCH_REACTIVITY_VS_SEQPOS; 39GB canonical count not yet produced (NOT_RUN)
421580292	CDIGMP_MCA_0007	CDIGMP_MCA_0007	CDIGMP_MCA_0007.rdat	3eecf61b78c17b5a9966a7a52ca1d14e562fd3b79872e5f79433dc862dddac9d	reactflow_delta.d0x_v2.asset_disposition.v2	PARSE_FAIL_LENGTH_MISMATCH_REACTIVITY_VS_SEQPOS	NOT_RUN	NOT_RUN	NOT_RUN	0	UNPARSEABLE	RECOVERABLE	VERIFIED_CC0_RMDB	RESOLVED	parse_fail:PARSE_FAIL_LENGTH_MISMATCH_REACTIVITY_VS_SEQPOS; 39GB canonical count not yet produced (NOT_RUN)
421580293	CIDGMP_1M7_0001	CIDGMP_1M7_0001	CIDGMP_1M7_0001.rdat	a7ab7bb6d64249dd0c13f2ed87a17447d1a025ac2de5ed124d7caf6034506571	reactflow_delta.d0x_v2.asset_disposition.v2	PARSE_FAIL_LENGTH_MISMATCH_REACTIVITY_VS_SEQPOS	NOT_RUN	NOT_RUN	NOT_RUN	0	UNPARSEABLE	RECOVERABLE	VERIFIED_CC0_RMDB	RESOLVED	parse_fail:PARSE_FAIL_LENGTH_MISMATCH_REACTIVITY_VS_SEQPOS; 39GB canonical count not yet produced (NOT_RUN)
421580294	CIDGMP_1M7_0002	CIDGMP_1M7_0002	CIDGMP_1M7_0002.rdat	050bce5a0c4fa0cebcf7a9e7550cbe87488a87cfb9d0e8b4bbf0054d9b2a0c2d	reactflow_delta.d0x_v2.asset_disposition.v2	PARSE_FAIL_LENGTH_MISMATCH_REACTIVITY_VS_SEQPOS	NOT_RUN	NOT_RUN	NOT_RUN	0	UNPARSEABLE	RECOVERABLE	VERIFIED_CC0_RMDB	RESOLVED	parse_fail:PARSE_FAIL_LENGTH_MISMATCH_REACTIVITY_VS_SEQPOS; 39GB canonical count not yet produced (NOT_RUN)
421580295	CIDGMP_1M7_0003	CIDGMP_1M7_0003	CIDGMP_1M7_0003.rdat	b435bbebed7e99a7036341af05995835eacb1e302d2f43363f92349f9802c2dc	reactflow_delta.d0x_v2.asset_disposition.v2	PARSE_FAIL_LENGTH_MISMATCH_REACTIVITY_VS_SEQPOS	NOT_RUN	NOT_RUN	NOT_RUN	0	UNPARSEABLE	RECOVERABLE	VERIFIED_CC0_RMDB	RESOLVED	parse_fail:PARSE_FAIL_LENGTH_MISMATCH_REACTIVITY_VS_SEQPOS; 39GB canonical count not yet produced (NOT_RUN)
421580296	CIDGMP_1M7_0005	CIDGMP_1M7_0005	CIDGMP_1M7_0005.rdat	53884cac4ed12f1249d22636bd9d9f26b60b398f96c15b15261cc20831f4dd95	reactflow_delta.d0x_v2.asset_disposition.v2	PARSE_FAIL_LENGTH_MISMATCH_REACTIVITY_VS_SEQPOS	NOT_RUN	NOT_RUN	NOT_RUN	0	UNPARSEABLE	RECOVERABLE	VERIFIED_CC0_RMDB	RESOLVED	parse_fail:PARSE_FAIL_LENGTH_MISMATCH_REACTIVITY_VS_SEQPOS; 39GB canonical count not yet produced (NOT_RUN)
421580297	CIDGMP_1M7_0006	CIDGMP_1M7_0006	CIDGMP_1M7_0006.rdat	04f2dfef8392b4e1d30ca5807ba69a1a55eb8f202026fa2adf5866da0841eeb7	reactflow_delta.d0x_v2.asset_disposition.v2	PARSE_FAIL_LENGTH_MISMATCH_REACTIVITY_VS_SEQPOS	NOT_RUN	NOT_RUN	NOT_RUN	0	UNPARSEABLE	RECOVERABLE	VERIFIED_CC0_RMDB	RESOLVED	parse_fail:PARSE_FAIL_LENGTH_MISMATCH_REACTIVITY_VS_SEQPOS; 39GB canonical count not yet produced (NOT_RUN)
421580299	CIDGMP_CMC_0001	CIDGMP_CMC_0001	CIDGMP_CMC_0001.rdat	fd61958eb535dc3532ea6729a9fa9f8e7cbe8cd73f5f68b888e9ec820ef43f98	reactflow_delta.d0x_v2.asset_disposition.v2	PARSE_SUCCESS	1	1	NOT_RUN	0	NONE	NOT_APPLICABLE	VERIFIED_CC0_RMDB	RESOLVED	
421580300	CIDGMP_CMC_0005	CIDGMP_CMC_0005	CIDGMP_CMC_0005.rdat	04cda1c81333f0df6a24af57ede1d9c98ec04fce996cc79afda846a0544dc1ae	reactflow_delta.d0x_v2.asset_disposition.v2	PARSE_FAIL_LENGTH_MISMATCH_REACTIVITY_VS_SEQPOS	NOT_RUN	NOT_RUN	NOT_RUN	0	UNPARSEABLE	RECOVERABLE	VERIFIED_CC0_RMDB	RESOLVED	parse_fail:PARSE_FAIL_LENGTH_MISMATCH_REACTIVITY_VS_SEQPOS; 39GB canonical count not yet produced (NOT_RUN)
421580301	CIDGMP_DMS_0001	CIDGMP_DMS_0001	CIDGMP_DMS_0001.rdat	f365523cb1d43d5cd6fa5384dd7ef4b1b12d602ed699a68578727cedf3eeace1	reactflow_delta.d0x_v2.asset_disposition.v2	PARSE_SUCCESS	1	1	NOT_RUN	0	NONE	NOT_APPLICABLE	VERIFIED_CC0_RMDB	RESOLVED	
421580307	CIDGMP_DMS_0005	CIDGMP_DMS_0005	CIDGMP_DMS_0005.rdat	503949898fdc834c7be410a17311b0a259b00575b1231ec8bca0892be2f060de	reactflow_delta.d0x_v2.asset_disposition.v2	PARSE_FAIL_LENGTH_MISMATCH_REACTIVITY_VS_SEQPOS	NOT_RUN	NOT_RUN	NOT_RUN	0	UNPARSEABLE	RECOVERABLE	VERIFIED_CC0_RMDB	RESOLVED	parse_fail:PARSE_FAIL_LENGTH_MISMATCH_REACTIVITY_VS_SEQPOS; 39GB canonical count not yet produced (NOT_RUN)
421580309	CIDGMP_DMS_0006	CIDGMP_DMS_0006	CIDGMP_DMS_0006.rdat	6afe332b356b57d411a80eca676d8dfafded2acbaf6aacd20291a6c639f0fc05	reactflow_delta.d0x_v2.asset_disposition.v2	PARSE_FAIL_LENGTH_MISMATCH_REACTIVITY_VS_SEQPOS	NOT_RUN	NOT_RUN	NOT_RUN	0	UNPARSEABLE	RECOVERABLE	VERIFIED_CC0_RMDB	RESOLVED	parse_fail:PARSE_FAIL_LENGTH_MISMATCH_REACTIVITY_VS_SEQPOS; 39GB canonical count not yet produced (NOT_RUN)
421580312	CIDGMP_SHP_0001	CIDGMP_SHP_0001	CIDGMP_SHP_0001.rdat	b4aca1b97d60b068f7ebbd9dbccfd11b434dbbfe849a35aa4f09d000f278b035	reactflow_delta.d0x_v2.asset_disposition.v2	PARSE_SUCCESS	2	2	NOT_RUN	0	NONE	NOT_APPLICABLE	VERIFIED_CC0_RMDB	RESOLVED	
421580310	CIDGMP_SHP_0002	CIDGMP_SHP_0002	CIDGMP_SHP_0002.rdat	27664d0df1bb63976cd779505c8fc6e64b80d74fe19a6fc01c12101b784db344	reactflow_delta.d0x_v2.asset_disposition.v2	PARSE_SUCCESS	96	96	95	0	NONE	NOT_APPLICABLE	VERIFIED_CC0_RMDB	RESOLVED	
421580313	CIDGMP_SHP_0003	CIDGMP_SHP_0003	CIDGMP_SHP_0003.rdat	2e205e70c3af28b8756135a375de1834d5235215d77fcb5e1f2c9bc92b4e7bb6	reactflow_delta.d0x_v2.asset_disposition.v2	PARSE_SUCCESS	96	96	95	0	NONE	NOT_APPLICABLE	VERIFIED_CC0_RMDB	RESOLVED	
421580316	CL1LIG_1M7_0001	CL1LIG_1M7_0001	CL1LIG_1M7_0001.rdat	dfc910553bb3a6658730154a940c12e79af92cff3f767817478b69a9f5608b52	reactflow_delta.d0x_v2.asset_disposition.v2	PARSE_FAIL_MALFORMED_SEQPOS	129	129	128	0	PARSE_FAIL_MALFORMED_SEQPOS	RECOVERABLE	VERIFIED_CC0_RMDB	RESOLVED	parse_fail:PARSE_FAIL_MALFORMED_SEQPOS
421580317	CL1LIG_MCA_0000	CL1LIG_MCA_0000	CL1LIG_MCA_0000.rdat	0d7b14a15dfee16670dee08c3feb0226b036baccf9b9cbecff2328cd76891707	reactflow_delta.d0x_v2.asset_disposition.v2	PARSE_FAIL_LENGTH_MISMATCH_REACTIVITY_VS_SEQPOS	NOT_RUN	NOT_RUN	NOT_RUN	0	UNPARSEABLE	RECOVERABLE	VERIFIED_CC0_RMDB	RESOLVED	parse_fail:PARSE_FAIL_LENGTH_MISMATCH_REACTIVITY_VS_SEQPOS; 39GB canonical count not yet produced (NOT_RUN)
421580319	CL1LIG_MCA_0001	CL1LIG_MCA_0001	CL1LIG_MCA_0001.rdat	4e48c94eccc4c93b9dc3b8573e333e4c365553d6a65c479837755b1243ecef7b	reactflow_delta.d0x_v2.asset_disposition.v2	PARSE_FAIL_LENGTH_MISMATCH_REACTIVITY_VS_SEQPOS	NOT_RUN	NOT_RUN	NOT_RUN	0	UNPARSEABLE	RECOVERABLE	VERIFIED_CC0_RMDB	RESOLVED	parse_fail:PARSE_FAIL_LENGTH_MISMATCH_REACTIVITY_VS_SEQPOS; 39GB canonical count not yet produced (NOT_RUN)
421580320	CL1LIG_MCA_0002	CL1LIG_MCA_0002	CL1LIG_MCA_0002.rdat	c203b49473fe74aa75c7af36480a51762d908b017e78114484bc8f1889387204	reactflow_delta.d0x_v2.asset_disposition.v2	PARSE_FAIL_LENGTH_MISMATCH_REACTIVITY_VS_SEQPOS	NOT_RUN	NOT_RUN	NOT_RUN	0	UNPARSEABLE	RECOVERABLE	VERIFIED_CC0_RMDB	RESOLVED	parse_fail:PARSE_FAIL_LENGTH_MISMATCH_REACTIVITY_VS_SEQPOS; 39GB canonical count not yet produced (NOT_RUN)
421580332	CL1LIG_MCA_0003	CL1LIG_MCA_0003	CL1LIG_MCA_0003.rdat	8013cf6a2006574a5afe96ec5d039081d6e13fe81583b8dcca5c3fb7985d54a1	reactflow_delta.d0x_v2.asset_disposition.v2	PARSE_FAIL_LENGTH_MISMATCH_REACTIVITY_VS_SEQPOS	NOT_RUN	NOT_RUN	NOT_RUN	0	UNPARSEABLE	RECOVERABLE	VERIFIED_CC0_RMDB	RESOLVED	parse_fail:PARSE_FAIL_LENGTH_MISMATCH_REACTIVITY_VS_SEQPOS; 39GB canonical count not yet produced (NOT_RUN)
421580330	CLILIG_DCP_0000	CLILIG_DCP_0000	CLILIG_DCP_0000.rdat	774bfcbc6ce30c2431b0dc4891ff3cd2924a15252bf7d3eaeef8b68ab9be15d7	reactflow_delta.d0x_v2.asset_disposition.v2	PARSE_FAIL_LENGTH_MISMATCH_REACTIVITY_VS_SEQPOS	NOT_RUN	NOT_RUN	NOT_RUN	0	UNPARSEABLE	RECOVERABLE	VERIFIED_CC0_RMDB	RESOLVED	parse_fail:PARSE_FAIL_LENGTH_MISMATCH_REACTIVITY_VS_SEQPOS; 39GB canonical count not yet produced (NOT_RUN)
421592082	CMVBN3_1M7_0001	CMVBN3_1M7_0001	CMVBN3_1M7_0001.rdat	ec562cf05402e05673f3086c7e87ec6e2a76aed6db1e6b37ac0a47f921aaed76	reactflow_delta.d0x_v2.asset_disposition.v2	PARSE_FAIL_MISSING_REACTIVITY_ROWS	5	5	NOT_RUN	0	PARSE_FAIL_MISSING_REACTIVITY_ROWS	RECOVERABLE	VERIFIED_CC0_RMDB	RESOLVED	parse_fail:PARSE_FAIL_MISSING_REACTIVITY_ROWS
421592090	CMVBN3_1M7_0002	CMVBN3_1M7_0002	CMVBN3_1M7_0002.rdat	9bb68843ff86c967e79511d0a1a3526866a5df38cc12e3002937f744172ffc71	reactflow_delta.d0x_v2.asset_disposition.v2	PARSE_FAIL_MISSING_REACTIVITY_ROWS	3	3	NOT_RUN	0	PARSE_FAIL_MISSING_REACTIVITY_ROWS	RECOVERABLE	VERIFIED_CC0_RMDB	RESOLVED	parse_fail:PARSE_FAIL_MISSING_REACTIVITY_ROWS
421580971	COVID_FSE_0603	COVID_FSE_0603	COVID_FSE_0603.rdat	d529c6f48e7bbff7bb29931fee54ea3fd6e84d2cdb3d55b1786ccb6f347727b2	reactflow_delta.d0x_v2.asset_disposition.v2	PARSE_FAIL_MALFORMED_SEQPOS	2	2	NOT_RUN	0	PARSE_FAIL_MALFORMED_SEQPOS	RECOVERABLE	VERIFIED_CC0_RMDB	RESOLVED	parse_fail:PARSE_FAIL_MALFORMED_SEQPOS
421580970	COVID_UTR_0603	COVID_UTR_0603	COVID_UTR_0603.rdat	5e12aac8593c41ed8f69d4651afe79ad1ea94b965f16552cb21a22554a1b8007	reactflow_delta.d0x_v2.asset_disposition.v2	PARSE_FAIL_MALFORMED_SEQPOS	2	2	NOT_RUN	0	PARSE_FAIL_MALFORMED_SEQPOS	RECOVERABLE	VERIFIED_CC0_RMDB	RESOLVED	parse_fail:PARSE_FAIL_MALFORMED_SEQPOS
421580973	COVSL5_DMS_0001	COVSL5_DMS_0001	COVSL5_DMS_0001.rdat	df5e74b3163a5822b54ac73dfe5b08711b015ef7f9731aeb8284bf6827ce77d3	reactflow_delta.d0x_v2.asset_disposition.v2	PARSE_FAIL_ANNOTATION_MISSING_SEPARATOR	197	197	NOT_RUN	0	PARSE_FAIL_ANNOTATION_MISSING_SEPARATOR	RECOVERABLE	VERIFIED_CC0_RMDB	RESOLVED	parse_fail:PARSE_FAIL_ANNOTATION_MISSING_SEPARATOR
421580980	COVSL5_DMS_0002	COVSL5_DMS_0002	COVSL5_DMS_0002.rdat	df12a85c1d2d848066effcec3080c2c23301631135cbc51d38bb72dc86efb021	reactflow_delta.d0x_v2.asset_disposition.v2	PARSE_FAIL_ANNOTATION_MISSING_SEPARATOR	125	125	NOT_RUN	0	PARSE_FAIL_ANNOTATION_MISSING_SEPARATOR	RECOVERABLE	VERIFIED_CC0_RMDB	RESOLVED	parse_fail:PARSE_FAIL_ANNOTATION_MISSING_SEPARATOR
421581146	COVSL5_NOM_0001	COVSL5_NOM_0001	COVSL5_NOM_0001.rdat	1093f5c8131c642357733849a0e5728cdb631ff1590c1570ce67fc88a3e7b1a3	reactflow_delta.d0x_v2.asset_disposition.v2	PARSE_FAIL_ANNOTATION_MISSING_SEPARATOR	197	197	NOT_RUN	0	PARSE_FAIL_ANNOTATION_MISSING_SEPARATOR	RECOVERABLE	VERIFIED_CC0_RMDB	RESOLVED	parse_fail:PARSE_FAIL_ANNOTATION_MISSING_SEPARATOR
421581143	COVSL5_NOM_0002	COVSL5_NOM_0002	COVSL5_NOM_0002.rdat	6eecd4008163d9119e11becbc918ec7190aff0866d90a2370953299a4ebfe2cf	reactflow_delta.d0x_v2.asset_disposition.v2	PARSE_FAIL_ANNOTATION_MISSING_SEPARATOR	125	125	NOT_RUN	0	PARSE_FAIL_ANNOTATION_MISSING_SEPARATOR	RECOVERABLE	VERIFIED_CC0_RMDB	RESOLVED	parse_fail:PARSE_FAIL_ANNOTATION_MISSING_SEPARATOR
421592089	CRCBFL_BZCN_0001	CRCBFL_BZCN_0001	CRCBFL_BZCN_0001.rdat	0125fb245a2cc22bcdf0e5880a209e0c078d9c69eeb1a1381d655f6f7bca17c6	reactflow_delta.d0x_v2.asset_disposition.v2	PARSE_FAIL_MISSING_REACTIVITY_ROWS	1	1	NOT_RUN	107	LENGTH_MISMATCH	RECOVERABLE	VERIFIED_CC0_RMDB	UNRESOLVED_PUBLICATION	parse_fail:PARSE_FAIL_MISSING_REACTIVITY_ROWS; 107 LENGTH_MISMATCH profile rows
421592094	CRCBFL_BZCN_0002	CRCBFL_BZCN_0002	CRCBFL_BZCN_0002.rdat	0acc4b4a5ae696ef2a475d4d03421f0c1aee7f6e54e5c74ecb5027829f33342a	reactflow_delta.d0x_v2.asset_disposition.v2	PARSE_FAIL_MISSING_REACTIVITY_ROWS	1	1	NOT_RUN	107	LENGTH_MISMATCH	RECOVERABLE	VERIFIED_CC0_RMDB	UNRESOLVED_PUBLICATION	parse_fail:PARSE_FAIL_MISSING_REACTIVITY_ROWS; 107 LENGTH_MISMATCH profile rows
421592108	CRCBFL_BZCN_0003	CRCBFL_BZCN_0003	CRCBFL_BZCN_0003.rdat	efe262095a3d4f5cf59ceff86f6b670bcab0b1f4af04e61cb633157f271064af	reactflow_delta.d0x_v2.asset_disposition.v2	PARSE_FAIL_MISSING_REACTIVITY_ROWS	2	2	NOT_RUN	4	LENGTH_MISMATCH	RECOVERABLE	VERIFIED_CC0_RMDB	UNRESOLVED_PUBLICATION	parse_fail:PARSE_FAIL_MISSING_REACTIVITY_ROWS; 4 LENGTH_MISMATCH profile rows
421592117	CRCBFL_BZCN_0004	CRCBFL_BZCN_0004	CRCBFL_BZCN_0004.rdat	d0378a174d649d415f8bf49c1b1d5f86777ea10fee005ca41b4a727f94da0324	reactflow_delta.d0x_v2.asset_disposition.v2	PARSE_FAIL_MISSING_REACTIVITY_ROWS	2	2	NOT_RUN	4	LENGTH_MISMATCH	RECOVERABLE	VERIFIED_CC0_RMDB	UNRESOLVED_PUBLICATION	parse_fail:PARSE_FAIL_MISSING_REACTIVITY_ROWS; 4 LENGTH_MISMATCH profile rows
421592121	CRCBFL_BZCN_0005	CRCBFL_BZCN_0005	CRCBFL_BZCN_0005.rdat	c154c3f2bc496578fd3e4856fbdbb11e4a352fdfe0a62ad844bd269d525916f9	reactflow_delta.d0x_v2.asset_disposition.v2	PARSE_FAIL_MISSING_REACTIVITY_ROWS	2	2	NOT_RUN	4	LENGTH_MISMATCH	RECOVERABLE	VERIFIED_CC0_RMDB	UNRESOLVED_PUBLICATION	parse_fail:PARSE_FAIL_MISSING_REACTIVITY_ROWS; 4 LENGTH_MISMATCH profile rows
421592128	CRCBFL_BZCN_0006	CRCBFL_BZCN_0006	CRCBFL_BZCN_0006.rdat	ca67710a9d8b407d17e2799d99b5c66c0e6ad165a02b6c713f39a2a4a2436a8e	reactflow_delta.d0x_v2.asset_disposition.v2	PARSE_FAIL_MISSING_REACTIVITY_ROWS	2	2	NOT_RUN	4	LENGTH_MISMATCH	RECOVERABLE	VERIFIED_CC0_RMDB	UNRESOLVED_PUBLICATION	parse_fail:PARSE_FAIL_MISSING_REACTIVITY_ROWS; 4 LENGTH_MISMATCH profile rows
421592134	CRCBFL_DMS_0001	CRCBFL_DMS_0001	CRCBFL_DMS_0001.rdat	9aca626894de58bef19cbf79037ba2d1c61daae8d314db071d1e43f355892134	reactflow_delta.d0x_v2.asset_disposition.v2	PARSE_FAIL_MISSING_REACTIVITY_ROWS	1	1	NOT_RUN	107	LENGTH_MISMATCH	RECOVERABLE	VERIFIED_CC0_RMDB	UNRESOLVED_PUBLICATION	parse_fail:PARSE_FAIL_MISSING_REACTIVITY_ROWS; 107 LENGTH_MISMATCH profile rows
421592138	CRCBFL_DMS_0002	CRCBFL_DMS_0002	CRCBFL_DMS_0002.rdat	a72113bc6e474b59bd9a5764ce6afb3a1d33409ca6e888ee30081b27cd8d9b7c	reactflow_delta.d0x_v2.asset_disposition.v2	PARSE_FAIL_MISSING_REACTIVITY_ROWS	1	1	NOT_RUN	107	LENGTH_MISMATCH	RECOVERABLE	VERIFIED_CC0_RMDB	UNRESOLVED_PUBLICATION	parse_fail:PARSE_FAIL_MISSING_REACTIVITY_ROWS; 107 LENGTH_MISMATCH profile rows
421592149	CRR10_1M7_0001	CRR10_1M7_0001	CRR10_1M7_0001.rdat	8b7cf0f120b1774f7f2202087bcf360b217b995c4bb8ba3e5fec9f07ca05df6c	reactflow_delta.d0x_v2.asset_disposition.v2	PARSE_FAIL_MISSING_REACTIVITY_ROWS	3	3	NOT_RUN	0	PARSE_FAIL_MISSING_REACTIVITY_ROWS	RECOVERABLE	VERIFIED_CC0_RMDB	RESOLVED	parse_fail:PARSE_FAIL_MISSING_REACTIVITY_ROWS
421592157	CRR10_1M7_0002	CRR10_1M7_0002	CRR10_1M7_0002.rdat	2136951312a9b252a34e1927eaa97753c73446d4efe78ea114924f7e9cd0e8df	reactflow_delta.d0x_v2.asset_disposition.v2	PARSE_FAIL_MISSING_REACTIVITY_ROWS	3	3	NOT_RUN	0	PARSE_FAIL_MISSING_REACTIVITY_ROWS	RECOVERABLE	VERIFIED_CC0_RMDB	RESOLVED	parse_fail:PARSE_FAIL_MISSING_REACTIVITY_ROWS
421592338	CRR12_1M7_0001	CRR12_1M7_0001	CRR12_1M7_0001.rdat	ff4bcd0474b480b138e8b0728525c5477a589eb6bc5002bf8d504dfe43f00090	reactflow_delta.d0x_v2.asset_disposition.v2	PARSE_FAIL_MISSING_REACTIVITY_ROWS	3	3	NOT_RUN	0	PARSE_FAIL_MISSING_REACTIVITY_ROWS	RECOVERABLE	VERIFIED_CC0_RMDB	RESOLVED	parse_fail:PARSE_FAIL_MISSING_REACTIVITY_ROWS
421592337	CRR12_1M7_0002	CRR12_1M7_0002	CRR12_1M7_0002.rdat	58319c07055b4a5e9d753804fcc1c0d62698d71415286ad7faa70b1a487d2e5f	reactflow_delta.d0x_v2.asset_disposition.v2	PARSE_FAIL_MISSING_REACTIVITY_ROWS	3	3	NOT_RUN	0	PARSE_FAIL_MISSING_REACTIVITY_ROWS	RECOVERABLE	VERIFIED_CC0_RMDB	RESOLVED	parse_fail:PARSE_FAIL_MISSING_REACTIVITY_ROWS
421581148	CSDE1_DMS_0000	CSDE1_DMS_0000	CSDE1_DMS_0000.rdat	fef0d9f44954e9678910bb25d66d1007deb237f2476a54e6233a6c2da2a074ab	reactflow_delta.d0x_v2.asset_disposition.v2	PARSE_SUCCESS	198	198	NOT_RUN	0	NONE	NOT_APPLICABLE	VERIFIED_CC0_RMDB	RESOLVED	
421581145	CSDE1_DMS_0001	CSDE1_DMS_0001	CSDE1_DMS_0001.rdat	e7d43062e320ce274b9b873e198117dcec68c1fcdbe6fec43a934410b9794ecc	reactflow_delta.d0x_v2.asset_disposition.v2	PARSE_SUCCESS	198	198	NOT_RUN	0	NONE	NOT_APPLICABLE	VERIFIED_CC0_RMDB	RESOLVED	
421592335	DPRGLN_DMS_0000	DPRGLN_DMS_0000	DPRGLN_DMS_0000.rdat	6de4e11c7df58ebb1f4a816e0058eec8d64e8ae76cb6f4dadbf5a0baf9ead26e	reactflow_delta.d0x_v2.asset_disposition.v2	PARSE_FAIL_ANNOTATION_MISSING_SEPARATOR	133	133	NOT_RUN	0	PARSE_FAIL_ANNOTATION_MISSING_SEPARATOR	RECOVERABLE	VERIFIED_CC0_RMDB	RESOLVED	parse_fail:PARSE_FAIL_ANNOTATION_MISSING_SEPARATOR
421592336	ECOSRP_BZCN_0001	ECOSRP_BZCN_0001	ECOSRP_BZCN_0001.rdat	3373c87d5a0f6ce1eb8b4c91ac84154edcc148ca27011a727ce8a3987de1e998	reactflow_delta.d0x_v2.asset_disposition.v2	PARSE_FAIL_MISSING_REACTIVITY_ROWS	1	1	NOT_RUN	185	LENGTH_MISMATCH	RECOVERABLE	VERIFIED_CC0_RMDB	UNRESOLVED_PUBLICATION	parse_fail:PARSE_FAIL_MISSING_REACTIVITY_ROWS; 185 LENGTH_MISMATCH profile rows
421592339	ECOSRP_BZCN_0002	ECOSRP_BZCN_0002	ECOSRP_BZCN_0002.rdat	664e830cfb57aff9ee6d4e04b4649bd568d8b694ea5f4e028b4f879da8f302a4	reactflow_delta.d0x_v2.asset_disposition.v2	PARSE_FAIL_MISSING_REACTIVITY_ROWS	2	2	NOT_RUN	4	LENGTH_MISMATCH	RECOVERABLE	VERIFIED_CC0_RMDB	UNRESOLVED_PUBLICATION	parse_fail:PARSE_FAIL_MISSING_REACTIVITY_ROWS; 4 LENGTH_MISMATCH profile rows
421573653	ETBNDS_VN1_0001	ETBNDS_VN1_0001	ETBNDS_VN1_0001.rdat	93c69154dcb3c6eb473fa9be87b5bfd986e47263892ba10c0879a054fb8d7bac	reactflow_delta.d0x_v2.asset_disposition.v2	PARSE_SUCCESS	8	8	NOT_RUN	0	NONE	NOT_APPLICABLE	VERIFIED_CC0_RMDB	RESOLVED	
421573652	ETBRNC_RN1_0004	ETBRNC_RN1_0004	ETBRNC_RN1_0004.rdat	ef62716a1c785088f4a99d79320d0f4a3af3a2b326ba7f1fcfcb259d74d69a1e	reactflow_delta.d0x_v2.asset_disposition.v2	PARSE_SUCCESS	16	16	NOT_RUN	0	NONE	NOT_APPLICABLE	VERIFIED_CC0_RMDB	RESOLVED	
421573651	ETBRNC_VN1_0002	ETBRNC_VN1_0002	ETBRNC_VN1_0002.rdat	c8fb89a346099cc47810426bd64b0cc0d4ad87d2522e826f96ceed207607f727	reactflow_delta.d0x_v2.asset_disposition.v2	PARSE_SUCCESS	16	16	NOT_RUN	0	NONE	NOT_APPLICABLE	VERIFIED_CC0_RMDB	RESOLVED	
421573654	ETBSTR_RN1_0002	ETBSTR_RN1_0002	ETBSTR_RN1_0002.rdat	cf64b4ef649f5968fee92f7213846e2e2e166f0da072772109918141d179728a	reactflow_delta.d0x_v2.asset_disposition.v2	PARSE_SUCCESS	9	9	NOT_RUN	0	NONE	NOT_APPLICABLE	VERIFIED_CC0_RMDB	RESOLVED	
421573650	ETBSTR_SHP_0002	ETBSTR_SHP_0002	ETBSTR_SHP_0002.rdat	7d4721d0fcffcf660365d85a829228b0bb6235faf6d4cf2f3ff36082921146bb	reactflow_delta.d0x_v2.asset_disposition.v2	PARSE_SUCCESS	111	111	110	0	NONE	NOT_APPLICABLE	VERIFIED_CC0_RMDB	RESOLVED	
421573657	ETBSTR_SHP_0003	ETBSTR_SHP_0003	ETBSTR_SHP_0003.rdat	892a44d50ec19c33d3dc352e682e585f4a6f259a0dbe700394f65e691ac8b422	reactflow_delta.d0x_v2.asset_disposition.v2	PARSE_SUCCESS	112	112	110	0	NONE	NOT_APPLICABLE	VERIFIED_CC0_RMDB	RESOLVED	
421573659	ETBSTR_VN1_0001	ETBSTR_VN1_0001	ETBSTR_VN1_0001.rdat	697b1f5ae1251c06eeea3d9b4238b8303537d87cedaae31656ff9a43bc3fe018	reactflow_delta.d0x_v2.asset_disposition.v2	PARSE_SUCCESS	16	16	NOT_RUN	0	NONE	NOT_APPLICABLE	VERIFIED_CC0_RMDB	RESOLVED	
421573660	ETCHLK_VN1_0001	ETCHLK_VN1_0001	ETCHLK_VN1_0001.rdat	67f4b30d50c81631e3e2a789976cea3cf50230038c3769251102efe82573a41f	reactflow_delta.d0x_v2.asset_disposition.v2	PARSE_SUCCESS	8	8	NOT_RUN	0	NONE	NOT_APPLICABLE	VERIFIED_CC0_RMDB	RESOLVED	
421573658	ETCROS_RN1_0003	ETCROS_RN1_0003	ETCROS_RN1_0003.rdat	4219547012a017c8e23d1391d61c2161bd1b243a247c9257d10faf16a64b95ae	reactflow_delta.d0x_v2.asset_disposition.v2	PARSE_SUCCESS	6	6	NOT_RUN	0	NONE	NOT_APPLICABLE	VERIFIED_CC0_RMDB	RESOLVED	
421573662	ETCROS_VN1_0001	ETCROS_VN1_0001	ETCROS_VN1_0001.rdat	4a0344ee105ebeb841f864f5af869280414b71d918a0abc697b14c5c60e47dc3	reactflow_delta.d0x_v2.asset_disposition.v2	PARSE_SUCCESS	10	10	NOT_RUN	0	NONE	NOT_APPLICABLE	VERIFIED_CC0_RMDB	RESOLVED	
421573665	ETE3D_HYP_0001	ETE3D_HYP_0001	ETE3D_HYP_0001.rdat	8f86365af5e56a88ca8ef71c56cbec0400589e74ad56dbbd64d0d2188e870194	reactflow_delta.d0x_v2.asset_disposition.v2	PARSE_FAIL_ANNOTATION_MISSING_SEPARATOR	1	1	NOT_RUN	0	PARSE_FAIL_ANNOTATION_MISSING_SEPARATOR	RECOVERABLE	VERIFIED_CC0_RMDB	RESOLVED	parse_fail:PARSE_FAIL_ANNOTATION_MISSING_SEPARATOR
421573663	ETE3D_JR1_0001	ETE3D_JR1_0001	ETE3D_JR1_0001.rdat	daf73d4c008d0fd5f191a498184fea463299acc28dc729d9cac01c762966266f	reactflow_delta.d0x_v2.asset_disposition.v2	PARSE_FAIL_ANNOTATION_MISSING_SEPARATOR	1	1	NOT_RUN	0	PARSE_FAIL_ANNOTATION_MISSING_SEPARATOR	RECOVERABLE	VERIFIED_CC0_RMDB	RESOLVED	parse_fail:PARSE_FAIL_ANNOTATION_MISSING_SEPARATOR
421573666	ETE3D_JR2_0001	ETE3D_JR2_0001	ETE3D_JR2_0001.rdat	e539f25170cc9253a7c28b799586f92907efd83b38b0e74f03d228ba3cda03a8	reactflow_delta.d0x_v2.asset_disposition.v2	PARSE_FAIL_ANNOTATION_MISSING_SEPARATOR	1	1	NOT_RUN	0	PARSE_FAIL_ANNOTATION_MISSING_SEPARATOR	RECOVERABLE	VERIFIED_CC0_RMDB	RESOLVED	parse_fail:PARSE_FAIL_ANNOTATION_MISSING_SEPARATOR
421573664	ETE3D_ST9_0001	ETE3D_ST9_0001	ETE3D_ST9_0001.rdat	32483eaa194c0c0abe7863e298891e237918dcd599d10b9007abde1de748006c	reactflow_delta.d0x_v2.asset_disposition.v2	PARSE_FAIL_ANNOTATION_MISSING_SEPARATOR	1	1	NOT_RUN	0	PARSE_FAIL_ANNOTATION_MISSING_SEPARATOR	RECOVERABLE	VERIFIED_CC0_RMDB	RESOLVED	parse_fail:PARSE_FAIL_ANNOTATION_MISSING_SEPARATOR
421574273	ETERNA3_DMS_0000	ETERNA3_DMS_0000	ETERNA3_DMS_0000.rdat	e4459fb5c9c66232b6eb910319f87c22d5033aee71e60912a350c3a703c03d41	reactflow_delta.d0x_v2.asset_disposition.v2	PARSE_FAIL_ANNOTATION_MISSING_SEPARATOR	206	206	NOT_RUN	0	PARSE_FAIL_ANNOTATION_MISSING_SEPARATOR	RECOVERABLE	VERIFIED_CC0_RMDB	RESOLVED	parse_fail:PARSE_FAIL_ANNOTATION_MISSING_SEPARATOR
421573675	ETERNA_P50_0001	ETERNA_P50_0001	ETERNA_P50_0001.rdat	52564de56c70444f4b66b175260729a00ac9f51e917a71365f9543a9b23c94a9	reactflow_delta.d0x_v2.asset_disposition.v2	PARSE_SUCCESS	2640	2640	NOT_RUN	0	NONE	NOT_APPLICABLE	VERIFIED_CC0_RMDB	RESOLVED	
421573679	ETERNA_P50_0002	ETERNA_P50_0002	ETERNA_P50_0002.rdat	c601f10bef9109899692d176330275d7da9a51a440ecd7db688901c635447ecf	reactflow_delta.d0x_v2.asset_disposition.v2	PARSE_SUCCESS	2640	2640	NOT_RUN	0	NONE	NOT_APPLICABLE	VERIFIED_CC0_RMDB	RESOLVED	
421573684	ETERNA_P90_0001	ETERNA_P90_0001	ETERNA_P90_0001.rdat	99aaa240abf29eb1a8a53957dd476ee219482d2b28d896fc2343a4168582b010	reactflow_delta.d0x_v2.asset_disposition.v2	PARSE_SUCCESS	1944	1944	NOT_RUN	0	NONE	NOT_APPLICABLE	VERIFIED_CC0_RMDB	RESOLVED	
421573683	ETERNA_P90_0002	ETERNA_P90_0002	ETERNA_P90_0002.rdat	ad75be67fed34ff8aac82be81a6e6851f80ee8be29142e9fee02292905f37c01	reactflow_delta.d0x_v2.asset_disposition.v2	PARSE_SUCCESS	1944	1944	NOT_RUN	0	NONE	NOT_APPLICABLE	VERIFIED_CC0_RMDB	RESOLVED	
421573682	ETERNA_R00_0000	ETERNA_R00_0000	ETERNA_R00_0000.rdat	521eeb119e813fb04f82e601b067c7658833c375d180f6105550df7300a98cb1	reactflow_delta.d0x_v2.asset_disposition.v2	PARSE_FAIL_LENGTH_MISMATCH_REACTIVITY_VS_SEQPOS	NOT_RUN	NOT_RUN	NOT_RUN	0	UNPARSEABLE	RECOVERABLE	VERIFIED_CC0_RMDB	RESOLVED	parse_fail:PARSE_FAIL_LENGTH_MISMATCH_REACTIVITY_VS_SEQPOS; 39GB canonical count not yet produced (NOT_RUN)
421573691	ETERNA_R00_0002	ETERNA_R00_0002	ETERNA_R00_0002.rdat	891fc1516ed69ba9085cad85e2aa4aba8da444e434feb42cebbcf95653f0a714	reactflow_delta.d0x_v2.asset_disposition.v2	PARSE_FAIL_LENGTH_MISMATCH_REACTIVITY_VS_SEQPOS	NOT_RUN	NOT_RUN	NOT_RUN	0	UNPARSEABLE	RECOVERABLE	VERIFIED_CC0_RMDB	UNRESOLVED_PUBLICATION	parse_fail:PARSE_FAIL_LENGTH_MISMATCH_REACTIVITY_VS_SEQPOS; 39GB canonical count not yet produced (NOT_RUN)
421573696	ETERNA_R06_0001	ETERNA_R06_0001	ETERNA_R06_0001.rdat	2d32fe789748b1424d1fdaa6601b841a7fd3cd9cb21a907a3394bf23fa1c03a4	reactflow_delta.d0x_v2.asset_disposition.v2	PARSE_SUCCESS	12	12	NOT_RUN	0	NONE	NOT_APPLICABLE	VERIFIED_CC0_RMDB	RESOLVED	
421573701	ETERNA_R07_0001	ETERNA_R07_0001	ETERNA_R07_0001.rdat	c6a16361a046b61773995c80e97f73650a2207779cdb6cdfb93561824a63f790	reactflow_delta.d0x_v2.asset_disposition.v2	PARSE_SUCCESS	12	12	NOT_RUN	0	NONE	NOT_APPLICABLE	VERIFIED_CC0_RMDB	RESOLVED	
421573705	ETERNA_R08_0001	ETERNA_R08_0001	ETERNA_R08_0001.rdat	780a172cd0e45ddfae70192c35aef194ac1359ed1a93ea9f34296fdc6fdd10be	reactflow_delta.d0x_v2.asset_disposition.v2	PARSE_SUCCESS	14	14	NOT_RUN	0	NONE	NOT_APPLICABLE	VERIFIED_CC0_RMDB	RESOLVED	
421573707	ETERNA_R09_0001	ETERNA_R09_0001	ETERNA_R09_0001.rdat	2d7cbf722c31131fd576f73e72f08dd6032b78235bab91747ff069d664c36db7	reactflow_delta.d0x_v2.asset_disposition.v2	PARSE_SUCCESS	16	16	NOT_RUN	0	NONE	NOT_APPLICABLE	VERIFIED_CC0_RMDB	RESOLVED	
421573710	ETERNA_R10_0001	ETERNA_R10_0001	ETERNA_R10_0001.rdat	06cc5c0d7fb61a3a4f8a936300ff4663481f2a43afc641c8941435406083d4fb	reactflow_delta.d0x_v2.asset_disposition.v2	PARSE_SUCCESS	16	16	NOT_RUN	0	NONE	NOT_APPLICABLE	VERIFIED_CC0_RMDB	RESOLVED	
421573722	ETERNA_R11_0001	ETERNA_R11_0001	ETERNA_R11_0001.rdat	82728431b85bfe17fe9041a1c040c1413584ff7dc3f4090e60b349effe8d8d8b	reactflow_delta.d0x_v2.asset_disposition.v2	PARSE_SUCCESS	16	16	NOT_RUN	0	NONE	NOT_APPLICABLE	VERIFIED_CC0_RMDB	RESOLVED	
421573730	ETERNA_R12_0001	ETERNA_R12_0001	ETERNA_R12_0001.rdat	2a098a980c7009161d121cc33c445040541757deeb08fc81e5438923dbb3e238	reactflow_delta.d0x_v2.asset_disposition.v2	PARSE_SUCCESS	14	14	NOT_RUN	0	NONE	NOT_APPLICABLE	VERIFIED_CC0_RMDB	RESOLVED	
421573731	ETERNA_R13_0001	ETERNA_R13_0001	ETERNA_R13_0001.rdat	05cd6bbf56559d0fa864f46a8e05c12f5c4de0e7a886f9ce024d3ae6ca258cc2	reactflow_delta.d0x_v2.asset_disposition.v2	PARSE_SUCCESS	14	14	NOT_RUN	0	NONE	NOT_APPLICABLE	VERIFIED_CC0_RMDB	RESOLVED	
421573732	ETERNA_R14_0001	ETERNA_R14_0001	ETERNA_R14_0001.rdat	32817ccd0644d7f9cb5e826a7dc79ba3b98da44e541b3198f43fe38ce6aa3b46	reactflow_delta.d0x_v2.asset_disposition.v2	PARSE_SUCCESS	10	10	NOT_RUN	0	NONE	NOT_APPLICABLE	VERIFIED_CC0_RMDB	RESOLVED	
421573736	ETERNA_R15_0001	ETERNA_R15_0001	ETERNA_R15_0001.rdat	d447e4ee4f6f476e08f76045c2bfa0f237093e09312f48c7ee9cded457a3d9f1	reactflow_delta.d0x_v2.asset_disposition.v2	PARSE_SUCCESS	16	16	NOT_RUN	0	NONE	NOT_APPLICABLE	VERIFIED_CC0_RMDB	RESOLVED	
421573737	ETERNA_R16_0001	ETERNA_R16_0001	ETERNA_R16_0001.rdat	7663e4c516ebe52697aee9fb0b0b8cfacc710ba604026f4b172a0c3c138b9468	reactflow_delta.d0x_v2.asset_disposition.v2	PARSE_SUCCESS	16	16	NOT_RUN	0	NONE	NOT_APPLICABLE	VERIFIED_CC0_RMDB	RESOLVED	
421573738	ETERNA_R17_0001	ETERNA_R17_0001	ETERNA_R17_0001.rdat	fbd12901f1c57ec37acabcf8a97c7a4472dc10f60b79d83463b560f5b2a145fa	reactflow_delta.d0x_v2.asset_disposition.v2	PARSE_SUCCESS	16	16	NOT_RUN	0	NONE	NOT_APPLICABLE	VERIFIED_CC0_RMDB	RESOLVED	
421573740	ETERNA_R18_0001	ETERNA_R18_0001	ETERNA_R18_0001.rdat	17b27f8e53c1acb9eaeda3bd1fe9863a986916851c044781c67a636c73bcc613	reactflow_delta.d0x_v2.asset_disposition.v2	PARSE_SUCCESS	16	16	NOT_RUN	0	NONE	NOT_APPLICABLE	VERIFIED_CC0_RMDB	RESOLVED	
421573742	ETERNA_R19_0001	ETERNA_R19_0001	ETERNA_R19_0001.rdat	fa52b68811f03863f887e8c5f06e901571608eb89d1e9b77f568956ca57ea87b	reactflow_delta.d0x_v2.asset_disposition.v2	PARSE_SUCCESS	16	16	NOT_RUN	0	NONE	NOT_APPLICABLE	VERIFIED_CC0_RMDB	RESOLVED	
421573744	ETERNA_R20_0001	ETERNA_R20_0001	ETERNA_R20_0001.rdat	4fc55e4c2407617906e59c944c5a675d394c4380644e24422cb1c5d3ac39d186	reactflow_delta.d0x_v2.asset_disposition.v2	PARSE_SUCCESS	16	16	NOT_RUN	0	NONE	NOT_APPLICABLE	VERIFIED_CC0_RMDB	RESOLVED	
421573743	ETERNA_R21_0001	ETERNA_R21_0001	ETERNA_R21_0001.rdat	1508e12b193e4bfd9e80daf6eabc7bbd38d1a4761fff1d3e040a41b1b7eeeaae	reactflow_delta.d0x_v2.asset_disposition.v2	PARSE_SUCCESS	16	16	NOT_RUN	0	NONE	NOT_APPLICABLE	VERIFIED_CC0_RMDB	RESOLVED	
421573745	ETERNA_R22_0001	ETERNA_R22_0001	ETERNA_R22_0001.rdat	f5528264c7a0b73c8b6d1d0890b190e044fd687ff3027bf6998e248c87e320c3	reactflow_delta.d0x_v2.asset_disposition.v2	PARSE_SUCCESS	16	16	NOT_RUN	0	NONE	NOT_APPLICABLE	VERIFIED_CC0_RMDB	RESOLVED	
421573746	ETERNA_R23_0001	ETERNA_R23_0001	ETERNA_R23_0001.rdat	2f61dbb398c2a9a743a83c8f3240dcb7b5034e555e35cdb1e99744b193dd6c59	reactflow_delta.d0x_v2.asset_disposition.v2	PARSE_SUCCESS	16	16	NOT_RUN	0	NONE	NOT_APPLICABLE	VERIFIED_CC0_RMDB	RESOLVED	
421573750	ETERNA_R24_0001	ETERNA_R24_0001	ETERNA_R24_0001.rdat	c441d1930264473c4eea01f5a04aa07e6f54ecd5221394a80805da163b54dac6	reactflow_delta.d0x_v2.asset_disposition.v2	PARSE_SUCCESS	13	13	NOT_RUN	0	NONE	NOT_APPLICABLE	VERIFIED_CC0_RMDB	RESOLVED	
421573754	ETERNA_R25_0001	ETERNA_R25_0001	ETERNA_R25_0001.rdat	27813efd8393848a43301e9f3a08cc5abf3a4409c1a20653512b97224024ed93	reactflow_delta.d0x_v2.asset_disposition.v2	PARSE_SUCCESS	16	16	NOT_RUN	0	NONE	NOT_APPLICABLE	VERIFIED_CC0_RMDB	RESOLVED	
421573755	ETERNA_R26_0001	ETERNA_R26_0001	ETERNA_R26_0001.rdat	788d2ab24a56ef12de8ae9961991cdfba8583e2d01c1224fac1fb621c584cb14	reactflow_delta.d0x_v2.asset_disposition.v2	PARSE_SUCCESS	16	16	NOT_RUN	0	NONE	NOT_APPLICABLE	VERIFIED_CC0_RMDB	RESOLVED	
421573763	ETERNA_R27_0001	ETERNA_R27_0001	ETERNA_R27_0001.rdat	d74eebb71423b42f0d4fdd03127b351ab48df9d5e2f150d0ef1402de325ec161	reactflow_delta.d0x_v2.asset_disposition.v2	PARSE_SUCCESS	16	16	NOT_RUN	0	NONE	NOT_APPLICABLE	VERIFIED_CC0_RMDB	RESOLVED	
421573764	ETERNA_R28_0001	ETERNA_R28_0001	ETERNA_R28_0001.rdat	79d11e2aa96ceb786d3bf900fe8356aec2bca0a0117f6afbbddcb63fd9df2042	reactflow_delta.d0x_v2.asset_disposition.v2	PARSE_SUCCESS	14	14	NOT_RUN	0	NONE	NOT_APPLICABLE	VERIFIED_CC0_RMDB	RESOLVED	
421573767	ETERNA_R29_0001	ETERNA_R29_0001	ETERNA_R29_0001.rdat	58f88aa278862a1ba02d91d95e6262d5d0487b9dcb0d61333117494ae6981167	reactflow_delta.d0x_v2.asset_disposition.v2	PARSE_SUCCESS	32	32	NOT_RUN	0	NONE	NOT_APPLICABLE	VERIFIED_CC0_RMDB	RESOLVED	
421573775	ETERNA_R30_0001	ETERNA_R30_0001	ETERNA_R30_0001.rdat	f1b0a9934d043668b8d2ed2001549cd5be47f4902eea389c20f199166fe12970	reactflow_delta.d0x_v2.asset_disposition.v2	PARSE_SUCCESS	32	32	NOT_RUN	0	NONE	NOT_APPLICABLE	VERIFIED_CC0_RMDB	RESOLVED	
421573774	ETERNA_R31_0001	ETERNA_R31_0001	ETERNA_R31_0001.rdat	9605733c84138c213225fbcaa4d5f2c88ca90ff2d455e079b0d79c719776f462	reactflow_delta.d0x_v2.asset_disposition.v2	PARSE_SUCCESS	32	32	NOT_RUN	0	NONE	NOT_APPLICABLE	VERIFIED_CC0_RMDB	RESOLVED	
421573777	ETERNA_R31_0002	ETERNA_R31_0002	ETERNA_R31_0002.rdat	a193dd6bea3e5276551e72f01df64b487a794f2b29dff4b192eca889edb7e034	reactflow_delta.d0x_v2.asset_disposition.v2	PARSE_SUCCESS	32	32	NOT_RUN	0	NONE	NOT_APPLICABLE	VERIFIED_CC0_RMDB	RESOLVED	
421573776	ETERNA_R32_0001	ETERNA_R32_0001	ETERNA_R32_0001.rdat	61a6ea3a151e57d635be2388849451edff47268c60cc6cc5b80537e9500df52b	reactflow_delta.d0x_v2.asset_disposition.v2	PARSE_SUCCESS	32	32	NOT_RUN	0	NONE	NOT_APPLICABLE	VERIFIED_CC0_RMDB	RESOLVED	
421573786	ETERNA_R33_0001	ETERNA_R33_0001	ETERNA_R33_0001.rdat	27ac92667c0bdca42aa36eefe7443d140f2d4a8c483e456a37615feafeeedbff	reactflow_delta.d0x_v2.asset_disposition.v2	PARSE_SUCCESS	30	30	NOT_RUN	0	NONE	NOT_APPLICABLE	VERIFIED_CC0_RMDB	RESOLVED	
421573791	ETERNA_R34_0001	ETERNA_R34_0001	ETERNA_R34_0001.rdat	1dd710a0d45157bb92dcada754d4fccaac113108395ed1c23bbe01ecea591c3c	reactflow_delta.d0x_v2.asset_disposition.v2	PARSE_SUCCESS	30	30	NOT_RUN	0	NONE	NOT_APPLICABLE	VERIFIED_CC0_RMDB	RESOLVED	
421573807	ETERNA_R35_0001	ETERNA_R35_0001	ETERNA_R35_0001.rdat	6d1567153054bdf3337275f337fcf5ce5b19092760fe3f42ba94a5ee8443e8a8	reactflow_delta.d0x_v2.asset_disposition.v2	PARSE_SUCCESS	32	32	NOT_RUN	0	NONE	NOT_APPLICABLE	VERIFIED_CC0_RMDB	RESOLVED	
421573804	ETERNA_R36_0001	ETERNA_R36_0001	ETERNA_R36_0001.rdat	f9b46796af9a2c23942b78f74366e4e3358482103743407e84512e1afd11e7bb	reactflow_delta.d0x_v2.asset_disposition.v2	PARSE_SUCCESS	32	32	NOT_RUN	0	NONE	NOT_APPLICABLE	VERIFIED_CC0_RMDB	RESOLVED	
421573806	ETERNA_R37_0001	ETERNA_R37_0001	ETERNA_R37_0001.rdat	73ffed53937933788c6d6c2bf0e64265e6f3ed06586d6cdf80aff827ceb65820	reactflow_delta.d0x_v2.asset_disposition.v2	PARSE_SUCCESS	32	32	NOT_RUN	0	NONE	NOT_APPLICABLE	VERIFIED_CC0_RMDB	RESOLVED	
421573808	ETERNA_R38_0001	ETERNA_R38_0001	ETERNA_R38_0001.rdat	ee76d31ec2a60eeb5d2d794f825758c802e663b253890d95026b1405d31a719a	reactflow_delta.d0x_v2.asset_disposition.v2	PARSE_SUCCESS	32	32	NOT_RUN	0	NONE	NOT_APPLICABLE	VERIFIED_CC0_RMDB	RESOLVED	
421573805	ETERNA_R39_0001	ETERNA_R39_0001	ETERNA_R39_0001.rdat	59e695682f745c7fa678e90116e0cee0cc8cfdbd02962a4615af61e2f938a21a	reactflow_delta.d0x_v2.asset_disposition.v2	PARSE_SUCCESS	32	32	NOT_RUN	0	NONE	NOT_APPLICABLE	VERIFIED_CC0_RMDB	RESOLVED	
421573826	ETERNA_R40_0001	ETERNA_R40_0001	ETERNA_R40_0001.rdat	0b07cf36d00280c6cb71d2d02cb986235d551d1ef6eeb919e38bf515f8163c7d	reactflow_delta.d0x_v2.asset_disposition.v2	PARSE_SUCCESS	40	40	NOT_RUN	0	NONE	NOT_APPLICABLE	VERIFIED_CC0_RMDB	RESOLVED	
421573827	ETERNA_R41_0001	ETERNA_R41_0001	ETERNA_R41_0001.rdat	9ebf4b864ff4e92377711255050e8e26f5837bfc758ffb5cc5e8c0d559601b5d	reactflow_delta.d0x_v2.asset_disposition.v2	PARSE_SUCCESS	20	20	NOT_RUN	0	NONE	NOT_APPLICABLE	VERIFIED_CC0_RMDB	RESOLVED	
421573828	ETERNA_R41_0002	ETERNA_R41_0002	ETERNA_R41_0002.rdat	73c72ee0b19bf31c3d357b7f2021e509c8e350afc4b12c8d006e94cdfbb4b16f	reactflow_delta.d0x_v2.asset_disposition.v2	PARSE_SUCCESS	22	22	NOT_RUN	0	NONE	NOT_APPLICABLE	VERIFIED_CC0_RMDB	RESOLVED	
421573829	ETERNA_R42_0001	ETERNA_R42_0001	ETERNA_R42_0001.rdat	dd4c95388c8f661cf4677732c12a22af9358f6f4b9fd2380aaada5ea8be2704a	reactflow_delta.d0x_v2.asset_disposition.v2	PARSE_SUCCESS	24	24	NOT_RUN	0	NONE	NOT_APPLICABLE	VERIFIED_CC0_RMDB	RESOLVED	
421573830	ETERNA_R42_0002	ETERNA_R42_0002	ETERNA_R42_0002.rdat	3ab87402271505d397ccfa1e98236f13b4dea7cb5b51899cbe78cf9ce8601bab	reactflow_delta.d0x_v2.asset_disposition.v2	PARSE_SUCCESS	8	8	NOT_RUN	0	NONE	NOT_APPLICABLE	VERIFIED_CC0_RMDB	RESOLVED	
421573841	ETERNA_R42_0003	ETERNA_R42_0003	ETERNA_R42_0003.rdat	7878af6f68f1834982a15d40a14f65209f0117a0235a108633b7cafb4c418a1b	reactflow_delta.d0x_v2.asset_disposition.v2	PARSE_SUCCESS	8	8	NOT_RUN	0	NONE	NOT_APPLICABLE	VERIFIED_CC0_RMDB	RESOLVED	
421573843	ETERNA_R42_0004	ETERNA_R42_0004	ETERNA_R42_0004.rdat	d656c5a8bcdb2a685be17bb79f97b834e93827094fdc15acfbb9544a124b1ccd	reactflow_delta.d0x_v2.asset_disposition.v2	PARSE_SUCCESS	6	6	NOT_RUN	0	NONE	NOT_APPLICABLE	VERIFIED_CC0_RMDB	RESOLVED	
421573845	ETERNA_R42_0005	ETERNA_R42_0005	ETERNA_R42_0005.rdat	51dc259f51134a63b64871e133140b5d2a0b838cf5cc9ec839c9954b28ff9292	reactflow_delta.d0x_v2.asset_disposition.v2	PARSE_SUCCESS	8	8	NOT_RUN	0	NONE	NOT_APPLICABLE	VERIFIED_CC0_RMDB	RESOLVED	
421573844	ETERNA_R42_0006	ETERNA_R42_0006	ETERNA_R42_0006.rdat	d732375d0dea0568590974c5e9814008bf84152feb161c901567f2e6b22d96b5	reactflow_delta.d0x_v2.asset_disposition.v2	PARSE_SUCCESS	8	8	NOT_RUN	0	NONE	NOT_APPLICABLE	VERIFIED_CC0_RMDB	RESOLVED	
421573846	ETERNA_R43_0001	ETERNA_R43_0001	ETERNA_R43_0001.rdat	9aefdcbde15fcd399e2dbe0f63a23d5950aac3e92c2b0b5cd47aa16cbeed0bc1	reactflow_delta.d0x_v2.asset_disposition.v2	PARSE_SUCCESS	32	32	NOT_RUN	0	NONE	NOT_APPLICABLE	VERIFIED_CC0_RMDB	RESOLVED	
421573849	ETERNA_R44_0001	ETERNA_R44_0001	ETERNA_R44_0001.rdat	3a3660ffd0b0309a5d104da5caf5229c07a9ed3f931bbccf314e117a42a86953	reactflow_delta.d0x_v2.asset_disposition.v2	PARSE_SUCCESS	64	64	NOT_RUN	0	NONE	NOT_APPLICABLE	VERIFIED_CC0_RMDB	RESOLVED	
421573850	ETERNA_R45_0001	ETERNA_R45_0001	ETERNA_R45_0001.rdat	aa5e98edd16f8ef97dba587a827761b88ad978996876d5e04eb7e52b5d9e8d6c	reactflow_delta.d0x_v2.asset_disposition.v2	PARSE_SUCCESS	33	33	NOT_RUN	0	NONE	NOT_APPLICABLE	VERIFIED_CC0_RMDB	RESOLVED	
421573851	ETERNA_R45_0002	ETERNA_R45_0002	ETERNA_R45_0002.rdat	d0e93929d761dc3d68ad82705679a065717e8f1b07e221e0b32160753f716e47	reactflow_delta.d0x_v2.asset_disposition.v2	PARSE_SUCCESS	20	20	NOT_RUN	0	NONE	NOT_APPLICABLE	VERIFIED_CC0_RMDB	RESOLVED	
421573854	ETERNA_R46_0001	ETERNA_R46_0001	ETERNA_R46_0001.rdat	c7ba40ef7669ba84e22336dbff93aa05c46e389d0cd3a987fab997139fb80d87	reactflow_delta.d0x_v2.asset_disposition.v2	PARSE_SUCCESS	64	64	NOT_RUN	0	NONE	NOT_APPLICABLE	VERIFIED_CC0_RMDB	RESOLVED	
421573859	ETERNA_R47_0001	ETERNA_R47_0001	ETERNA_R47_0001.rdat	d95e2d22f4df91f52a85631aa6ef3d06d6a137bafeb0b7829754d688ab350b04	reactflow_delta.d0x_v2.asset_disposition.v2	PARSE_SUCCESS	64	64	NOT_RUN	0	NONE	NOT_APPLICABLE	VERIFIED_CC0_RMDB	RESOLVED	
421573864	ETERNA_R47_0002	ETERNA_R47_0002	ETERNA_R47_0002.rdat	5874163985a01539c652adb34eedf03f536e08f60ab635b4e9e633d17f8d4203	reactflow_delta.d0x_v2.asset_disposition.v2	PARSE_SUCCESS	32	32	NOT_RUN	0	NONE	NOT_APPLICABLE	VERIFIED_CC0_RMDB	RESOLVED	
421573866	ETERNA_R48_0001	ETERNA_R48_0001	ETERNA_R48_0001.rdat	fe5c2594fb4564e19db3f2ef387a2fea7373cd28186224493d5c39cdd27709a7	reactflow_delta.d0x_v2.asset_disposition.v2	PARSE_SUCCESS	64	64	NOT_RUN	0	NONE	NOT_APPLICABLE	VERIFIED_CC0_RMDB	RESOLVED	
421573867	ETERNA_R49_0001	ETERNA_R49_0001	ETERNA_R49_0001.rdat	d0444e2e4279a70ebbf9d343f9b07968c3bcb2092a5c12f0e34079673705737a	reactflow_delta.d0x_v2.asset_disposition.v2	PARSE_SUCCESS	16	16	NOT_RUN	0	NONE	NOT_APPLICABLE	VERIFIED_CC0_RMDB	RESOLVED	
421573868	ETERNA_R49_0002	ETERNA_R49_0002	ETERNA_R49_0002.rdat	f4738eb18aa53767f177700e2cc8c1ff99abf6fb336968de7746295aa6c2bdfb	reactflow_delta.d0x_v2.asset_disposition.v2	PARSE_SUCCESS	48	48	NOT_RUN	0	NONE	NOT_APPLICABLE	VERIFIED_CC0_RMDB	RESOLVED	
421573870	ETERNA_R50_0001	ETERNA_R50_0001	ETERNA_R50_0001.rdat	53ecfb4fbbf99e65f26ca0b4da09dd69153368f6ce1e2fa81b8aa43ce6711e91	reactflow_delta.d0x_v2.asset_disposition.v2	PARSE_SUCCESS	48	48	NOT_RUN	0	NONE	NOT_APPLICABLE	VERIFIED_CC0_RMDB	RESOLVED	
421573876	ETERNA_R51_0001	ETERNA_R51_0001	ETERNA_R51_0001.rdat	422a1c9c7def8ad5e06fbc51310c412349b229a84c5e875339cbe39c790a3453	reactflow_delta.d0x_v2.asset_disposition.v2	PARSE_SUCCESS	16	16	NOT_RUN	0	NONE	NOT_APPLICABLE	VERIFIED_CC0_RMDB	RESOLVED	
421573877	ETERNA_R69_0000	ETERNA_R69_0000	ETERNA_R69_0000.rdat	ed7e5716e497f68aed4dd1d7d73b18b700c911f220e24d4c1b4051769eed40c2	reactflow_delta.d0x_v2.asset_disposition.v2	PARSE_FAIL_LENGTH_MISMATCH_REACTIVITY_VS_SEQPOS	NOT_RUN	NOT_RUN	NOT_RUN	0	UNPARSEABLE	RECOVERABLE	VERIFIED_CC0_RMDB	RESOLVED	parse_fail:PARSE_FAIL_LENGTH_MISMATCH_REACTIVITY_VS_SEQPOS; 39GB canonical count not yet produced (NOT_RUN)
421573880	ETERNA_R69_0001	ETERNA_R69_0001	ETERNA_R69_0001.rdat	768711c8155d515f0f5db4ee7c1cc05159fe9396f678cd70d8f7f5388cba9188	reactflow_delta.d0x_v2.asset_disposition.v2	PARSE_FAIL_LENGTH_MISMATCH_REACTIVITY_VS_SEQPOS	6376	6376	NOT_RUN	0	PARSE_FAIL_LENGTH_MISMATCH_REACTIVITY_VS_SEQPOS	RECOVERABLE	VERIFIED_CC0_RMDB	RESOLVED	parse_fail:PARSE_FAIL_LENGTH_MISMATCH_REACTIVITY_VS_SEQPOS
421573881	ETERNA_R70_0000	ETERNA_R70_0000	ETERNA_R70_0000.rdat	2c1e6d63cd27372c4ee932fe790becd3709ccd340f1b6e19e25c0cda1db68581	reactflow_delta.d0x_v2.asset_disposition.v2	PARSE_FAIL_LENGTH_MISMATCH_REACTIVITY_VS_SEQPOS	3872	3872	NOT_RUN	0	PARSE_FAIL_LENGTH_MISMATCH_REACTIVITY_VS_SEQPOS	RECOVERABLE	VERIFIED_CC0_RMDB	RESOLVED	parse_fail:PARSE_FAIL_LENGTH_MISMATCH_REACTIVITY_VS_SEQPOS
421573879	ETERNA_R71_0000	ETERNA_R71_0000	ETERNA_R71_0000.rdat	8bb10e331fa18381e0f3d9f24e60329877654d5aa12519c6705a23e353943d57	reactflow_delta.d0x_v2.asset_disposition.v2	PARSE_FAIL_LENGTH_MISMATCH_REACTIVITY_VS_SEQPOS	NOT_RUN	NOT_RUN	NOT_RUN	0	UNPARSEABLE	RECOVERABLE	VERIFIED_CC0_RMDB	RESOLVED	parse_fail:PARSE_FAIL_LENGTH_MISMATCH_REACTIVITY_VS_SEQPOS; 39GB canonical count not yet produced (NOT_RUN)
421573888	ETERNA_R72_0000	ETERNA_R72_0000	ETERNA_R72_0000.rdat	19670d7f096ec15541e8acb8329f1fde3ae88b41ba69c749789634fcf0d78bb9	reactflow_delta.d0x_v2.asset_disposition.v2	PARSE_FAIL_LENGTH_MISMATCH_REACTIVITY_VS_SEQPOS	NOT_RUN	NOT_RUN	NOT_RUN	0	UNPARSEABLE	RECOVERABLE	VERIFIED_CC0_RMDB	RESOLVED	parse_fail:PARSE_FAIL_LENGTH_MISMATCH_REACTIVITY_VS_SEQPOS; 39GB canonical count not yet produced (NOT_RUN)
421573895	ETERNA_R73_0000	ETERNA_R73_0000	ETERNA_R73_0000.rdat	378c9452c93fc933d7940a8da2cd7169dfcabc7a705ad107a37990952b3e7c19	reactflow_delta.d0x_v2.asset_disposition.v2	PARSE_FAIL_LENGTH_MISMATCH_REACTIVITY_VS_SEQPOS	NOT_RUN	NOT_RUN	NOT_RUN	0	UNPARSEABLE	RECOVERABLE	VERIFIED_CC0_RMDB	RESOLVED	parse_fail:PARSE_FAIL_LENGTH_MISMATCH_REACTIVITY_VS_SEQPOS; 39GB canonical count not yet produced (NOT_RUN)
421573899	ETERNA_R73_0001	ETERNA_R73_0001	ETERNA_R73_0001.rdat	9a234605fd6ffc6dafb00eea75a854d5abac94e1a7fb8f88313014405a65d682	reactflow_delta.d0x_v2.asset_disposition.v2	PARSE_FAIL_LENGTH_MISMATCH_REACTIVITY_VS_SEQPOS	NOT_RUN	NOT_RUN	NOT_RUN	0	UNPARSEABLE	RECOVERABLE	VERIFIED_CC0_RMDB	RESOLVED	parse_fail:PARSE_FAIL_LENGTH_MISMATCH_REACTIVITY_VS_SEQPOS; 39GB canonical count not yet produced (NOT_RUN)
421573900	ETERNA_R74_0000	ETERNA_R74_0000	ETERNA_R74_0000.rdat	035c7478c74da1cda8d24c995d6ac25c16ded4ebc2b44566cd56b4d58e4fcb05	reactflow_delta.d0x_v2.asset_disposition.v2	PARSE_FAIL_LENGTH_MISMATCH_REACTIVITY_VS_SEQPOS	NOT_RUN	NOT_RUN	NOT_RUN	0	UNPARSEABLE	RECOVERABLE	VERIFIED_CC0_RMDB	RESOLVED	parse_fail:PARSE_FAIL_LENGTH_MISMATCH_REACTIVITY_VS_SEQPOS; 39GB canonical count not yet produced (NOT_RUN)
421573933	ETERNA_R75_0000	ETERNA_R75_0000	ETERNA_R75_0000.rdat	3ff7e74f1f4cbbc4257ac39c54b40d381396fa98cde2f06254a08c0d8413a0b3	reactflow_delta.d0x_v2.asset_disposition.v2	PARSE_FAIL_LENGTH_MISMATCH_REACTIVITY_VS_SEQPOS	NOT_RUN	NOT_RUN	NOT_RUN	0	UNPARSEABLE	RECOVERABLE	VERIFIED_CC0_RMDB	RESOLVED	parse_fail:PARSE_FAIL_LENGTH_MISMATCH_REACTIVITY_VS_SEQPOS; 39GB canonical count not yet produced (NOT_RUN)
421573945	ETERNA_R76_0000	ETERNA_R76_0000	ETERNA_R76_0000.rdat	6265b96feaa0dbeae30522c230f4a90e85463edcff26c09278ed6b05e3643d37	reactflow_delta.d0x_v2.asset_disposition.v2	PARSE_FAIL_LENGTH_MISMATCH_REACTIVITY_VS_SEQPOS	NOT_RUN	NOT_RUN	NOT_RUN	0	UNPARSEABLE	RECOVERABLE	VERIFIED_CC0_RMDB	RESOLVED	parse_fail:PARSE_FAIL_LENGTH_MISMATCH_REACTIVITY_VS_SEQPOS; 39GB canonical count not yet produced (NOT_RUN)
421573946	ETERNA_R76_0001	ETERNA_R76_0001	ETERNA_R76_0001.rdat	03888805dc4ff50c6f50f0f2ac2ec7f6a8d9823bdc6a7ffdb0695ec586da61db	reactflow_delta.d0x_v2.asset_disposition.v2	PARSE_FAIL_LENGTH_MISMATCH_REACTIVITY_VS_SEQPOS	NOT_RUN	NOT_RUN	NOT_RUN	0	UNPARSEABLE	RECOVERABLE	VERIFIED_CC0_RMDB	RESOLVED	parse_fail:PARSE_FAIL_LENGTH_MISMATCH_REACTIVITY_VS_SEQPOS; 39GB canonical count not yet produced (NOT_RUN)
421573960	ETERNA_R77_0000	ETERNA_R77_0000	ETERNA_R77_0000.rdat	42c4a18d415030cd89e4bddd7698ce242c4c719caafb8238e59712eb603a7b51	reactflow_delta.d0x_v2.asset_disposition.v2	PARSE_FAIL_LENGTH_MISMATCH_REACTIVITY_VS_SEQPOS	NOT_RUN	NOT_RUN	NOT_RUN	0	UNPARSEABLE	RECOVERABLE	VERIFIED_CC0_RMDB	RESOLVED	parse_fail:PARSE_FAIL_LENGTH_MISMATCH_REACTIVITY_VS_SEQPOS; 39GB canonical count not yet produced (NOT_RUN)
421573959	ETERNA_R77_0001	ETERNA_R77_0001	ETERNA_R77_0001.rdat	af33c64bc5882e4577e5ec92cf77dd05a1e212c16d76b075a0d0e60f482cdd4f	reactflow_delta.d0x_v2.asset_disposition.v2	PARSE_FAIL_LENGTH_MISMATCH_REACTIVITY_VS_SEQPOS	NOT_RUN	NOT_RUN	NOT_RUN	0	UNPARSEABLE	RECOVERABLE	VERIFIED_CC0_RMDB	RESOLVED	parse_fail:PARSE_FAIL_LENGTH_MISMATCH_REACTIVITY_VS_SEQPOS; 39GB canonical count not yet produced (NOT_RUN)
421573966	ETERNA_R77_0002	ETERNA_R77_0002	ETERNA_R77_0002.rdat	abad86a87f0e35ca97f0d134dbfcf2092dcdf1f35fe2f02f0bdc5a420f5fc374	reactflow_delta.d0x_v2.asset_disposition.v2	PARSE_FAIL_ANNOTATION_MISSING_SEPARATOR	NOT_RUN	NOT_RUN	NOT_RUN	0	UNPARSEABLE	RECOVERABLE	VERIFIED_CC0_RMDB	RESOLVED	parse_fail:PARSE_FAIL_ANNOTATION_MISSING_SEPARATOR; 39GB canonical count not yet produced (NOT_RUN)
421573968	ETERNA_R78_0000	ETERNA_R78_0000	ETERNA_R78_0000.rdat	fcdd0ce404949df177e789d140ddaface0b5e0f69d39b46025d7c134c534588a	reactflow_delta.d0x_v2.asset_disposition.v2	PARSE_FAIL_LENGTH_MISMATCH_REACTIVITY_VS_SEQPOS	NOT_RUN	NOT_RUN	NOT_RUN	0	UNPARSEABLE	RECOVERABLE	VERIFIED_CC0_RMDB	RESOLVED	parse_fail:PARSE_FAIL_LENGTH_MISMATCH_REACTIVITY_VS_SEQPOS; 39GB canonical count not yet produced (NOT_RUN)
421574099	ETERNA_R78_0001	ETERNA_R78_0001	ETERNA_R78_0001.rdat	0bd232d071320b5ffda3c717ab279b28610bbdd19f2664c5fe9914f0820314e0	reactflow_delta.d0x_v2.asset_disposition.v2	PARSE_FAIL_LENGTH_MISMATCH_REACTIVITY_VS_SEQPOS	NOT_RUN	NOT_RUN	NOT_RUN	0	UNPARSEABLE	RECOVERABLE	VERIFIED_CC0_RMDB	RESOLVED	parse_fail:PARSE_FAIL_LENGTH_MISMATCH_REACTIVITY_VS_SEQPOS; 39GB canonical count not yet produced (NOT_RUN)
421574107	ETERNA_R79_0000	ETERNA_R79_0000	ETERNA_R79_0000.rdat	9a3ce7916e1e4dec8900b83345054fa355786d848f4ef6d81c11385ae0d9566f	reactflow_delta.d0x_v2.asset_disposition.v2	PARSE_FAIL_LENGTH_MISMATCH_REACTIVITY_VS_SEQPOS	NOT_RUN	NOT_RUN	NOT_RUN	0	UNPARSEABLE	RECOVERABLE	VERIFIED_CC0_RMDB	RESOLVED	parse_fail:PARSE_FAIL_LENGTH_MISMATCH_REACTIVITY_VS_SEQPOS; 39GB canonical count not yet produced (NOT_RUN)
421574109	ETERNA_R79_0001	ETERNA_R79_0001	ETERNA_R79_0001.rdat	3ef64db6909116a39a4e58a028999063b0613974d7c33b29ad7b1da66f9272cf	reactflow_delta.d0x_v2.asset_disposition.v2	PARSE_FAIL_LENGTH_MISMATCH_REACTIVITY_VS_SEQPOS	NOT_RUN	NOT_RUN	NOT_RUN	0	UNPARSEABLE	RECOVERABLE	VERIFIED_CC0_RMDB	RESOLVED	parse_fail:PARSE_FAIL_LENGTH_MISMATCH_REACTIVITY_VS_SEQPOS; 39GB canonical count not yet produced (NOT_RUN)
421574114	ETERNA_R80_0000	ETERNA_R80_0000	ETERNA_R80_0000.rdat	78d2873c0138b6e9abc1d3eb923d156d94a2f96d54820aa1513255c332e496f8	reactflow_delta.d0x_v2.asset_disposition.v2	PARSE_FAIL_LENGTH_MISMATCH_REACTIVITY_VS_SEQPOS	NOT_RUN	NOT_RUN	NOT_RUN	0	UNPARSEABLE	RECOVERABLE	VERIFIED_CC0_RMDB	RESOLVED	parse_fail:PARSE_FAIL_LENGTH_MISMATCH_REACTIVITY_VS_SEQPOS; 39GB canonical count not yet produced (NOT_RUN)
421574115	ETERNA_R80_0001	ETERNA_R80_0001	ETERNA_R80_0001.rdat	769a70ba52758b4aa40a3f5fe6fd2250b5ca364800730f534ee64fa49819013c	reactflow_delta.d0x_v2.asset_disposition.v2	PARSE_FAIL_LENGTH_MISMATCH_REACTIVITY_VS_SEQPOS	NOT_RUN	NOT_RUN	NOT_RUN	0	UNPARSEABLE	RECOVERABLE	VERIFIED_CC0_RMDB	RESOLVED	parse_fail:PARSE_FAIL_LENGTH_MISMATCH_REACTIVITY_VS_SEQPOS; 39GB canonical count not yet produced (NOT_RUN)
421574125	ETERNA_R81_0000	ETERNA_R81_0000	ETERNA_R81_0000.rdat	c70eace20cc90bea443f115a35136c3a03723a8c26e27cd32577b2d46561caff	reactflow_delta.d0x_v2.asset_disposition.v2	PARSE_FAIL_LENGTH_MISMATCH_REACTIVITY_VS_SEQPOS	NOT_RUN	NOT_RUN	NOT_RUN	0	UNPARSEABLE	RECOVERABLE	VERIFIED_CC0_RMDB	RESOLVED	parse_fail:PARSE_FAIL_LENGTH_MISMATCH_REACTIVITY_VS_SEQPOS; 39GB canonical count not yet produced (NOT_RUN)
421574130	ETERNA_R81_0001	ETERNA_R81_0001	ETERNA_R81_0001.rdat	8993c1968c4324e11b95ef12e01e8b011b744bf9dd48e17b08cc58657e613e4f	reactflow_delta.d0x_v2.asset_disposition.v2	PARSE_FAIL_LENGTH_MISMATCH_REACTIVITY_VS_SEQPOS	NOT_RUN	NOT_RUN	NOT_RUN	0	UNPARSEABLE	RECOVERABLE	VERIFIED_CC0_RMDB	RESOLVED	parse_fail:PARSE_FAIL_LENGTH_MISMATCH_REACTIVITY_VS_SEQPOS; 39GB canonical count not yet produced (NOT_RUN)
421574131	ETERNA_R82_0000	ETERNA_R82_0000	ETERNA_R82_0000.rdat	e48ad5313c7bd2503b7adc6b4c57d3dcca673c710fcb273306fab9d979d9017d	reactflow_delta.d0x_v2.asset_disposition.v2	PARSE_FAIL_LENGTH_MISMATCH_REACTIVITY_VS_SEQPOS	NOT_RUN	NOT_RUN	NOT_RUN	0	UNPARSEABLE	RECOVERABLE	VERIFIED_CC0_RMDB	RESOLVED	parse_fail:PARSE_FAIL_LENGTH_MISMATCH_REACTIVITY_VS_SEQPOS; 39GB canonical count not yet produced (NOT_RUN)
421574135	ETERNA_R82_0001	ETERNA_R82_0001	ETERNA_R82_0001.rdat	5bc3032a02f060f93ca6bd8095655ad47cb54083caa30460545ed15cede091a0	reactflow_delta.d0x_v2.asset_disposition.v2	PARSE_FAIL_LENGTH_MISMATCH_REACTIVITY_VS_SEQPOS	NOT_RUN	NOT_RUN	NOT_RUN	0	UNPARSEABLE	RECOVERABLE	VERIFIED_CC0_RMDB	RESOLVED	parse_fail:PARSE_FAIL_LENGTH_MISMATCH_REACTIVITY_VS_SEQPOS; 39GB canonical count not yet produced (NOT_RUN)
421574160	ETERNA_R83_0000	ETERNA_R83_0000	ETERNA_R83_0000.rdat	f553f7be109a138adef3ff7d3b82434c7548c483b2f1a07f3e845aba741d5c66	reactflow_delta.d0x_v2.asset_disposition.v2	PARSE_FAIL_LENGTH_MISMATCH_REACTIVITY_VS_SEQPOS	NOT_RUN	NOT_RUN	NOT_RUN	0	UNPARSEABLE	RECOVERABLE	VERIFIED_CC0_RMDB	RESOLVED	parse_fail:PARSE_FAIL_LENGTH_MISMATCH_REACTIVITY_VS_SEQPOS; 39GB canonical count not yet produced (NOT_RUN)
421574158	ETERNA_R83_0002	ETERNA_R83_0002	ETERNA_R83_0002.rdat	8bd8a30ea58e06c15ba06deae8c3abaeea25538265701fa0d8c234ad55aeca33	reactflow_delta.d0x_v2.asset_disposition.v2	PARSE_FAIL_LENGTH_MISMATCH_REACTIVITY_VS_SEQPOS	NOT_RUN	NOT_RUN	NOT_RUN	0	UNPARSEABLE	RECOVERABLE	VERIFIED_CC0_RMDB	RESOLVED	parse_fail:PARSE_FAIL_LENGTH_MISMATCH_REACTIVITY_VS_SEQPOS; 39GB canonical count not yet produced (NOT_RUN)
421574159	ETERNA_R83_0003	ETERNA_R83_0003	ETERNA_R83_0003.rdat	275679ec8ae108b92e72941f8cedef24761d3f5e547738f4ba882ada2c581466	reactflow_delta.d0x_v2.asset_disposition.v2	PARSE_FAIL_LENGTH_MISMATCH_REACTIVITY_VS_SEQPOS	NOT_RUN	NOT_RUN	NOT_RUN	0	UNPARSEABLE	RECOVERABLE	VERIFIED_CC0_RMDB	RESOLVED	parse_fail:PARSE_FAIL_LENGTH_MISMATCH_REACTIVITY_VS_SEQPOS; 39GB canonical count not yet produced (NOT_RUN)
421574156	ETERNA_R84_0000	ETERNA_R84_0000	ETERNA_R84_0000.rdat	791f1e89625cdfcf02141bd3c9a1749af99ee57601b2a96985089b56c757e8a6	reactflow_delta.d0x_v2.asset_disposition.v2	PARSE_FAIL_LENGTH_MISMATCH_REACTIVITY_VS_SEQPOS	NOT_RUN	NOT_RUN	NOT_RUN	0	UNPARSEABLE	RECOVERABLE	VERIFIED_CC0_RMDB	RESOLVED	parse_fail:PARSE_FAIL_LENGTH_MISMATCH_REACTIVITY_VS_SEQPOS; 39GB canonical count not yet produced (NOT_RUN)
421574157	ETERNA_R85_0000	ETERNA_R85_0000	ETERNA_R85_0000.rdat	3db8c79512b498d6b8e0ef7eeaca99af6c6a4998817c99a983f815b45a31edbe	reactflow_delta.d0x_v2.asset_disposition.v2	PARSE_FAIL_LENGTH_MISMATCH_REACTIVITY_VS_SEQPOS	NOT_RUN	NOT_RUN	NOT_RUN	0	UNPARSEABLE	RECOVERABLE	VERIFIED_CC0_RMDB	RESOLVED	parse_fail:PARSE_FAIL_LENGTH_MISMATCH_REACTIVITY_VS_SEQPOS; 39GB canonical count not yet produced (NOT_RUN)
421574172	ETERNA_R86_0000	ETERNA_R86_0000	ETERNA_R86_0000.rdat	13ec9b5c1adeebfcb7a5c26f0b757b07fd6e190248c08d2d69668d9c01f490b2	reactflow_delta.d0x_v2.asset_disposition.v2	PARSE_FAIL_LENGTH_MISMATCH_REACTIVITY_VS_SEQPOS	NOT_RUN	NOT_RUN	NOT_RUN	0	UNPARSEABLE	RECOVERABLE	VERIFIED_CC0_RMDB	RESOLVED	parse_fail:PARSE_FAIL_LENGTH_MISMATCH_REACTIVITY_VS_SEQPOS; 39GB canonical count not yet produced (NOT_RUN)
421574185	ETERNA_R87_0000	ETERNA_R87_0000	ETERNA_R87_0000.rdat	fd48b4989aa3b23e8e8ff65d41fad024262182af4c3d3b4f9572938172a598ba	reactflow_delta.d0x_v2.asset_disposition.v2	PARSE_FAIL_LENGTH_MISMATCH_REACTIVITY_VS_SEQPOS	NOT_RUN	NOT_RUN	NOT_RUN	0	UNPARSEABLE	RECOVERABLE	VERIFIED_CC0_RMDB	RESOLVED	parse_fail:PARSE_FAIL_LENGTH_MISMATCH_REACTIVITY_VS_SEQPOS; 39GB canonical count not yet produced (NOT_RUN)
421574201	ETERNA_R87_0001	ETERNA_R87_0001	ETERNA_R87_0001.rdat	bfad131686f400b50415776e266b599acf1a18cb9a02e98f0a70ce8e0f1e304a	reactflow_delta.d0x_v2.asset_disposition.v2	PARSE_FAIL_LENGTH_MISMATCH_REACTIVITY_VS_SEQPOS	NOT_RUN	NOT_RUN	NOT_RUN	0	UNPARSEABLE	RECOVERABLE	VERIFIED_CC0_RMDB	RESOLVED	parse_fail:PARSE_FAIL_LENGTH_MISMATCH_REACTIVITY_VS_SEQPOS; 39GB canonical count not yet produced (NOT_RUN)
421574199	ETERNA_R87_0002	ETERNA_R87_0002	ETERNA_R87_0002.rdat	5bb00ffa33bbea755eee32492360b84b171aa5ca820051decb1d717c858e5296	reactflow_delta.d0x_v2.asset_disposition.v2	PARSE_FAIL_LENGTH_MISMATCH_REACTIVITY_VS_SEQPOS	NOT_RUN	NOT_RUN	NOT_RUN	0	UNPARSEABLE	RECOVERABLE	VERIFIED_CC0_RMDB	RESOLVED	parse_fail:PARSE_FAIL_LENGTH_MISMATCH_REACTIVITY_VS_SEQPOS; 39GB canonical count not yet produced (NOT_RUN)
421574204	ETERNA_R87_0003	ETERNA_R87_0003	ETERNA_R87_0003.rdat	b31455ebb22d07eeff2545ca28c6fc3f859d607e45095aed4c2a97c3002bffa6	reactflow_delta.d0x_v2.asset_disposition.v2	PARSE_FAIL_LENGTH_MISMATCH_REACTIVITY_VS_SEQPOS	NOT_RUN	NOT_RUN	NOT_RUN	0	UNPARSEABLE	RECOVERABLE	VERIFIED_CC0_RMDB	RESOLVED	parse_fail:PARSE_FAIL_LENGTH_MISMATCH_REACTIVITY_VS_SEQPOS; 39GB canonical count not yet produced (NOT_RUN)
421574206	ETERNA_R88_0000	ETERNA_R88_0000	ETERNA_R88_0000.rdat	fac96294b1e6158bb56a856851cf6063e7c8ba1e2e45e12a083f1b9128b92429	reactflow_delta.d0x_v2.asset_disposition.v2	PARSE_FAIL_LENGTH_MISMATCH_REACTIVITY_VS_SEQPOS	NOT_RUN	NOT_RUN	NOT_RUN	0	UNPARSEABLE	RECOVERABLE	VERIFIED_CC0_RMDB	RESOLVED	parse_fail:PARSE_FAIL_LENGTH_MISMATCH_REACTIVITY_VS_SEQPOS; 39GB canonical count not yet produced (NOT_RUN)
421574233	ETERNA_R88_0001	ETERNA_R88_0001	ETERNA_R88_0001.rdat	aa0e7cd9d39eef5e75c9b310ff55f2e0cf8a6f3687b9da661a876de3e8f38a53	reactflow_delta.d0x_v2.asset_disposition.v2	PARSE_FAIL_LENGTH_MISMATCH_REACTIVITY_VS_SEQPOS	NOT_RUN	NOT_RUN	NOT_RUN	0	UNPARSEABLE	RECOVERABLE	VERIFIED_CC0_RMDB	RESOLVED	parse_fail:PARSE_FAIL_LENGTH_MISMATCH_REACTIVITY_VS_SEQPOS; 39GB canonical count not yet produced (NOT_RUN)
421574249	ETERNA_R89_0000	ETERNA_R89_0000	ETERNA_R89_0000.rdat	a75933f79e8708ac2d54265b83439a6ec9260a76d5b60762769874376b38e25d	reactflow_delta.d0x_v2.asset_disposition.v2	PARSE_FAIL_LENGTH_MISMATCH_REACTIVITY_VS_SEQPOS	NOT_RUN	NOT_RUN	NOT_RUN	0	UNPARSEABLE	RECOVERABLE	VERIFIED_CC0_RMDB	RESOLVED	parse_fail:PARSE_FAIL_LENGTH_MISMATCH_REACTIVITY_VS_SEQPOS; 39GB canonical count not yet produced (NOT_RUN)
421574256	ETERNA_R90_0000	ETERNA_R90_0000	ETERNA_R90_0000.rdat	e42ea0165e220fb01d8dd6b98e4c1ec3ea02cb91236e1d52a7af03fedcdd537a	reactflow_delta.d0x_v2.asset_disposition.v2	PARSE_FAIL_LENGTH_MISMATCH_REACTIVITY_VS_SEQPOS	NOT_RUN	NOT_RUN	NOT_RUN	0	UNPARSEABLE	RECOVERABLE	VERIFIED_CC0_RMDB	RESOLVED	parse_fail:PARSE_FAIL_LENGTH_MISMATCH_REACTIVITY_VS_SEQPOS; 39GB canonical count not yet produced (NOT_RUN)
421574259	ETERNA_R91_0000	ETERNA_R91_0000	ETERNA_R91_0000.rdat	764b306d74616a07973d8d16e0d01e758650df65ceec574db6c0550b42fe74f3	reactflow_delta.d0x_v2.asset_disposition.v2	PARSE_FAIL_LENGTH_MISMATCH_REACTIVITY_VS_SEQPOS	NOT_RUN	NOT_RUN	NOT_RUN	0	UNPARSEABLE	RECOVERABLE	VERIFIED_CC0_RMDB	RESOLVED	parse_fail:PARSE_FAIL_LENGTH_MISMATCH_REACTIVITY_VS_SEQPOS; 39GB canonical count not yet produced (NOT_RUN)
421574258	ETERNA_R92_0000	ETERNA_R92_0000	ETERNA_R92_0000.rdat	0321f832aa6d9145aa25e8c2a9832ab4206ba2797b11bfa0a7f37dc32e243863	reactflow_delta.d0x_v2.asset_disposition.v2	PARSE_FAIL_LENGTH_MISMATCH_REACTIVITY_VS_SEQPOS	NOT_RUN	NOT_RUN	NOT_RUN	0	UNPARSEABLE	RECOVERABLE	VERIFIED_CC0_RMDB	RESOLVED	parse_fail:PARSE_FAIL_LENGTH_MISMATCH_REACTIVITY_VS_SEQPOS; 39GB canonical count not yet produced (NOT_RUN)
421574260	ETERNA_R93_0000	ETERNA_R93_0000	ETERNA_R93_0000.rdat	cabe79733c0d1e27f72c220102d8fd641c59c4d105451c304354ccc783ac37d1	reactflow_delta.d0x_v2.asset_disposition.v2	PARSE_FAIL_LENGTH_MISMATCH_REACTIVITY_VS_SEQPOS	NOT_RUN	NOT_RUN	NOT_RUN	0	UNPARSEABLE	RECOVERABLE	VERIFIED_CC0_RMDB	RESOLVED	parse_fail:PARSE_FAIL_LENGTH_MISMATCH_REACTIVITY_VS_SEQPOS; 39GB canonical count not yet produced (NOT_RUN)
421574262	ETERNA_R94_0000	ETERNA_R94_0000	ETERNA_R94_0000.rdat	25deca5df6918b84887578658651ceb7e889167567a1f563b461492d99305f12	reactflow_delta.d0x_v2.asset_disposition.v2	PARSE_FAIL_LENGTH_MISMATCH_REACTIVITY_VS_SEQPOS	NOT_RUN	NOT_RUN	NOT_RUN	0	UNPARSEABLE	RECOVERABLE	VERIFIED_CC0_RMDB	RESOLVED	parse_fail:PARSE_FAIL_LENGTH_MISMATCH_REACTIVITY_VS_SEQPOS; 39GB canonical count not yet produced (NOT_RUN)
421574263	ETERNA_R95_0000	ETERNA_R95_0000	ETERNA_R95_0000.rdat	3b22acff45af3f162818360d56f4c71777b9bde8f0c53924f4fd1872b943b9e8	reactflow_delta.d0x_v2.asset_disposition.v2	PARSE_FAIL_LENGTH_MISMATCH_REACTIVITY_VS_SEQPOS	NOT_RUN	NOT_RUN	NOT_RUN	0	UNPARSEABLE	RECOVERABLE	VERIFIED_CC0_RMDB	RESOLVED	parse_fail:PARSE_FAIL_LENGTH_MISMATCH_REACTIVITY_VS_SEQPOS; 39GB canonical count not yet produced (NOT_RUN)
421574272	ETERNA_TOD_0000	ETERNA_TOD_0000	ETERNA_TOD_0000.rdat	e1534b2819eed88173afb1415cd07e93e5aafe673fbc4a912bb4257df2dd093b	reactflow_delta.d0x_v2.asset_disposition.v2	PARSE_SUCCESS	3	3	NOT_RUN	0	NONE	NOT_APPLICABLE	VERIFIED_CC0_RMDB	RESOLVED	
421574275	ETFMNA_R45_0000	ETFMNA_R45_0000	ETFMNA_R45_0000.rdat	9cac9543c0f0bbc4735618503ebd2e21db214a51cf31adb02e67cb0483ffcdcf	reactflow_delta.d0x_v2.asset_disposition.v2	PARSE_FAIL_ANNOTATION_MISSING_SEPARATOR	NOT_RUN	NOT_RUN	NOT_RUN	0	UNPARSEABLE	RECOVERABLE	VERIFIED_CC0_RMDB	RESOLVED	parse_fail:PARSE_FAIL_ANNOTATION_MISSING_SEPARATOR; 39GB canonical count not yet produced (NOT_RUN)
421574276	ETFMNA_R45_0001	ETFMNA_R45_0001	ETFMNA_R45_0001.rdat	b8427a7632bfde9e09b2532b1054150da013098bee71fee0334d53a477fbec88	reactflow_delta.d0x_v2.asset_disposition.v2	PARSE_FAIL_ANNOTATION_MISSING_SEPARATOR	NOT_RUN	NOT_RUN	NOT_RUN	0	UNPARSEABLE	RECOVERABLE	VERIFIED_CC0_RMDB	RESOLVED	parse_fail:PARSE_FAIL_ANNOTATION_MISSING_SEPARATOR; 39GB canonical count not yet produced (NOT_RUN)
421574277	ETFMNA_R46_0000	ETFMNA_R46_0000	ETFMNA_R46_0000.rdat	538df4d0824d8be47f636a53a3fbf29e6bb53b0d569994437c13a5449649ed42	reactflow_delta.d0x_v2.asset_disposition.v2	PARSE_FAIL_ANNOTATION_MISSING_SEPARATOR	NOT_RUN	NOT_RUN	NOT_RUN	0	UNPARSEABLE	RECOVERABLE	VERIFIED_CC0_RMDB	RESOLVED	parse_fail:PARSE_FAIL_ANNOTATION_MISSING_SEPARATOR; 39GB canonical count not yet produced (NOT_RUN)
421574279	ETFMNA_R46_0001	ETFMNA_R46_0001	ETFMNA_R46_0001.rdat	4dfa0ce15b7eb5d84a007db487f0fae7c570ef6bac01b912e255015a2bedf353	reactflow_delta.d0x_v2.asset_disposition.v2	PARSE_FAIL_ANNOTATION_MISSING_SEPARATOR	NOT_RUN	NOT_RUN	NOT_RUN	0	UNPARSEABLE	RECOVERABLE	VERIFIED_CC0_RMDB	RESOLVED	parse_fail:PARSE_FAIL_ANNOTATION_MISSING_SEPARATOR; 39GB canonical count not yet produced (NOT_RUN)
421574284	ETFMNA_R47B_0000	ETFMNA_R47B_0000	ETFMNA_R47B_0000.rdat	705089a2379fdc7374463fd628da7b15d61ee85287dc11efabed6da46a9ba69b	reactflow_delta.d0x_v2.asset_disposition.v2	PARSE_FAIL_LENGTH_MISMATCH_REACTIVITY_VS_SEQPOS	NOT_RUN	NOT_RUN	NOT_RUN	0	UNPARSEABLE	RECOVERABLE	VERIFIED_CC0_RMDB	RESOLVED	parse_fail:PARSE_FAIL_LENGTH_MISMATCH_REACTIVITY_VS_SEQPOS; 39GB canonical count not yet produced (NOT_RUN)
421574285	ETFMNA_R47B_0001	ETFMNA_R47B_0001	ETFMNA_R47B_0001.rdat	f496ea0f6b6ebbd1e141faaa57935c26df485e75277a6d7cebd945045493310d	reactflow_delta.d0x_v2.asset_disposition.v2	PARSE_FAIL_LENGTH_MISMATCH_REACTIVITY_VS_SEQPOS	NOT_RUN	NOT_RUN	NOT_RUN	0	UNPARSEABLE	RECOVERABLE	VERIFIED_CC0_RMDB	RESOLVED	parse_fail:PARSE_FAIL_LENGTH_MISMATCH_REACTIVITY_VS_SEQPOS; 39GB canonical count not yet produced (NOT_RUN)
421574282	ETFMNA_R47_0000	ETFMNA_R47_0000	ETFMNA_R47_0000.rdat	3298a086d87e0497be9cba01fd2e2bd5017aa1eb6c23b08f29ef8fbf7cdbc6b0	reactflow_delta.d0x_v2.asset_disposition.v2	PARSE_FAIL_LENGTH_MISMATCH_REACTIVITY_VS_SEQPOS	NOT_RUN	NOT_RUN	NOT_RUN	0	UNPARSEABLE	RECOVERABLE	VERIFIED_CC0_RMDB	RESOLVED	parse_fail:PARSE_FAIL_LENGTH_MISMATCH_REACTIVITY_VS_SEQPOS; 39GB canonical count not yet produced (NOT_RUN)
421574281	ETFMNA_R47_0001	ETFMNA_R47_0001	ETFMNA_R47_0001.rdat	b05956667727abb4273ad4c27de7351014b7e000e7506a71744d4a4a17458d8d	reactflow_delta.d0x_v2.asset_disposition.v2	PARSE_FAIL_LENGTH_MISMATCH_REACTIVITY_VS_SEQPOS	NOT_RUN	NOT_RUN	NOT_RUN	0	UNPARSEABLE	RECOVERABLE	VERIFIED_CC0_RMDB	RESOLVED	parse_fail:PARSE_FAIL_LENGTH_MISMATCH_REACTIVITY_VS_SEQPOS; 39GB canonical count not yet produced (NOT_RUN)
421574286	ETFMNA_R48_0000	ETFMNA_R48_0000	ETFMNA_R48_0000.rdat	0b84b9dafa076f61d56dc4e7161c50335147fd46da7929ccd3fc3db19f281d57	reactflow_delta.d0x_v2.asset_disposition.v2	PARSE_FAIL_LENGTH_MISMATCH_REACTIVITY_VS_SEQPOS	NOT_RUN	NOT_RUN	NOT_RUN	0	UNPARSEABLE	RECOVERABLE	VERIFIED_CC0_RMDB	RESOLVED	parse_fail:PARSE_FAIL_LENGTH_MISMATCH_REACTIVITY_VS_SEQPOS; 39GB canonical count not yet produced (NOT_RUN)
421574293	ETFMNA_R48_0001	ETFMNA_R48_0001	ETFMNA_R48_0001.rdat	d3f38305511b663c9573345e1196abd5f8c2957fe49d4298c4249ca5a8f8ab48	reactflow_delta.d0x_v2.asset_disposition.v2	PARSE_FAIL_LENGTH_MISMATCH_REACTIVITY_VS_SEQPOS	NOT_RUN	NOT_RUN	NOT_RUN	0	UNPARSEABLE	RECOVERABLE	VERIFIED_CC0_RMDB	RESOLVED	parse_fail:PARSE_FAIL_LENGTH_MISMATCH_REACTIVITY_VS_SEQPOS; 39GB canonical count not yet produced (NOT_RUN)
421574294	ETFMNA_R49_0000	ETFMNA_R49_0000	ETFMNA_R49_0000.rdat	966e17f0cca323281f148139165c7990136adcbf74306f0001d545e2e449424c	reactflow_delta.d0x_v2.asset_disposition.v2	PARSE_FAIL_LENGTH_MISMATCH_REACTIVITY_VS_SEQPOS	NOT_RUN	NOT_RUN	NOT_RUN	0	UNPARSEABLE	RECOVERABLE	VERIFIED_CC0_RMDB	RESOLVED	parse_fail:PARSE_FAIL_LENGTH_MISMATCH_REACTIVITY_VS_SEQPOS; 39GB canonical count not yet produced (NOT_RUN)
421574295	ETFMNA_R49_0001	ETFMNA_R49_0001	ETFMNA_R49_0001.rdat	c96a15387f2e6bc92410045ac36eb35247565d861637041bba67094c97dcac76	reactflow_delta.d0x_v2.asset_disposition.v2	PARSE_FAIL_LENGTH_MISMATCH_REACTIVITY_VS_SEQPOS	NOT_RUN	NOT_RUN	NOT_RUN	0	UNPARSEABLE	RECOVERABLE	VERIFIED_CC0_RMDB	RESOLVED	parse_fail:PARSE_FAIL_LENGTH_MISMATCH_REACTIVITY_VS_SEQPOS; 39GB canonical count not yet produced (NOT_RUN)
421574296	ETFMNB_R49_0000	ETFMNB_R49_0000	ETFMNB_R49_0000.rdat	ea00a52ea69867f21c11b27a1969a9a08536b14ab56ee3e9306f519b8234ca8e	reactflow_delta.d0x_v2.asset_disposition.v2	PARSE_FAIL_LENGTH_MISMATCH_REACTIVITY_VS_SEQPOS	NOT_RUN	NOT_RUN	NOT_RUN	0	UNPARSEABLE	RECOVERABLE	VERIFIED_CC0_RMDB	RESOLVED	parse_fail:PARSE_FAIL_LENGTH_MISMATCH_REACTIVITY_VS_SEQPOS; 39GB canonical count not yet produced (NOT_RUN)
421574298	ETFMNB_R49_0001	ETFMNB_R49_0001	ETFMNB_R49_0001.rdat	7bf97b6dd68f01c741f9e4c36dad6803db67a09337e649784206d2fc9081f638	reactflow_delta.d0x_v2.asset_disposition.v2	PARSE_FAIL_LENGTH_MISMATCH_REACTIVITY_VS_SEQPOS	NOT_RUN	NOT_RUN	NOT_RUN	0	UNPARSEABLE	RECOVERABLE	VERIFIED_CC0_RMDB	RESOLVED	parse_fail:PARSE_FAIL_LENGTH_MISMATCH_REACTIVITY_VS_SEQPOS; 39GB canonical count not yet produced (NOT_RUN)
421574299	ETFMNB_R50_0000	ETFMNB_R50_0000	ETFMNB_R50_0000.rdat	db443edbcf5c1940c0db95bc6774ea6f7fe3e94a54594cb8041c99ab90165140	reactflow_delta.d0x_v2.asset_disposition.v2	PARSE_FAIL_LENGTH_MISMATCH_REACTIVITY_VS_SEQPOS	NOT_RUN	NOT_RUN	NOT_RUN	0	UNPARSEABLE	RECOVERABLE	VERIFIED_CC0_RMDB	RESOLVED	parse_fail:PARSE_FAIL_LENGTH_MISMATCH_REACTIVITY_VS_SEQPOS; 39GB canonical count not yet produced (NOT_RUN)
421574300	ETFMNB_R50_0001	ETFMNB_R50_0001	ETFMNB_R50_0001.rdat	0bd749c72a5d6ccd2060508a017dd2e0356a7c3d7450ac5e184036b9549c2a9a	reactflow_delta.d0x_v2.asset_disposition.v2	PARSE_FAIL_LENGTH_MISMATCH_REACTIVITY_VS_SEQPOS	NOT_RUN	NOT_RUN	NOT_RUN	0	UNPARSEABLE	RECOVERABLE	VERIFIED_CC0_RMDB	RESOLVED	parse_fail:PARSE_FAIL_LENGTH_MISMATCH_REACTIVITY_VS_SEQPOS; 39GB canonical count not yet produced (NOT_RUN)
421574301	ETFNGR_RN1_0002	ETFNGR_RN1_0002	ETFNGR_RN1_0002.rdat	de531ad2b7e47dec1261f923886fdc1439efdb169aeb015502a320b1db8b7e2b	reactflow_delta.d0x_v2.asset_disposition.v2	PARSE_SUCCESS	8	8	NOT_RUN	0	NONE	NOT_APPLICABLE	VERIFIED_CC0_RMDB	RESOLVED	
421574302	ETFNGR_RV1_0001	ETFNGR_RV1_0001	ETFNGR_RV1_0001.rdat	7850c475204d88d700a37289344c3dc1f0129fa6b601fb0b3a3348b9c7641fa9	reactflow_delta.d0x_v2.asset_disposition.v2	PARSE_SUCCESS	16	16	NOT_RUN	0	NONE	NOT_APPLICABLE	VERIFIED_CC0_RMDB	RESOLVED	
421574304	ETKDZU_VN1_0001	ETKDZU_VN1_0001	ETKDZU_VN1_0001.rdat	57da82dff32a32ec26aece9d5c87d856fbb96527a1ce301bb524b53e33c41614	reactflow_delta.d0x_v2.asset_disposition.v2	PARSE_SUCCESS	8	8	NOT_RUN	0	NONE	NOT_APPLICABLE	VERIFIED_CC0_RMDB	RESOLVED	
421574306	ETOBCR_RN1_0002	ETOBCR_RN1_0002	ETOBCR_RN1_0002.rdat	d6e975516c7e2d2057b504991f0225c1cae72d54ddbaf9c88839f55dd8f6cb18	reactflow_delta.d0x_v2.asset_disposition.v2	PARSE_SUCCESS	10	10	NOT_RUN	0	NONE	NOT_APPLICABLE	VERIFIED_CC0_RMDB	RESOLVED	
421574309	ETOBCR_SHP_0002	ETOBCR_SHP_0002	ETOBCR_SHP_0002.rdat	c8588a24e6d6a8d4c034b79c13dda54d91cc772bea0dd3043e9f6abdbe961deb	reactflow_delta.d0x_v2.asset_disposition.v2	PARSE_SUCCESS	10	10	NOT_RUN	0	NONE	NOT_APPLICABLE	VERIFIED_CC0_RMDB	RESOLVED	
421574311	ETOBCR_VN1_0001	ETOBCR_VN1_0001	ETOBCR_VN1_0001.rdat	97cd42a95547e51558c5fae5b85f5eaa4b45f6e3679fbeeb5025c8269f984f4f	reactflow_delta.d0x_v2.asset_disposition.v2	PARSE_SUCCESS	8	8	NOT_RUN	0	NONE	NOT_APPLICABLE	VERIFIED_CC0_RMDB	RESOLVED	
421574313	ETRUNM_VN1_0001	ETRUNM_VN1_0001	ETRUNM_VN1_0001.rdat	7a1125df0c5cac0317b9f4fc77ff57cf58c3978c8f925f9fc17f3a031cc07691	reactflow_delta.d0x_v2.asset_disposition.v2	PARSE_SUCCESS	8	8	NOT_RUN	0	NONE	NOT_APPLICABLE	VERIFIED_CC0_RMDB	RESOLVED	
421574318	ETSHPT_VN1_0001	ETSHPT_VN1_0001	ETSHPT_VN1_0001.rdat	ef3f719a26783de4f2277685bd8f6a166452b89584cd0315146579f618a7764c	reactflow_delta.d0x_v2.asset_disposition.v2	PARSE_SUCCESS	8	8	NOT_RUN	0	NONE	NOT_APPLICABLE	VERIFIED_CC0_RMDB	RESOLVED	
421574319	ETSTAR_RN1_0002	ETSTAR_RN1_0002	ETSTAR_RN1_0002.rdat	235965a3cfdc3f458642ba054444462d5dc02f1e052eb62c568f422d36ffb399	reactflow_delta.d0x_v2.asset_disposition.v2	PARSE_SUCCESS	10	10	NOT_RUN	0	NONE	NOT_APPLICABLE	VERIFIED_CC0_RMDB	RESOLVED	
421574316	ETSTAR_VN1_0001	ETSTAR_VN1_0001	ETSTAR_VN1_0001.rdat	93d715144b13d9a6c4fd82f2d4beb79f2895f14eff0d05b3ac9214ab4b4c2813	reactflow_delta.d0x_v2.asset_disposition.v2	PARSE_SUCCESS	8	8	NOT_RUN	0	NONE	NOT_APPLICABLE	VERIFIED_CC0_RMDB	RESOLVED	
421574317	ETTBWC_R43_0000	ETTBWC_R43_0000	ETTBWC_R43_0000.rdat	65463f9a7c7464c2eb7804032f1f04e889780635fa409c40e2f83278f1734cee	reactflow_delta.d0x_v2.asset_disposition.v2	PARSE_FAIL_LENGTH_MISMATCH_REACTIVITY_VS_SEQPOS	NOT_RUN	NOT_RUN	NOT_RUN	0	UNPARSEABLE	RECOVERABLE	VERIFIED_CC0_RMDB	RESOLVED	parse_fail:PARSE_FAIL_LENGTH_MISMATCH_REACTIVITY_VS_SEQPOS; 39GB canonical count not yet produced (NOT_RUN)
421574320	ETTBWC_R43_0001	ETTBWC_R43_0001	ETTBWC_R43_0001.rdat	6044610ba5d32a6f4c77359ef4c0ccebbeee8ddeb51647d54eaed4e6bb50fce7	reactflow_delta.d0x_v2.asset_disposition.v2	PARSE_FAIL_LENGTH_MISMATCH_REACTIVITY_VS_SEQPOS	NOT_RUN	NOT_RUN	NOT_RUN	0	UNPARSEABLE	RECOVERABLE	VERIFIED_CC0_RMDB	RESOLVED	parse_fail:PARSE_FAIL_LENGTH_MISMATCH_REACTIVITY_VS_SEQPOS; 39GB canonical count not yet produced (NOT_RUN)
421574322	ETTHNG_VN1_0001	ETTHNG_VN1_0001	ETTHNG_VN1_0001.rdat	deea00942f0a0e000e0db2279bf10d5e59445c26edd7bfdb4fedb42e1c463b09	reactflow_delta.d0x_v2.asset_disposition.v2	PARSE_SUCCESS	8	8	NOT_RUN	0	NONE	NOT_APPLICABLE	VERIFIED_CC0_RMDB	RESOLVED	
421574351	ETWTSR_VN1_0001	ETWTSR_VN1_0001	ETWTSR_VN1_0001.rdat	9d3c088c38689628f18aaab3a189c3cc07ea84af062ceacb24225635e4f49c9c	reactflow_delta.d0x_v2.asset_disposition.v2	PARSE_SUCCESS	14	14	NOT_RUN	0	NONE	NOT_APPLICABLE	VERIFIED_CC0_RMDB	RESOLVED	
421580333	FLUORSW_BZCN_0001	FLUORSW_BZCN_0001	FLUORSW_BZCN_0001.rdat	464753d603bcb363909ec582347dd5a4a40849898b92da473334c6c897e38dd5	reactflow_delta.d0x_v2.asset_disposition.v2	PARSE_FAIL_MISSING_REACTIVITY_ROWS	NOT_RUN	NOT_RUN	NOT_RUN	71	LENGTH_MISMATCH	RECOVERABLE	VERIFIED_CC0_RMDB	RESOLVED	parse_fail:PARSE_FAIL_MISSING_REACTIVITY_ROWS; 71 LENGTH_MISMATCH profile rows; 39GB canonical count not yet produced (NOT_RUN)
421580331	FLUORSW_BZCN_0002	FLUORSW_BZCN_0002	FLUORSW_BZCN_0002.rdat	c0c92961d991c55a48ca23be5dac7d507027ca454e50dc173bfc1bac6c487c3f	reactflow_delta.d0x_v2.asset_disposition.v2	PARSE_FAIL_MISSING_REACTIVITY_ROWS	NOT_RUN	NOT_RUN	NOT_RUN	71	LENGTH_MISMATCH	RECOVERABLE	VERIFIED_CC0_RMDB	RESOLVED	parse_fail:PARSE_FAIL_MISSING_REACTIVITY_ROWS; 71 LENGTH_MISMATCH profile rows; 39GB canonical count not yet produced (NOT_RUN)
421580329	FLUORSW_BZCN_0003	FLUORSW_BZCN_0003	FLUORSW_BZCN_0003.rdat	8cd133010eb9587b29fd5a36714ece58d7d0debae49bd4214eb5199b92a9753f	reactflow_delta.d0x_v2.asset_disposition.v2	PARSE_FAIL_MISSING_REACTIVITY_ROWS	NOT_RUN	NOT_RUN	NOT_RUN	71	LENGTH_MISMATCH	RECOVERABLE	VERIFIED_CC0_RMDB	RESOLVED	parse_fail:PARSE_FAIL_MISSING_REACTIVITY_ROWS; 71 LENGTH_MISMATCH profile rows; 39GB canonical count not yet produced (NOT_RUN)
421580338	FLUORSW_BZCN_0004	FLUORSW_BZCN_0004	FLUORSW_BZCN_0004.rdat	18c0732740ac8f0d14efd891a6b441d855f405083ee676e62422d462035d296c	reactflow_delta.d0x_v2.asset_disposition.v2	PARSE_FAIL_MISSING_REACTIVITY_ROWS	NOT_RUN	NOT_RUN	NOT_RUN	71	LENGTH_MISMATCH	RECOVERABLE	VERIFIED_CC0_RMDB	RESOLVED	parse_fail:PARSE_FAIL_MISSING_REACTIVITY_ROWS; 71 LENGTH_MISMATCH profile rows; 39GB canonical count not yet produced (NOT_RUN)
421580340	FLUORSW_BZCN_0005	FLUORSW_BZCN_0005	FLUORSW_BZCN_0005.rdat	93936812e6e449b76ed45104d4328e32943f30628925eb077123daaddb064239	reactflow_delta.d0x_v2.asset_disposition.v2	PARSE_FAIL_MISSING_REACTIVITY_ROWS	NOT_RUN	NOT_RUN	NOT_RUN	71	LENGTH_MISMATCH	RECOVERABLE	VERIFIED_CC0_RMDB	RESOLVED	parse_fail:PARSE_FAIL_MISSING_REACTIVITY_ROWS; 71 LENGTH_MISMATCH profile rows; 39GB canonical count not yet produced (NOT_RUN)
421580343	FLUORSW_BZCN_0006	FLUORSW_BZCN_0006	FLUORSW_BZCN_0006.rdat	0ffa45192e7ca92ae72ffe9f639782ba92f595c30209f10a9095b836c159bbe4	reactflow_delta.d0x_v2.asset_disposition.v2	PARSE_FAIL_MISSING_REACTIVITY_ROWS	NOT_RUN	NOT_RUN	NOT_RUN	71	LENGTH_MISMATCH	RECOVERABLE	VERIFIED_CC0_RMDB	RESOLVED	parse_fail:PARSE_FAIL_MISSING_REACTIVITY_ROWS; 71 LENGTH_MISMATCH profile rows; 39GB canonical count not yet produced (NOT_RUN)
421580341	FLUORSW_BZCN_0007	FLUORSW_BZCN_0007	FLUORSW_BZCN_0007.rdat	8e081c51682c90a0685c522b47790bdc09a8a6fd629ed47875598901b766fa1d	reactflow_delta.d0x_v2.asset_disposition.v2	PARSE_FAIL_MISSING_REACTIVITY_ROWS	NOT_RUN	NOT_RUN	NOT_RUN	71	LENGTH_MISMATCH	RECOVERABLE	VERIFIED_CC0_RMDB	RESOLVED	parse_fail:PARSE_FAIL_MISSING_REACTIVITY_ROWS; 71 LENGTH_MISMATCH profile rows; 39GB canonical count not yet produced (NOT_RUN)
421580345	FLUORSW_BZCN_0008	FLUORSW_BZCN_0008	FLUORSW_BZCN_0008.rdat	1a9bf4da60a8306aa27cdae557868ba57efc4e6962b60faa05e75f38f00a14d9	reactflow_delta.d0x_v2.asset_disposition.v2	PARSE_FAIL_MISSING_REACTIVITY_ROWS	NOT_RUN	NOT_RUN	NOT_RUN	71	LENGTH_MISMATCH	RECOVERABLE	VERIFIED_CC0_RMDB	RESOLVED	parse_fail:PARSE_FAIL_MISSING_REACTIVITY_ROWS; 71 LENGTH_MISMATCH profile rows; 39GB canonical count not yet produced (NOT_RUN)
421580344	FLUORSW_BZCN_0009	FLUORSW_BZCN_0009	FLUORSW_BZCN_0009.rdat	fcb7c95ea3b9c028ab50cfae17108ac0c22397283e89b70ce36fd9aa74014203	reactflow_delta.d0x_v2.asset_disposition.v2	PARSE_FAIL_MISSING_REACTIVITY_ROWS	NOT_RUN	NOT_RUN	NOT_RUN	71	LENGTH_MISMATCH	RECOVERABLE	VERIFIED_CC0_RMDB	RESOLVED	parse_fail:PARSE_FAIL_MISSING_REACTIVITY_ROWS; 71 LENGTH_MISMATCH profile rows; 39GB canonical count not yet produced (NOT_RUN)
421580347	FLUORSW_BZCN_0010	FLUORSW_BZCN_0010	FLUORSW_BZCN_0010.rdat	47f7d19c41fdbb73193ae50154080b66e75c6238d04b93eb2123a2ad06c9109d	reactflow_delta.d0x_v2.asset_disposition.v2	PARSE_FAIL_MISSING_REACTIVITY_ROWS	NOT_RUN	NOT_RUN	NOT_RUN	71	LENGTH_MISMATCH	RECOVERABLE	VERIFIED_CC0_RMDB	RESOLVED	parse_fail:PARSE_FAIL_MISSING_REACTIVITY_ROWS; 71 LENGTH_MISMATCH profile rows; 39GB canonical count not yet produced (NOT_RUN)
421580348	FLUORSW_BZCN_0011	FLUORSW_BZCN_0011	FLUORSW_BZCN_0011.rdat	750b6be0f61dbda75acf9658f463363888f9c23df3a4ce595f3ab25607f76f6e	reactflow_delta.d0x_v2.asset_disposition.v2	PARSE_FAIL_MISSING_REACTIVITY_ROWS	NOT_RUN	NOT_RUN	NOT_RUN	71	LENGTH_MISMATCH	RECOVERABLE	VERIFIED_CC0_RMDB	RESOLVED	parse_fail:PARSE_FAIL_MISSING_REACTIVITY_ROWS; 71 LENGTH_MISMATCH profile rows; 39GB canonical count not yet produced (NOT_RUN)
421580349	FLUORSW_BZCN_0012	FLUORSW_BZCN_0012	FLUORSW_BZCN_0012.rdat	3762c8d5d7a668a273717ce8ebca7e90833f3d554d18cf2ed6622afcbcabba9b	reactflow_delta.d0x_v2.asset_disposition.v2	PARSE_FAIL_MISSING_REACTIVITY_ROWS	NOT_RUN	NOT_RUN	NOT_RUN	71	LENGTH_MISMATCH	RECOVERABLE	VERIFIED_CC0_RMDB	RESOLVED	parse_fail:PARSE_FAIL_MISSING_REACTIVITY_ROWS; 71 LENGTH_MISMATCH profile rows; 39GB canonical count not yet produced (NOT_RUN)
421580351	FLUORSW_BZCN_0013	FLUORSW_BZCN_0013	FLUORSW_BZCN_0013.rdat	04e9e42ccdfd3dbd7b7649fcff7cc96567d989d521b63c6b22bcc15791e490d2	reactflow_delta.d0x_v2.asset_disposition.v2	PARSE_FAIL_MISSING_REACTIVITY_ROWS	NOT_RUN	NOT_RUN	NOT_RUN	71	LENGTH_MISMATCH	RECOVERABLE	VERIFIED_CC0_RMDB	RESOLVED	parse_fail:PARSE_FAIL_MISSING_REACTIVITY_ROWS; 71 LENGTH_MISMATCH profile rows; 39GB canonical count not yet produced (NOT_RUN)
421580350	FLUORSW_BZCN_0014	FLUORSW_BZCN_0014	FLUORSW_BZCN_0014.rdat	24227d6bb6cc9a0d3ededdd0393b41452bca8a319f46b353f008498e31135038	reactflow_delta.d0x_v2.asset_disposition.v2	PARSE_FAIL_MISSING_REACTIVITY_ROWS	NOT_RUN	NOT_RUN	NOT_RUN	71	LENGTH_MISMATCH	RECOVERABLE	VERIFIED_CC0_RMDB	RESOLVED	parse_fail:PARSE_FAIL_MISSING_REACTIVITY_ROWS; 71 LENGTH_MISMATCH profile rows; 39GB canonical count not yet produced (NOT_RUN)
421580355	FLUORSW_BZCN_0015	FLUORSW_BZCN_0015	FLUORSW_BZCN_0015.rdat	d4c7dc86a7433d19b023d0a4f3b0a651906845707e2b362c70dfca4096a04953	reactflow_delta.d0x_v2.asset_disposition.v2	PARSE_FAIL_MISSING_REACTIVITY_ROWS	NOT_RUN	NOT_RUN	NOT_RUN	71	LENGTH_MISMATCH	RECOVERABLE	VERIFIED_CC0_RMDB	RESOLVED	parse_fail:PARSE_FAIL_MISSING_REACTIVITY_ROWS; 71 LENGTH_MISMATCH profile rows; 39GB canonical count not yet produced (NOT_RUN)
421580356	FLUORSW_BZCN_0016	FLUORSW_BZCN_0016	FLUORSW_BZCN_0016.rdat	01fb5c2d5a0e1fcc89f49c465a40a5c1e09cedb0ea16065b4eb5be377940b86b	reactflow_delta.d0x_v2.asset_disposition.v2	PARSE_FAIL_MISSING_REACTIVITY_ROWS	NOT_RUN	NOT_RUN	NOT_RUN	71	LENGTH_MISMATCH	RECOVERABLE	VERIFIED_CC0_RMDB	RESOLVED	parse_fail:PARSE_FAIL_MISSING_REACTIVITY_ROWS; 71 LENGTH_MISMATCH profile rows; 39GB canonical count not yet produced (NOT_RUN)
421580357	FLUORSW_BZCN_0017	FLUORSW_BZCN_0017	FLUORSW_BZCN_0017.rdat	c10c38bbeb86afae169c8284e8566b6164f3ee674bd6cf7d8b5c2733987c466c	reactflow_delta.d0x_v2.asset_disposition.v2	PARSE_FAIL_MISSING_REACTIVITY_ROWS	NOT_RUN	NOT_RUN	NOT_RUN	71	LENGTH_MISMATCH	RECOVERABLE	VERIFIED_CC0_RMDB	RESOLVED	parse_fail:PARSE_FAIL_MISSING_REACTIVITY_ROWS; 71 LENGTH_MISMATCH profile rows; 39GB canonical count not yet produced (NOT_RUN)
421580358	FLUORSW_BZCN_0018	FLUORSW_BZCN_0018	FLUORSW_BZCN_0018.rdat	a4384f4583dd799beec647888714f1d773b75940757f7759c25f402f51741971	reactflow_delta.d0x_v2.asset_disposition.v2	PARSE_FAIL_MISSING_REACTIVITY_ROWS	NOT_RUN	NOT_RUN	NOT_RUN	71	LENGTH_MISMATCH	RECOVERABLE	VERIFIED_CC0_RMDB	RESOLVED	parse_fail:PARSE_FAIL_MISSING_REACTIVITY_ROWS; 71 LENGTH_MISMATCH profile rows; 39GB canonical count not yet produced (NOT_RUN)
421580359	FLUORSW_BZCN_0019	FLUORSW_BZCN_0019	FLUORSW_BZCN_0019.rdat	4ce93d6bb75e37d14fdc5134f9f8bdd6acaf587c6838f4ebc2b9af1e06206578	reactflow_delta.d0x_v2.asset_disposition.v2	PARSE_FAIL_MISSING_REACTIVITY_ROWS	NOT_RUN	NOT_RUN	NOT_RUN	71	LENGTH_MISMATCH	RECOVERABLE	VERIFIED_CC0_RMDB	RESOLVED	parse_fail:PARSE_FAIL_MISSING_REACTIVITY_ROWS; 71 LENGTH_MISMATCH profile rows; 39GB canonical count not yet produced (NOT_RUN)
421580360	FLUORSW_BZCN_0020	FLUORSW_BZCN_0020	FLUORSW_BZCN_0020.rdat	bea5d954837ba5cce40aac67f6ddef54d9c1d87bc56ba8c8cf006d2864711046	reactflow_delta.d0x_v2.asset_disposition.v2	PARSE_FAIL_MISSING_REACTIVITY_ROWS	NOT_RUN	NOT_RUN	NOT_RUN	71	LENGTH_MISMATCH	RECOVERABLE	VERIFIED_CC0_RMDB	RESOLVED	parse_fail:PARSE_FAIL_MISSING_REACTIVITY_ROWS; 71 LENGTH_MISMATCH profile rows; 39GB canonical count not yet produced (NOT_RUN)
421580361	FLUORSW_BZCN_0021	FLUORSW_BZCN_0021	FLUORSW_BZCN_0021.rdat	85f3b246fdd4d3bb41fdad7c8714feadfd28c1d463ab84fbb636eac9d7521fa4	reactflow_delta.d0x_v2.asset_disposition.v2	PARSE_FAIL_MISSING_REACTIVITY_ROWS	NOT_RUN	NOT_RUN	NOT_RUN	71	LENGTH_MISMATCH	RECOVERABLE	VERIFIED_CC0_RMDB	RESOLVED	parse_fail:PARSE_FAIL_MISSING_REACTIVITY_ROWS; 71 LENGTH_MISMATCH profile rows; 39GB canonical count not yet produced (NOT_RUN)
421580363	FLUORSW_BZCN_0022	FLUORSW_BZCN_0022	FLUORSW_BZCN_0022.rdat	7cd6d440030656026a6ecc04a6140707d07cc443c872fe1254cdb650569b8490	reactflow_delta.d0x_v2.asset_disposition.v2	PARSE_FAIL_MISSING_REACTIVITY_ROWS	NOT_RUN	NOT_RUN	NOT_RUN	71	LENGTH_MISMATCH	RECOVERABLE	VERIFIED_CC0_RMDB	RESOLVED	parse_fail:PARSE_FAIL_MISSING_REACTIVITY_ROWS; 71 LENGTH_MISMATCH profile rows; 39GB canonical count not yet produced (NOT_RUN)
421580364	FLUORSW_BZCN_0023	FLUORSW_BZCN_0023	FLUORSW_BZCN_0023.rdat	0a74cb333fe59cb66051518c4711cf07a71f62c0831b98f4bc6f40f9339621a7	reactflow_delta.d0x_v2.asset_disposition.v2	PARSE_FAIL_MISSING_REACTIVITY_ROWS	NOT_RUN	NOT_RUN	NOT_RUN	71	LENGTH_MISMATCH	RECOVERABLE	VERIFIED_CC0_RMDB	RESOLVED	parse_fail:PARSE_FAIL_MISSING_REACTIVITY_ROWS; 71 LENGTH_MISMATCH profile rows; 39GB canonical count not yet produced (NOT_RUN)
421580365	FLUORSW_BZCN_0024	FLUORSW_BZCN_0024	FLUORSW_BZCN_0024.rdat	8fe60eba176ce7b2e6bee3d7a35302d5eeea0e2719de9fd4327ac5ed3af9a699	reactflow_delta.d0x_v2.asset_disposition.v2	PARSE_FAIL_MISSING_REACTIVITY_ROWS	NOT_RUN	NOT_RUN	NOT_RUN	71	LENGTH_MISMATCH	RECOVERABLE	VERIFIED_CC0_RMDB	RESOLVED	parse_fail:PARSE_FAIL_MISSING_REACTIVITY_ROWS; 71 LENGTH_MISMATCH profile rows; 39GB canonical count not yet produced (NOT_RUN)
421580366	FLUORSW_BZCN_0025	FLUORSW_BZCN_0025	FLUORSW_BZCN_0025.rdat	3f3a19af190e751290e981ec83268a2e30b94fc539845083fb73bfa40212dd04	reactflow_delta.d0x_v2.asset_disposition.v2	PARSE_FAIL_MISSING_REACTIVITY_ROWS	NOT_RUN	NOT_RUN	NOT_RUN	71	LENGTH_MISMATCH	RECOVERABLE	VERIFIED_CC0_RMDB	RESOLVED	parse_fail:PARSE_FAIL_MISSING_REACTIVITY_ROWS; 71 LENGTH_MISMATCH profile rows; 39GB canonical count not yet produced (NOT_RUN)
421580368	FLUORSW_BZCN_0026	FLUORSW_BZCN_0026	FLUORSW_BZCN_0026.rdat	9aeebd2e98dd036ff4a06c455181a28b6ceedaba7d423453a5e25f35d7217c91	reactflow_delta.d0x_v2.asset_disposition.v2	PARSE_FAIL_MISSING_REACTIVITY_ROWS	NOT_RUN	NOT_RUN	NOT_RUN	71	LENGTH_MISMATCH	RECOVERABLE	VERIFIED_CC0_RMDB	RESOLVED	parse_fail:PARSE_FAIL_MISSING_REACTIVITY_ROWS; 71 LENGTH_MISMATCH profile rows; 39GB canonical count not yet produced (NOT_RUN)
421580369	FLUORSW_BZCN_0027	FLUORSW_BZCN_0027	FLUORSW_BZCN_0027.rdat	b12a747198e066d1226edb7fb335c8d364454c749fcde19298f527d7802b0358	reactflow_delta.d0x_v2.asset_disposition.v2	PARSE_FAIL_MISSING_REACTIVITY_ROWS	NOT_RUN	NOT_RUN	NOT_RUN	71	LENGTH_MISMATCH	RECOVERABLE	VERIFIED_CC0_RMDB	RESOLVED	parse_fail:PARSE_FAIL_MISSING_REACTIVITY_ROWS; 71 LENGTH_MISMATCH profile rows; 39GB canonical count not yet produced (NOT_RUN)
421580370	FLUORSW_BZCN_0028	FLUORSW_BZCN_0028	FLUORSW_BZCN_0028.rdat	4e17c5920b07b293d8b238ca7edd80270a7bf2cf78fb8d9bb8eadd9a574335ac	reactflow_delta.d0x_v2.asset_disposition.v2	PARSE_FAIL_MISSING_REACTIVITY_ROWS	NOT_RUN	NOT_RUN	NOT_RUN	71	LENGTH_MISMATCH	RECOVERABLE	VERIFIED_CC0_RMDB	RESOLVED	parse_fail:PARSE_FAIL_MISSING_REACTIVITY_ROWS; 71 LENGTH_MISMATCH profile rows; 39GB canonical count not yet produced (NOT_RUN)
421580371	FLUORSW_BZCN_0029	FLUORSW_BZCN_0029	FLUORSW_BZCN_0029.rdat	2958cd6ddd96a54d3eaf78857213749b86d76d8e8bca390d4ef986feae79455b	reactflow_delta.d0x_v2.asset_disposition.v2	PARSE_FAIL_MISSING_REACTIVITY_ROWS	NOT_RUN	NOT_RUN	NOT_RUN	71	LENGTH_MISMATCH	RECOVERABLE	VERIFIED_CC0_RMDB	RESOLVED	parse_fail:PARSE_FAIL_MISSING_REACTIVITY_ROWS; 71 LENGTH_MISMATCH profile rows; 39GB canonical count not yet produced (NOT_RUN)
421580372	FLUORSW_BZCN_0030	FLUORSW_BZCN_0030	FLUORSW_BZCN_0030.rdat	86273aee372db98b2d178f40426ade7d8c9d6b4bf3787a9120fb5fba5010aff8	reactflow_delta.d0x_v2.asset_disposition.v2	PARSE_FAIL_MISSING_REACTIVITY_ROWS	NOT_RUN	NOT_RUN	NOT_RUN	71	LENGTH_MISMATCH	RECOVERABLE	VERIFIED_CC0_RMDB	RESOLVED	parse_fail:PARSE_FAIL_MISSING_REACTIVITY_ROWS; 71 LENGTH_MISMATCH profile rows; 39GB canonical count not yet produced (NOT_RUN)
421580373	FLUORSW_BZCN_0031	FLUORSW_BZCN_0031	FLUORSW_BZCN_0031.rdat	fa157d4cf7d8c4af76bc2310d6a2f2300b9826bb65f112d7ce6f4860a7b2f91e	reactflow_delta.d0x_v2.asset_disposition.v2	PARSE_FAIL_MISSING_REACTIVITY_ROWS	NOT_RUN	NOT_RUN	NOT_RUN	71	LENGTH_MISMATCH	RECOVERABLE	VERIFIED_CC0_RMDB	RESOLVED	parse_fail:PARSE_FAIL_MISSING_REACTIVITY_ROWS; 71 LENGTH_MISMATCH profile rows; 39GB canonical count not yet produced (NOT_RUN)
421580374	FLUORSW_BZCN_0032	FLUORSW_BZCN_0032	FLUORSW_BZCN_0032.rdat	47b1e3345476ab0a89119ec84a739eb8a43898a1ce3abc73fbf7cc3b654652b4	reactflow_delta.d0x_v2.asset_disposition.v2	PARSE_FAIL_MISSING_REACTIVITY_ROWS	NOT_RUN	NOT_RUN	NOT_RUN	71	LENGTH_MISMATCH	RECOVERABLE	VERIFIED_CC0_RMDB	RESOLVED	parse_fail:PARSE_FAIL_MISSING_REACTIVITY_ROWS; 71 LENGTH_MISMATCH profile rows; 39GB canonical count not yet produced (NOT_RUN)
421580379	FMNAPO_DCP_0000	FMNAPO_DCP_0000	FMNAPO_DCP_0000.rdat	6e702a8cf3a61aa04c1095780ecf09015ec767f6c8b09335ea6b76ccf2575266	reactflow_delta.d0x_v2.asset_disposition.v2	PARSE_FAIL_LENGTH_MISMATCH_REACTIVITY_VS_SEQPOS	NOT_RUN	NOT_RUN	NOT_RUN	0	UNPARSEABLE	RECOVERABLE	VERIFIED_CC0_RMDB	RESOLVED	parse_fail:PARSE_FAIL_LENGTH_MISMATCH_REACTIVITY_VS_SEQPOS; 39GB canonical count not yet produced (NOT_RUN)
421580375	FMNHLO_DCP_0000	FMNHLO_DCP_0000	FMNHLO_DCP_0000.rdat	970d662eed9fd62a4a0bc5b9e4ab2aac88e6d5bb3c87d19da90986d693e303d4	reactflow_delta.d0x_v2.asset_disposition.v2	PARSE_FAIL_LENGTH_MISMATCH_REACTIVITY_VS_SEQPOS	NOT_RUN	NOT_RUN	NOT_RUN	0	UNPARSEABLE	RECOVERABLE	VERIFIED_CC0_RMDB	RESOLVED	parse_fail:PARSE_FAIL_LENGTH_MISMATCH_REACTIVITY_VS_SEQPOS; 39GB canonical count not yet produced (NOT_RUN)
421580381	FNKTAPO_DMS_0000	FNKTAPO_DMS_0000	FNKTAPO_DMS_0000.rdat	9f67c8fb6d9ee3a64b0c508c84a965d35a8cd79ee6d2cf53aa477ea484a28eb5	reactflow_delta.d0x_v2.asset_disposition.v2	PARSE_FAIL_ANNOTATION_MISSING_SEPARATOR	238	238	NOT_RUN	0	PARSE_FAIL_ANNOTATION_MISSING_SEPARATOR	RECOVERABLE	VERIFIED_CC0_RMDB	RESOLVED	parse_fail:PARSE_FAIL_ANNOTATION_MISSING_SEPARATOR
421580382	FNKTGLY_DMS_0000	FNKTGLY_DMS_0000	FNKTGLY_DMS_0000.rdat	fe9187e237be760c8863766c6eb857e25f69024157359b79afd279cb9fc1bb41	reactflow_delta.d0x_v2.asset_disposition.v2	PARSE_FAIL_ANNOTATION_MISSING_SEPARATOR	238	238	NOT_RUN	0	PARSE_FAIL_ANNOTATION_MISSING_SEPARATOR	RECOVERABLE	VERIFIED_CC0_RMDB	RESOLVED	parse_fail:PARSE_FAIL_ANNOTATION_MISSING_SEPARATOR
421581144	FSEATTR_SYN_0603	FSEATTR_SYN_0603	FSEATTR_SYN_0603.rdat	73f2c5cfcb08f299fce2148e0322e933a4d6b493698d80e8e4af2919915aae1a	reactflow_delta.d0x_v2.asset_disposition.v2	PARSE_FAIL_MALFORMED_SEQPOS	2	2	NOT_RUN	0	PARSE_FAIL_MALFORMED_SEQPOS	RECOVERABLE	VERIFIED_CC0_RMDB	RESOLVED	parse_fail:PARSE_FAIL_MALFORMED_SEQPOS
421592353	FUS01_1M7_0001	FUS01_1M7_0001	FUS01_1M7_0001.rdat	461333c6f1f79649bfa325d5783337a8d4e2f187a4544046301d0888f6e154b4	reactflow_delta.d0x_v2.asset_disposition.v2	PARSE_FAIL_MISSING_REACTIVITY_ROWS	3	3	NOT_RUN	0	PARSE_FAIL_MISSING_REACTIVITY_ROWS	RECOVERABLE	VERIFIED_CC0_RMDB	RESOLVED	parse_fail:PARSE_FAIL_MISSING_REACTIVITY_ROWS
421592352	FUS02_1M7_0001	FUS02_1M7_0001	FUS02_1M7_0001.rdat	8266f00fb2638b8f3a018e7a9257ff636615643aa323d3aaaedd4e395daab30d	reactflow_delta.d0x_v2.asset_disposition.v2	PARSE_FAIL_MISSING_REACTIVITY_ROWS	3	3	NOT_RUN	0	PARSE_FAIL_MISSING_REACTIVITY_ROWS	RECOVERABLE	VERIFIED_CC0_RMDB	RESOLVED	parse_fail:PARSE_FAIL_MISSING_REACTIVITY_ROWS
421592355	FUS03_1M7_0001	FUS03_1M7_0001	FUS03_1M7_0001.rdat	c45c47d9cd706b0a600fba7b86edf52b96198832f1fdb3b1b906aa5f66b5f13a	reactflow_delta.d0x_v2.asset_disposition.v2	PARSE_FAIL_MISSING_REACTIVITY_ROWS	3	3	NOT_RUN	0	PARSE_FAIL_MISSING_REACTIVITY_ROWS	RECOVERABLE	VERIFIED_CC0_RMDB	RESOLVED	parse_fail:PARSE_FAIL_MISSING_REACTIVITY_ROWS
421592356	FUS04_1M7_0001	FUS04_1M7_0001	FUS04_1M7_0001.rdat	61da490cee2494f7c9a0d3122c73bae41635c9624d3fa062f15e82fb604b5591	reactflow_delta.d0x_v2.asset_disposition.v2	PARSE_FAIL_MISSING_REACTIVITY_ROWS	3	3	NOT_RUN	0	PARSE_FAIL_MISSING_REACTIVITY_ROWS	RECOVERABLE	VERIFIED_CC0_RMDB	RESOLVED	parse_fail:PARSE_FAIL_MISSING_REACTIVITY_ROWS
421592358	FUS10_1M7_0001	FUS10_1M7_0001	FUS10_1M7_0001.rdat	877015f19ab5950d117027ff8856cdfda29afdaa41f6491cb14253677c2a0cce	reactflow_delta.d0x_v2.asset_disposition.v2	PARSE_FAIL_MISSING_REACTIVITY_ROWS	3	3	NOT_RUN	0	PARSE_FAIL_MISSING_REACTIVITY_ROWS	RECOVERABLE	VERIFIED_CC0_RMDB	RESOLVED	parse_fail:PARSE_FAIL_MISSING_REACTIVITY_ROWS
421592359	FUS3L1A_1M7_0001	FUS3L1A_1M7_0001	FUS3L1A_1M7_0001.rdat	fceaae87b32f1583aa8dc47c12d6d6ee84f5745b600f134a5b6070c8fa0984b2	reactflow_delta.d0x_v2.asset_disposition.v2	PARSE_FAIL_MISSING_REACTIVITY_ROWS	3	3	NOT_RUN	0	PARSE_FAIL_MISSING_REACTIVITY_ROWS	RECOVERABLE	VERIFIED_CC0_RMDB	RESOLVED	parse_fail:PARSE_FAIL_MISSING_REACTIVITY_ROWS
421592361	FUS3L1B_1M7_0001	FUS3L1B_1M7_0001	FUS3L1B_1M7_0001.rdat	b19fb53fb3c33c464542259780e5e78fcde4bee989160919308f4a3d7737f96c	reactflow_delta.d0x_v2.asset_disposition.v2	PARSE_FAIL_MISSING_REACTIVITY_ROWS	1	1	NOT_RUN	0	PARSE_FAIL_MISSING_REACTIVITY_ROWS	RECOVERABLE	VERIFIED_CC0_RMDB	RESOLVED	parse_fail:PARSE_FAIL_MISSING_REACTIVITY_ROWS
421592360	FUS3L2A_1M7_0001	FUS3L2A_1M7_0001	FUS3L2A_1M7_0001.rdat	983071f3363f7a0df3372a39c1e18defb4ba3518f2c51dd9d6f1d957b03a9416	reactflow_delta.d0x_v2.asset_disposition.v2	PARSE_FAIL_MISSING_REACTIVITY_ROWS	3	3	NOT_RUN	0	PARSE_FAIL_MISSING_REACTIVITY_ROWS	RECOVERABLE	VERIFIED_CC0_RMDB	RESOLVED	parse_fail:PARSE_FAIL_MISSING_REACTIVITY_ROWS
421592363	FUS3L2B_1M7_0001	FUS3L2B_1M7_0001	FUS3L2B_1M7_0001.rdat	b5137a3dca6d30667f3dee4f5176cfcfad1553de452823cc3d524cd8aa4814a9	reactflow_delta.d0x_v2.asset_disposition.v2	PARSE_FAIL_MISSING_REACTIVITY_ROWS	1	1	NOT_RUN	0	PARSE_FAIL_MISSING_REACTIVITY_ROWS	RECOVERABLE	VERIFIED_CC0_RMDB	RESOLVED	parse_fail:PARSE_FAIL_MISSING_REACTIVITY_ROWS
421592364	FUS4LA_1M7_0001	FUS4LA_1M7_0001	FUS4LA_1M7_0001.rdat	d388bddb744dd9e2933f319abf7a64d96cb1e678c89a9bbeb364d444d3528973	reactflow_delta.d0x_v2.asset_disposition.v2	PARSE_FAIL_MISSING_REACTIVITY_ROWS	3	3	NOT_RUN	0	PARSE_FAIL_MISSING_REACTIVITY_ROWS	RECOVERABLE	VERIFIED_CC0_RMDB	RESOLVED	parse_fail:PARSE_FAIL_MISSING_REACTIVITY_ROWS
421592365	FUS4LB_1M7_0001	FUS4LB_1M7_0001	FUS4LB_1M7_0001.rdat	25cc3d44d046226dd9a4777388df993216c69e7635253314dd180e956b279e94	reactflow_delta.d0x_v2.asset_disposition.v2	PARSE_FAIL_MISSING_REACTIVITY_ROWS	1	1	NOT_RUN	0	PARSE_FAIL_MISSING_REACTIVITY_ROWS	RECOVERABLE	VERIFIED_CC0_RMDB	RESOLVED	parse_fail:PARSE_FAIL_MISSING_REACTIVITY_ROWS
421592367	FWSL14_UTR_0003	FWSL14_UTR_0003	FWSL14_UTR_0003.rdat	d3428b52d460b2d038b15944c173c8e42555c9fc6198c5b908a734c715d2a287	reactflow_delta.d0x_v2.asset_disposition.v2	PARSE_SUCCESS	1	1	NOT_RUN	0	NONE	NOT_APPLICABLE	VERIFIED_CC0_RMDB	RESOLVED	
421592368	FWSL26_UTR_0002	FWSL26_UTR_0002	FWSL26_UTR_0002.rdat	757258c2d6244eab835a3532af4862f225e219cbeb27c49110c0255bbd809818	reactflow_delta.d0x_v2.asset_disposition.v2	PARSE_SUCCESS	1	1	NOT_RUN	0	NONE	NOT_APPLICABLE	VERIFIED_CC0_RMDB	RESOLVED	
421592370	GIR1RZ_DCP_0000	GIR1RZ_DCP_0000	GIR1RZ_DCP_0000.rdat	ea1534734edaaaa545b859ab463c874bec2808013e5fd70ea6b16f87ad01b652	reactflow_delta.d0x_v2.asset_disposition.v2	PARSE_FAIL_LENGTH_MISMATCH_REACTIVITY_VS_SEQPOS	NOT_RUN	NOT_RUN	NOT_RUN	0	UNPARSEABLE	RECOVERABLE	VERIFIED_CC0_RMDB	RESOLVED	parse_fail:PARSE_FAIL_LENGTH_MISMATCH_REACTIVITY_VS_SEQPOS; 39GB canonical count not yet produced (NOT_RUN)
421592373	GIR1RZ_DMS_0000	GIR1RZ_DMS_0000	GIR1RZ_DMS_0000.rdat	4494debab2adfd85c56b284269edb153acba6e0d34b8aff5fa6211d02876ce27	reactflow_delta.d0x_v2.asset_disposition.v2	PARSE_FAIL_MALFORMED_SEQPOS	246	246	NOT_RUN	0	PARSE_FAIL_MALFORMED_SEQPOS	RECOVERABLE	VERIFIED_CC0_RMDB	RESOLVED	parse_fail:PARSE_FAIL_MALFORMED_SEQPOS
421592384	GIR1RZ_DMS_0001	GIR1RZ_DMS_0001	GIR1RZ_DMS_0001.rdat	510a979e148dd768fcc26bd7b1db06612419107705463a593157468e7b0a0215	reactflow_delta.d0x_v2.asset_disposition.v2	PARSE_FAIL_MALFORMED_SEQPOS	246	246	NOT_RUN	0	PARSE_FAIL_MALFORMED_SEQPOS	RECOVERABLE	VERIFIED_CC0_RMDB	RESOLVED	parse_fail:PARSE_FAIL_MALFORMED_SEQPOS
421580383	GLYAPO_DCP_0000	GLYAPO_DCP_0000	GLYAPO_DCP_0000.rdat	aec95185dccfd4282afe3151c749a005e8cc5a40305730577b6499140b1f1e22	reactflow_delta.d0x_v2.asset_disposition.v2	PARSE_FAIL_LENGTH_MISMATCH_REACTIVITY_VS_SEQPOS	NOT_RUN	NOT_RUN	NOT_RUN	0	UNPARSEABLE	RECOVERABLE	VERIFIED_CC0_RMDB	RESOLVED	parse_fail:PARSE_FAIL_LENGTH_MISMATCH_REACTIVITY_VS_SEQPOS; 39GB canonical count not yet produced (NOT_RUN)
421580384	GLYCFN_1M7_0005	GLYCFN_1M7_0005	GLYCFN_1M7_0005.rdat	f711dd6f19972f07af5163d9db7f047cbf88214dbc1b75155b80a4694bcd3c61	reactflow_delta.d0x_v2.asset_disposition.v2	PARSE_FAIL_LENGTH_MISMATCH_REACTIVITY_VS_SEQPOS	NOT_RUN	NOT_RUN	NOT_RUN	0	UNPARSEABLE	RECOVERABLE	VERIFIED_CC0_RMDB	RESOLVED	parse_fail:PARSE_FAIL_LENGTH_MISMATCH_REACTIVITY_VS_SEQPOS; 39GB canonical count not yet produced (NOT_RUN)
421580387	GLYCFN_1M7_0006	GLYCFN_1M7_0006	GLYCFN_1M7_0006.rdat	b4b54932c4fdcd24bf0a392118e33836c93c61e32b13d8032a09bec9ec2f3718	reactflow_delta.d0x_v2.asset_disposition.v2	PARSE_FAIL_LENGTH_MISMATCH_REACTIVITY_VS_SEQPOS	NOT_RUN	NOT_RUN	NOT_RUN	0	UNPARSEABLE	RECOVERABLE	VERIFIED_CC0_RMDB	RESOLVED	parse_fail:PARSE_FAIL_LENGTH_MISMATCH_REACTIVITY_VS_SEQPOS; 39GB canonical count not yet produced (NOT_RUN)
421580388	GLYCFN_CMC_0001	GLYCFN_CMC_0001	GLYCFN_CMC_0001.rdat	2d7c377b353085004b3fef83f259bba3475ec8a1eb82cdba87dbd0d2b1dd9de8	reactflow_delta.d0x_v2.asset_disposition.v2	PARSE_FAIL_MALFORMED_SEQPOS	1	1	NOT_RUN	0	PARSE_FAIL_MALFORMED_SEQPOS	RECOVERABLE	VERIFIED_CC0_RMDB	RESOLVED	parse_fail:PARSE_FAIL_MALFORMED_SEQPOS
421580389	GLYCFN_CMC_0005	GLYCFN_CMC_0005	GLYCFN_CMC_0005.rdat	037cfec6f9db422a9036da0da438f050d85faf35f823bb0fcec60a937e692d80	reactflow_delta.d0x_v2.asset_disposition.v2	PARSE_FAIL_LENGTH_MISMATCH_REACTIVITY_VS_SEQPOS	NOT_RUN	NOT_RUN	NOT_RUN	0	UNPARSEABLE	RECOVERABLE	VERIFIED_CC0_RMDB	RESOLVED	parse_fail:PARSE_FAIL_LENGTH_MISMATCH_REACTIVITY_VS_SEQPOS; 39GB canonical count not yet produced (NOT_RUN)
421580390	GLYCFN_DMS_0001	GLYCFN_DMS_0001	GLYCFN_DMS_0001.rdat	616569b5eec2bf43508f5ec5ef926ba3943ee3694355c8ccd52c0a88f9d23f3d	reactflow_delta.d0x_v2.asset_disposition.v2	PARSE_FAIL_MALFORMED_SEQPOS	1	1	NOT_RUN	0	PARSE_FAIL_MALFORMED_SEQPOS	RECOVERABLE	VERIFIED_CC0_RMDB	RESOLVED	parse_fail:PARSE_FAIL_MALFORMED_SEQPOS
421580391	GLYCFN_DMS_0005	GLYCFN_DMS_0005	GLYCFN_DMS_0005.rdat	444507d765931584153d14363914588f263af5b3900b5ef105f5ee844119f9da	reactflow_delta.d0x_v2.asset_disposition.v2	PARSE_FAIL_LENGTH_MISMATCH_REACTIVITY_VS_SEQPOS	NOT_RUN	NOT_RUN	NOT_RUN	0	UNPARSEABLE	RECOVERABLE	VERIFIED_CC0_RMDB	RESOLVED	parse_fail:PARSE_FAIL_LENGTH_MISMATCH_REACTIVITY_VS_SEQPOS; 39GB canonical count not yet produced (NOT_RUN)
421580392	GLYCFN_DMS_0006	GLYCFN_DMS_0006	GLYCFN_DMS_0006.rdat	5477ea6e47503e9764b0440c78349f754176f73c1620c490f1da362373cf08f1	reactflow_delta.d0x_v2.asset_disposition.v2	PARSE_FAIL_LENGTH_MISMATCH_REACTIVITY_VS_SEQPOS	NOT_RUN	NOT_RUN	NOT_RUN	0	UNPARSEABLE	RECOVERABLE	VERIFIED_CC0_RMDB	RESOLVED	parse_fail:PARSE_FAIL_LENGTH_MISMATCH_REACTIVITY_VS_SEQPOS; 39GB canonical count not yet produced (NOT_RUN)
421580395	GLYCFN_KNK_0001	GLYCFN_KNK_0001	GLYCFN_KNK_0001.rdat	5ccb01fe9fe55fd90570c3cde33c4a5528e9244c8e5aff3bcd16eba20ba46e21	reactflow_delta.d0x_v2.asset_disposition.v2	PARSE_FAIL_MALFORMED_SEQPOS	32	32	NOT_RUN	0	PARSE_FAIL_MALFORMED_SEQPOS	RECOVERABLE	VERIFIED_CC0_RMDB	RESOLVED	parse_fail:PARSE_FAIL_MALFORMED_SEQPOS
421580398	GLYCFN_KNK_0002	GLYCFN_KNK_0002	GLYCFN_KNK_0002.rdat	6add03c6a6a06e1ee9ed43490e3d657db7a29b49f496d099363e8d6f5c4abc0c	reactflow_delta.d0x_v2.asset_disposition.v2	PARSE_FAIL_MALFORMED_SEQPOS	128	128	NOT_RUN	0	PARSE_FAIL_MALFORMED_SEQPOS	RECOVERABLE	VERIFIED_CC0_RMDB	RESOLVED	parse_fail:PARSE_FAIL_MALFORMED_SEQPOS
421580399	GLYCFN_KNK_0003	GLYCFN_KNK_0003	GLYCFN_KNK_0003.rdat	e023f58f1872cb8292adc521c5cba7f06ed11a15c2c108ebadd015ebfb423b27	reactflow_delta.d0x_v2.asset_disposition.v2	PARSE_FAIL_LENGTH_MISMATCH_REACTIVITY_VS_SEQPOS	NOT_RUN	NOT_RUN	NOT_RUN	0	UNPARSEABLE	RECOVERABLE	VERIFIED_CC0_RMDB	RESOLVED	parse_fail:PARSE_FAIL_LENGTH_MISMATCH_REACTIVITY_VS_SEQPOS; 39GB canonical count not yet produced (NOT_RUN)
421580400	GLYCFN_KNK_0004	GLYCFN_KNK_0004	GLYCFN_KNK_0004.rdat	a750251e43276fea0c9c5abb6d8922bfb5628bf3ee31486a561e28bcce8f7912	reactflow_delta.d0x_v2.asset_disposition.v2	PARSE_FAIL_LENGTH_MISMATCH_REACTIVITY_VS_SEQPOS	NOT_RUN	NOT_RUN	NOT_RUN	0	UNPARSEABLE	RECOVERABLE	VERIFIED_CC0_RMDB	RESOLVED	parse_fail:PARSE_FAIL_LENGTH_MISMATCH_REACTIVITY_VS_SEQPOS; 39GB canonical count not yet produced (NOT_RUN)
421580403	GLYCFN_KNK_0005	GLYCFN_KNK_0005	GLYCFN_KNK_0005.rdat	9510a8ab9a3d05da1c323ed20dce5e1f5e846aa079c06cf784c9945146bd0888	reactflow_delta.d0x_v2.asset_disposition.v2	PARSE_FAIL_LENGTH_MISMATCH_REACTIVITY_VS_SEQPOS	NOT_RUN	NOT_RUN	NOT_RUN	0	UNPARSEABLE	RECOVERABLE	VERIFIED_CC0_RMDB	RESOLVED	parse_fail:PARSE_FAIL_LENGTH_MISMATCH_REACTIVITY_VS_SEQPOS; 39GB canonical count not yet produced (NOT_RUN)
421580407	GLYCFN_KNK_0006	GLYCFN_KNK_0006	GLYCFN_KNK_0006.rdat	d725af11d5af20908af78dfb54b7be05ee43dcc3ec5814614969e72d09dae551	reactflow_delta.d0x_v2.asset_disposition.v2	PARSE_FAIL_LENGTH_MISMATCH_REACTIVITY_VS_SEQPOS	NOT_RUN	NOT_RUN	NOT_RUN	0	UNPARSEABLE	RECOVERABLE	VERIFIED_CC0_RMDB	RESOLVED	parse_fail:PARSE_FAIL_LENGTH_MISMATCH_REACTIVITY_VS_SEQPOS; 39GB canonical count not yet produced (NOT_RUN)
421580405	GLYCFN_KNK_0007	GLYCFN_KNK_0007	GLYCFN_KNK_0007.rdat	6931d0c20e5c458e30d16131c6c8a038e48ccfd10556c566140e0587ce062eb6	reactflow_delta.d0x_v2.asset_disposition.v2	PARSE_FAIL_LENGTH_MISMATCH_REACTIVITY_VS_SEQPOS	NOT_RUN	NOT_RUN	NOT_RUN	0	UNPARSEABLE	RECOVERABLE	VERIFIED_CC0_RMDB	RESOLVED	parse_fail:PARSE_FAIL_LENGTH_MISMATCH_REACTIVITY_VS_SEQPOS; 39GB canonical count not yet produced (NOT_RUN)
421580404	GLYCFN_KNK_0008	GLYCFN_KNK_0008	GLYCFN_KNK_0008.rdat	f3e4bb19ed67a8b6d3ed96151703422778a00d494a3e1f5b9ef1e2025342c899	reactflow_delta.d0x_v2.asset_disposition.v2	PARSE_FAIL_LENGTH_MISMATCH_REACTIVITY_VS_SEQPOS	NOT_RUN	NOT_RUN	NOT_RUN	0	UNPARSEABLE	RECOVERABLE	VERIFIED_CC0_RMDB	RESOLVED	parse_fail:PARSE_FAIL_LENGTH_MISMATCH_REACTIVITY_VS_SEQPOS; 39GB canonical count not yet produced (NOT_RUN)
421580406	GLYCFN_KNK_0009	GLYCFN_KNK_0009	GLYCFN_KNK_0009.rdat	694e29d3a216c28e652da46980f7642d4484778d0bf442a031de5e3df71c9fe9	reactflow_delta.d0x_v2.asset_disposition.v2	PARSE_FAIL_LENGTH_MISMATCH_REACTIVITY_VS_SEQPOS	NOT_RUN	NOT_RUN	NOT_RUN	0	UNPARSEABLE	RECOVERABLE	VERIFIED_CC0_RMDB	RESOLVED	parse_fail:PARSE_FAIL_LENGTH_MISMATCH_REACTIVITY_VS_SEQPOS; 39GB canonical count not yet produced (NOT_RUN)
421580413	GLYCFN_KNK_0010	GLYCFN_KNK_0010	GLYCFN_KNK_0010.rdat	63b1d5c319459c145b63b89458d250c3db5318cc067822518a7ef82b3d091e3c	reactflow_delta.d0x_v2.asset_disposition.v2	PARSE_FAIL_LENGTH_MISMATCH_REACTIVITY_VS_SEQPOS	NOT_RUN	NOT_RUN	NOT_RUN	0	UNPARSEABLE	RECOVERABLE	VERIFIED_CC0_RMDB	RESOLVED	parse_fail:PARSE_FAIL_LENGTH_MISMATCH_REACTIVITY_VS_SEQPOS; 39GB canonical count not yet produced (NOT_RUN)
421580414	GLYCFN_MCA_0000	GLYCFN_MCA_0000	GLYCFN_MCA_0000.rdat	98f4bb8017e637895d983f000a08423ca8b3847d691a58ef97e8da5425a1b6fc	reactflow_delta.d0x_v2.asset_disposition.v2	PARSE_FAIL_LENGTH_MISMATCH_REACTIVITY_VS_SEQPOS	NOT_RUN	NOT_RUN	NOT_RUN	0	UNPARSEABLE	RECOVERABLE	VERIFIED_CC0_RMDB	RESOLVED	parse_fail:PARSE_FAIL_LENGTH_MISMATCH_REACTIVITY_VS_SEQPOS; 39GB canonical count not yet produced (NOT_RUN)
421580415	GLYCFN_MCA_0001	GLYCFN_MCA_0001	GLYCFN_MCA_0001.rdat	a10f2abd938a23b0030f46b887807874fb5aa92c76d958064d6ba2ca50c57232	reactflow_delta.d0x_v2.asset_disposition.v2	PARSE_FAIL_LENGTH_MISMATCH_REACTIVITY_VS_SEQPOS	NOT_RUN	NOT_RUN	NOT_RUN	0	UNPARSEABLE	RECOVERABLE	VERIFIED_CC0_RMDB	RESOLVED	parse_fail:PARSE_FAIL_LENGTH_MISMATCH_REACTIVITY_VS_SEQPOS; 39GB canonical count not yet produced (NOT_RUN)
421580418	GLYCFN_MCA_0002	GLYCFN_MCA_0002	GLYCFN_MCA_0002.rdat	646a3106e30abcf064d5bec5589b41eb8e49550e431631cf9c41c6598830f5cc	reactflow_delta.d0x_v2.asset_disposition.v2	PARSE_FAIL_LENGTH_MISMATCH_REACTIVITY_VS_SEQPOS	NOT_RUN	NOT_RUN	NOT_RUN	0	UNPARSEABLE	RECOVERABLE	VERIFIED_CC0_RMDB	RESOLVED	parse_fail:PARSE_FAIL_LENGTH_MISMATCH_REACTIVITY_VS_SEQPOS; 39GB canonical count not yet produced (NOT_RUN)
421580419	GLYCFN_MCA_0003	GLYCFN_MCA_0003	GLYCFN_MCA_0003.rdat	b69eeb03500bf50c9cb35fad2760f3f4f208d415522e1f9c26885598ffb2bebb	reactflow_delta.d0x_v2.asset_disposition.v2	PARSE_FAIL_LENGTH_MISMATCH_REACTIVITY_VS_SEQPOS	NOT_RUN	NOT_RUN	NOT_RUN	0	UNPARSEABLE	RECOVERABLE	VERIFIED_CC0_RMDB	RESOLVED	parse_fail:PARSE_FAIL_LENGTH_MISMATCH_REACTIVITY_VS_SEQPOS; 39GB canonical count not yet produced (NOT_RUN)
421580421	GLYCFN_SHP_0001	GLYCFN_SHP_0001	GLYCFN_SHP_0001.rdat	b69e10ca3efba49b210aac0e251048403a161a94fc39da6c0738b0159ec7f8c0	reactflow_delta.d0x_v2.asset_disposition.v2	PARSE_FAIL_MALFORMED_SEQPOS	2	2	NOT_RUN	0	PARSE_FAIL_MALFORMED_SEQPOS	RECOVERABLE	VERIFIED_CC0_RMDB	RESOLVED	parse_fail:PARSE_FAIL_MALFORMED_SEQPOS
421580422	GLYCFN_SHP_0002	GLYCFN_SHP_0002	GLYCFN_SHP_0002.rdat	aaff824f2b1000ca758d9fbe5afcc0e0c7b4e273659b2e81e7ea9a713ca4cbfe	reactflow_delta.d0x_v2.asset_disposition.v2	PARSE_FAIL_MALFORMED_SEQPOS	159	159	158	0	PARSE_FAIL_MALFORMED_SEQPOS	RECOVERABLE	VERIFIED_CC0_RMDB	RESOLVED	parse_fail:PARSE_FAIL_MALFORMED_SEQPOS
421580424	GLYCFN_SHP_0003	GLYCFN_SHP_0003	GLYCFN_SHP_0003.rdat	722217a6ebca49fb6355e93deefa3318987724d85cb64dfc37538b11fdcdcc1a	reactflow_delta.d0x_v2.asset_disposition.v2	PARSE_FAIL_MALFORMED_SEQPOS	159	159	158	0	PARSE_FAIL_MALFORMED_SEQPOS	RECOVERABLE	VERIFIED_CC0_RMDB	RESOLVED	parse_fail:PARSE_FAIL_MALFORMED_SEQPOS
421580425	GLYCFN_SHP_0004	GLYCFN_SHP_0004	GLYCFN_SHP_0004.rdat	f8f4015d40b10b45392878752e148f0299afdd1f5224951a46b3c9e8d2357620	reactflow_delta.d0x_v2.asset_disposition.v2	PARSE_FAIL_MALFORMED_SEQPOS	159	159	158	0	PARSE_FAIL_MALFORMED_SEQPOS	RECOVERABLE	VERIFIED_CC0_RMDB	RESOLVED	parse_fail:PARSE_FAIL_MALFORMED_SEQPOS
421580426	GLYCFN_SHP_0005	GLYCFN_SHP_0005	GLYCFN_SHP_0005.rdat	7d49a5693b622346fd96cc28c1241e5803f4ab3580eaf5823c1673f70ad59f4e	reactflow_delta.d0x_v2.asset_disposition.v2	PARSE_FAIL_MALFORMED_SEQPOS	159	159	158	0	PARSE_FAIL_MALFORMED_SEQPOS	RECOVERABLE	VERIFIED_CC0_RMDB	RESOLVED	parse_fail:PARSE_FAIL_MALFORMED_SEQPOS
421580428	GLYCFN_SHP_0006	GLYCFN_SHP_0006	GLYCFN_SHP_0006.rdat	73779598cd027c324c27638b5851a13450d40997ec36d812652ec2707098d5dc	reactflow_delta.d0x_v2.asset_disposition.v2	PARSE_FAIL_MALFORMED_SEQPOS	1	1	NOT_RUN	0	PARSE_FAIL_MALFORMED_SEQPOS	RECOVERABLE	VERIFIED_CC0_RMDB	RESOLVED	parse_fail:PARSE_FAIL_MALFORMED_SEQPOS
421580430	GLYHLO_DCP_0000	GLYHLO_DCP_0000	GLYHLO_DCP_0000.rdat	2cf0943214e68e9fa786b967c2741869d1c7bcff602c51a45d4ad95404cfd865	reactflow_delta.d0x_v2.asset_disposition.v2	PARSE_FAIL_LENGTH_MISMATCH_REACTIVITY_VS_SEQPOS	NOT_RUN	NOT_RUN	NOT_RUN	0	UNPARSEABLE	RECOVERABLE	VERIFIED_CC0_RMDB	RESOLVED	parse_fail:PARSE_FAIL_LENGTH_MISMATCH_REACTIVITY_VS_SEQPOS; 39GB canonical count not yet produced (NOT_RUN)
421580432	GMPSC_1M7_0001	GMPSC_1M7_0001	GMPSC_1M7_0001.rdat	6a4159c9840d466f81980f104684d02e35f11e39bb03024c68768d7e0c334730	reactflow_delta.d0x_v2.asset_disposition.v2	PARSE_FAIL_LENGTH_MISMATCH_REACTIVITY_VS_SEQPOS	NOT_RUN	NOT_RUN	NOT_RUN	0	UNPARSEABLE	RECOVERABLE	VERIFIED_CC0_RMDB	RESOLVED	parse_fail:PARSE_FAIL_LENGTH_MISMATCH_REACTIVITY_VS_SEQPOS; 39GB canonical count not yet produced (NOT_RUN)
421580431	GMPSC_1M7_0002	GMPSC_1M7_0002	GMPSC_1M7_0002.rdat	ec336f86b7a850659faf5803fed8ecbf9694b08cfb11b548c66098355c80d27c	reactflow_delta.d0x_v2.asset_disposition.v2	PARSE_FAIL_LENGTH_MISMATCH_REACTIVITY_VS_SEQPOS	NOT_RUN	NOT_RUN	NOT_RUN	0	UNPARSEABLE	RECOVERABLE	VERIFIED_CC0_RMDB	RESOLVED	parse_fail:PARSE_FAIL_LENGTH_MISMATCH_REACTIVITY_VS_SEQPOS; 39GB canonical count not yet produced (NOT_RUN)
421580433	GMPSC_1M7_0003	GMPSC_1M7_0003	GMPSC_1M7_0003.rdat	bde4fa36b0494c14e8a46fd2f0bf3f759f2c2abb67eafc8b02a3d90cb1dd456a	reactflow_delta.d0x_v2.asset_disposition.v2	PARSE_FAIL_MALFORMED_SEQPOS	NOT_RUN	NOT_RUN	NOT_RUN	0	UNPARSEABLE	RECOVERABLE	VERIFIED_CC0_RMDB	RESOLVED	parse_fail:PARSE_FAIL_MALFORMED_SEQPOS; 39GB canonical count not yet produced (NOT_RUN)
421581149	HC16APO_DMS_0000	HC16APO_DMS_0000	HC16APO_DMS_0000.rdat	198f61803b87d4504210ec84520115a9092e774411be8a1a7539c1431e8fe30e	reactflow_delta.d0x_v2.asset_disposition.v2	PARSE_FAIL_ANNOTATION_MISSING_SEPARATOR	409	409	NOT_RUN	0	PARSE_FAIL_ANNOTATION_MISSING_SEPARATOR	RECOVERABLE	VERIFIED_CC0_RMDB	RESOLVED	parse_fail:PARSE_FAIL_ANNOTATION_MISSING_SEPARATOR
421581153	HC16M2R_1M7_0001	HC16M2R_1M7_0001	HC16M2R_1M7_0001.rdat	b1399fc4160f760f1fff2c0f70d5f4cd2ec45e2d4151afb79680cc88e1bdfc37	reactflow_delta.d0x_v2.asset_disposition.v2	PARSE_FAIL_ANNOTATION_MISSING_SEPARATOR	124	124	62	0	PARSE_FAIL_ANNOTATION_MISSING_SEPARATOR	RECOVERABLE	VERIFIED_CC0_RMDB	RESOLVED	parse_fail:PARSE_FAIL_ANNOTATION_MISSING_SEPARATOR
421581155	HC16M2R_1M7_0002	HC16M2R_1M7_0002	HC16M2R_1M7_0002.rdat	e2bcc44a1752253c1f4a77f8a261f2567455724f43d505df6281abf506c66e9d	reactflow_delta.d0x_v2.asset_disposition.v2	PARSE_FAIL_ANNOTATION_MISSING_SEPARATOR	68	68	NOT_RUN	0	PARSE_FAIL_ANNOTATION_MISSING_SEPARATOR	RECOVERABLE	VERIFIED_CC0_RMDB	RESOLVED	parse_fail:PARSE_FAIL_ANNOTATION_MISSING_SEPARATOR
421581156	HC16M2R_1M7_0003	HC16M2R_1M7_0003	HC16M2R_1M7_0003.rdat	7589345cef01215be752b259775c0131e7356185a9fe6197bb013b849be680f4	reactflow_delta.d0x_v2.asset_disposition.v2	PARSE_FAIL_ANNOTATION_MISSING_SEPARATOR	43	43	NOT_RUN	0	PARSE_FAIL_ANNOTATION_MISSING_SEPARATOR	RECOVERABLE	VERIFIED_CC0_RMDB	RESOLVED	parse_fail:PARSE_FAIL_ANNOTATION_MISSING_SEPARATOR
421581157	HC16PRO_DMS_0000	HC16PRO_DMS_0000	HC16PRO_DMS_0000.rdat	81f0903e5d6ef9fb8fd35f259366a56b225dd381f31172d36c9b2ed7faa78757	reactflow_delta.d0x_v2.asset_disposition.v2	PARSE_FAIL_ANNOTATION_MISSING_SEPARATOR	418	418	NOT_RUN	0	PARSE_FAIL_ANNOTATION_MISSING_SEPARATOR	RECOVERABLE	VERIFIED_CC0_RMDB	RESOLVED	parse_fail:PARSE_FAIL_ANNOTATION_MISSING_SEPARATOR
421581160	HCIRES_1M7_0001	HCIRES_1M7_0001	HCIRES_1M7_0001.rdat	c3d144035e061f71bd406bd07fba42b3c65d51bccc0aae7be5e8f80a42883888	reactflow_delta.d0x_v2.asset_disposition.v2	PARSE_FAIL_LENGTH_MISMATCH_REACTIVITY_VS_SEQPOS	NOT_RUN	NOT_RUN	NOT_RUN	0	UNPARSEABLE	RECOVERABLE	VERIFIED_CC0_RMDB	RESOLVED	parse_fail:PARSE_FAIL_LENGTH_MISMATCH_REACTIVITY_VS_SEQPOS; 39GB canonical count not yet produced (NOT_RUN)
421581163	HCIRES_1M7_0002	HCIRES_1M7_0002	HCIRES_1M7_0002.rdat	4030196e6ebda1cfa8425970a8f8e77d4056ea55ba883fff5bd5bd90461bc091	reactflow_delta.d0x_v2.asset_disposition.v2	PARSE_FAIL_LENGTH_MISMATCH_REACTIVITY_VS_SEQPOS	NOT_RUN	NOT_RUN	NOT_RUN	0	UNPARSEABLE	RECOVERABLE	VERIFIED_CC0_RMDB	RESOLVED	parse_fail:PARSE_FAIL_LENGTH_MISMATCH_REACTIVITY_VS_SEQPOS; 39GB canonical count not yet produced (NOT_RUN)
421581161	HCIRES_1M7_0003	HCIRES_1M7_0003	HCIRES_1M7_0003.rdat	a35f046e209945ab17d0bc1465aea53d209be5a0ded4298696c228c1df0c7430	reactflow_delta.d0x_v2.asset_disposition.v2	PARSE_FAIL_LENGTH_MISMATCH_REACTIVITY_VS_SEQPOS	NOT_RUN	NOT_RUN	NOT_RUN	0	UNPARSEABLE	RECOVERABLE	VERIFIED_CC0_RMDB	RESOLVED	parse_fail:PARSE_FAIL_LENGTH_MISMATCH_REACTIVITY_VS_SEQPOS; 39GB canonical count not yet produced (NOT_RUN)
421581164	HCIRES_MCA_0000	HCIRES_MCA_0000	HCIRES_MCA_0000.rdat	e1ebeaaac23f943f56ea055d5a5e04490e9461b52ba62e84b9602b8e1a45e79b	reactflow_delta.d0x_v2.asset_disposition.v2	PARSE_FAIL_LENGTH_MISMATCH_REACTIVITY_VS_SEQPOS	NOT_RUN	NOT_RUN	NOT_RUN	0	UNPARSEABLE	RECOVERABLE	VERIFIED_CC0_RMDB	RESOLVED	parse_fail:PARSE_FAIL_LENGTH_MISMATCH_REACTIVITY_VS_SEQPOS; 39GB canonical count not yet produced (NOT_RUN)
421581165	HCIRES_MCA_0001	HCIRES_MCA_0001	HCIRES_MCA_0001.rdat	9f93ebd050370b0a0f2ff9f7cb0b1ad1ee7f164e93e0d14ab528c206e49982b3	reactflow_delta.d0x_v2.asset_disposition.v2	PARSE_FAIL_LENGTH_MISMATCH_REACTIVITY_VS_SEQPOS	NOT_RUN	NOT_RUN	NOT_RUN	0	UNPARSEABLE	RECOVERABLE	VERIFIED_CC0_RMDB	RESOLVED	parse_fail:PARSE_FAIL_LENGTH_MISMATCH_REACTIVITY_VS_SEQPOS; 39GB canonical count not yet produced (NOT_RUN)
421581166	HCVDM2_DCP_0000	HCVDM2_DCP_0000	HCVDM2_DCP_0000.rdat	4036cdaf6bd0327dc1b9e2417e9b2bac19cc5896dba6f96d0cc7739177c4624a	reactflow_delta.d0x_v2.asset_disposition.v2	PARSE_FAIL_LENGTH_MISMATCH_REACTIVITY_VS_SEQPOS	NOT_RUN	NOT_RUN	NOT_RUN	0	UNPARSEABLE	RECOVERABLE	VERIFIED_CC0_RMDB	RESOLVED	parse_fail:PARSE_FAIL_LENGTH_MISMATCH_REACTIVITY_VS_SEQPOS; 39GB canonical count not yet produced (NOT_RUN)
421581167	HEPCSC_1M7_0001	HEPCSC_1M7_0001	HEPCSC_1M7_0001.rdat	0454f9bab715f9cdf5783f0a3c611b5eb9ea1981f3fb50a0c3b118bae56b2164	reactflow_delta.d0x_v2.asset_disposition.v2	PARSE_FAIL_LENGTH_MISMATCH_REACTIVITY_VS_SEQPOS	NOT_RUN	NOT_RUN	NOT_RUN	0	UNPARSEABLE	RECOVERABLE	VERIFIED_CC0_RMDB	RESOLVED	parse_fail:PARSE_FAIL_LENGTH_MISMATCH_REACTIVITY_VS_SEQPOS; 39GB canonical count not yet produced (NOT_RUN)
421581168	HEPCSC_1M7_0002	HEPCSC_1M7_0002	HEPCSC_1M7_0002.rdat	443fb7e9651bf73fb571200ad690ce28c3a64535f183a942e0b52f5e639fa8f5	reactflow_delta.d0x_v2.asset_disposition.v2	PARSE_FAIL_LENGTH_MISMATCH_REACTIVITY_VS_SEQPOS	NOT_RUN	NOT_RUN	NOT_RUN	0	UNPARSEABLE	RECOVERABLE	VERIFIED_CC0_RMDB	RESOLVED	parse_fail:PARSE_FAIL_LENGTH_MISMATCH_REACTIVITY_VS_SEQPOS; 39GB canonical count not yet produced (NOT_RUN)
421581169	HEPCSC_1M7_0003	HEPCSC_1M7_0003	HEPCSC_1M7_0003.rdat	6add898e8ecbba7d7c4067a7430d06a1748bd843a9ed31f767a7e4ae360aa4af	reactflow_delta.d0x_v2.asset_disposition.v2	PARSE_FAIL_LENGTH_MISMATCH_REACTIVITY_VS_SEQPOS	NOT_RUN	NOT_RUN	NOT_RUN	0	UNPARSEABLE	RECOVERABLE	VERIFIED_CC0_RMDB	RESOLVED	parse_fail:PARSE_FAIL_LENGTH_MISMATCH_REACTIVITY_VS_SEQPOS; 39GB canonical count not yet produced (NOT_RUN)
421581170	HIV3PR_DMS_0001	HIV3PR_DMS_0001	HIV3PR_DMS_0001.rdat	a9b0dcb7adae1d1fef70efc6c1d851f264a42eca995f704532a67b8f7e066d04	reactflow_delta.d0x_v2.asset_disposition.v2	PARSE_SUCCESS	262	262	NOT_RUN	0	NONE	NOT_APPLICABLE	VERIFIED_CC0_RMDB	RESOLVED	
421581171	HIV3PR_DMS_0002	HIV3PR_DMS_0002	HIV3PR_DMS_0002.rdat	346c8c3376f40cdef5cad9aeda92d85dbc41b4b43ebfa5b3466899cec8403f77	reactflow_delta.d0x_v2.asset_disposition.v2	PARSE_SUCCESS	262	262	NOT_RUN	0	NONE	NOT_APPLICABLE	VERIFIED_CC0_RMDB	RESOLVED	
421581173	HIV3PR_DMS_0003	HIV3PR_DMS_0003	HIV3PR_DMS_0003.rdat	824ffcb0f935a9f42e4e44b82f473cd36a2e8e2995b9d1a6d3fb09168d2d2ba7	reactflow_delta.d0x_v2.asset_disposition.v2	PARSE_SUCCESS	282	282	NOT_RUN	0	NONE	NOT_APPLICABLE	VERIFIED_CC0_RMDB	RESOLVED	
421581174	HIV3PR_DMS_0004	HIV3PR_DMS_0004	HIV3PR_DMS_0004.rdat	2f2461c4d9e18c33c5134e7379012fa81350f5bf87551240735e08ebaeb0485f	reactflow_delta.d0x_v2.asset_disposition.v2	PARSE_SUCCESS	282	282	NOT_RUN	0	NONE	NOT_APPLICABLE	VERIFIED_CC0_RMDB	RESOLVED	
421581179	HIV3PR_NMD_0001	HIV3PR_NMD_0001	HIV3PR_NMD_0001.rdat	8c11b7e1f3ef742bd4946db77ce7c14ee06c3cfa6968e25477861c766138e088	reactflow_delta.d0x_v2.asset_disposition.v2	PARSE_SUCCESS	262	262	NOT_RUN	0	NONE	NOT_APPLICABLE	VERIFIED_CC0_RMDB	RESOLVED	
421581181	HIV3PR_NMD_0002	HIV3PR_NMD_0002	HIV3PR_NMD_0002.rdat	d3de48959be7327515b12f8541855e35521043d90825f3433219ed2950a97ebc	reactflow_delta.d0x_v2.asset_disposition.v2	PARSE_SUCCESS	262	262	NOT_RUN	0	NONE	NOT_APPLICABLE	VERIFIED_CC0_RMDB	RESOLVED	
421581183	HIV3PR_NMD_0003	HIV3PR_NMD_0003	HIV3PR_NMD_0003.rdat	f411580a0f961ec4faab336521202884cbbb12977707ca38abf86084b6815642	reactflow_delta.d0x_v2.asset_disposition.v2	PARSE_SUCCESS	282	282	NOT_RUN	0	NONE	NOT_APPLICABLE	VERIFIED_CC0_RMDB	RESOLVED	
421581184	HIV3PR_NMD_0004	HIV3PR_NMD_0004	HIV3PR_NMD_0004.rdat	9c679fc4dd3b42a37302f670eccb39c33e0f1f44dfa65939c780cee84cca65f0	reactflow_delta.d0x_v2.asset_disposition.v2	PARSE_SUCCESS	282	282	NOT_RUN	0	NONE	NOT_APPLICABLE	VERIFIED_CC0_RMDB	RESOLVED	
421581185	HOXA5_STD_0000	HOXA5_STD_0000	HOXA5_STD_0000.rdat	c6ce4224152eac930e9ca6d597c4e9eee22319e8dd344b0374755b39e6a8f5f0	reactflow_delta.d0x_v2.asset_disposition.v2	PARSE_FAIL_LENGTH_MISMATCH_REACTIVITY_VS_SEQPOS	NOT_RUN	NOT_RUN	NOT_RUN	0	UNPARSEABLE	RECOVERABLE	VERIFIED_CC0_RMDB	RESOLVED	parse_fail:PARSE_FAIL_LENGTH_MISMATCH_REACTIVITY_VS_SEQPOS; 39GB canonical count not yet produced (NOT_RUN)
421581188	HOXA9A_STD_0001	HOXA9A_STD_0001	HOXA9A_STD_0001.rdat	95e8e76c68950807f639a92b2f96d6ec8a386e4a6193b2a32c58a18a4629724f	reactflow_delta.d0x_v2.asset_disposition.v2	PARSE_FAIL_LENGTH_MISMATCH_REACTIVITY_VS_SEQPOS	NOT_RUN	NOT_RUN	NOT_RUN	0	UNPARSEABLE	RECOVERABLE	VERIFIED_CC0_RMDB	RESOLVED	parse_fail:PARSE_FAIL_LENGTH_MISMATCH_REACTIVITY_VS_SEQPOS; 39GB canonical count not yet produced (NOT_RUN)
421581189	HOXA9D_1M7_0001	HOXA9D_1M7_0001	HOXA9D_1M7_0001.rdat	f386dafcfedc8a2c5adab55d21f1a3f257011a38fc06e5b574859e8c579727b9	reactflow_delta.d0x_v2.asset_disposition.v2	PARSE_FAIL_LENGTH_MISMATCH_REACTIVITY_VS_SEQPOS	NOT_RUN	NOT_RUN	NOT_RUN	0	UNPARSEABLE	RECOVERABLE	VERIFIED_CC0_RMDB	RESOLVED	parse_fail:PARSE_FAIL_LENGTH_MISMATCH_REACTIVITY_VS_SEQPOS; 39GB canonical count not yet produced (NOT_RUN)
421581190	HOXA9D_MCA_0000	HOXA9D_MCA_0000	HOXA9D_MCA_0000.rdat	a2da4e4b99b2f298d72c30821454101f7148f8855c242c60715eaf67afbe3604	reactflow_delta.d0x_v2.asset_disposition.v2	PARSE_FAIL_LENGTH_MISMATCH_REACTIVITY_VS_SEQPOS	NOT_RUN	NOT_RUN	NOT_RUN	0	UNPARSEABLE	RECOVERABLE	VERIFIED_CC0_RMDB	RESOLVED	parse_fail:PARSE_FAIL_LENGTH_MISMATCH_REACTIVITY_VS_SEQPOS; 39GB canonical count not yet produced (NOT_RUN)
421581192	HOXA9D_MCA_0001	HOXA9D_MCA_0001	HOXA9D_MCA_0001.rdat	8d7d1b5b4d857bc0f123e645d302a84b9b1f907f1412199cc7386855e7f78f27	reactflow_delta.d0x_v2.asset_disposition.v2	PARSE_FAIL_LENGTH_MISMATCH_REACTIVITY_VS_SEQPOS	NOT_RUN	NOT_RUN	NOT_RUN	0	UNPARSEABLE	RECOVERABLE	VERIFIED_CC0_RMDB	RESOLVED	parse_fail:PARSE_FAIL_LENGTH_MISMATCH_REACTIVITY_VS_SEQPOS; 39GB canonical count not yet produced (NOT_RUN)
421581193	HOXA9D_RSQ_0001	HOXA9D_RSQ_0001	HOXA9D_RSQ_0001.rdat	332e0eaae437e699748bd3539a2612491f0ee7e431938552840460070167a2dd	reactflow_delta.d0x_v2.asset_disposition.v2	PARSE_FAIL_LENGTH_MISMATCH_REACTIVITY_VS_SEQPOS	NOT_RUN	NOT_RUN	NOT_RUN	0	UNPARSEABLE	RECOVERABLE	VERIFIED_CC0_RMDB	RESOLVED	parse_fail:PARSE_FAIL_LENGTH_MISMATCH_REACTIVITY_VS_SEQPOS; 39GB canonical count not yet produced (NOT_RUN)
421581195	HOXA9D_STD_0001	HOXA9D_STD_0001	HOXA9D_STD_0001.rdat	0dbbd3fa07f6c95cc6c8c75096aa033d2ad11d350fd933a22c7e38a229f4413b	reactflow_delta.d0x_v2.asset_disposition.v2	PARSE_FAIL_LENGTH_MISMATCH_REACTIVITY_VS_SEQPOS	NOT_RUN	NOT_RUN	NOT_RUN	0	UNPARSEABLE	RECOVERABLE	VERIFIED_CC0_RMDB	RESOLVED	parse_fail:PARSE_FAIL_LENGTH_MISMATCH_REACTIVITY_VS_SEQPOS; 39GB canonical count not yet produced (NOT_RUN)
421581194	HOXA9D_STD_0002	HOXA9D_STD_0002	HOXA9D_STD_0002.rdat	239d322312378e474ac0fd02a1ac339e49cfcf72b92d6e2c7219f95440b184fe	reactflow_delta.d0x_v2.asset_disposition.v2	PARSE_FAIL_LENGTH_MISMATCH_REACTIVITY_VS_SEQPOS	NOT_RUN	NOT_RUN	NOT_RUN	0	UNPARSEABLE	RECOVERABLE	VERIFIED_CC0_RMDB	RESOLVED	parse_fail:PARSE_FAIL_LENGTH_MISMATCH_REACTIVITY_VS_SEQPOS; 39GB canonical count not yet produced (NOT_RUN)
421581186	HOXA9_STD_0000	HOXA9_STD_0000	HOXA9_STD_0000.rdat	1ee9008cd773b2b76a789cb0bddbb59bc677823360ece4404facfdffe1cad7ee	reactflow_delta.d0x_v2.asset_disposition.v2	PARSE_FAIL_LENGTH_MISMATCH_REACTIVITY_VS_SEQPOS	NOT_RUN	NOT_RUN	NOT_RUN	0	UNPARSEABLE	RECOVERABLE	VERIFIED_CC0_RMDB	RESOLVED	parse_fail:PARSE_FAIL_LENGTH_MISMATCH_REACTIVITY_VS_SEQPOS; 39GB canonical count not yet produced (NOT_RUN)
421581196	HVRS2M_UTR_0003	HVRS2M_UTR_0003	HVRS2M_UTR_0003.rdat	6c73b48e4c7bb957bdece3dc7665e63fafd9897420cabcdb20bb3bf7cb4ab9a7	reactflow_delta.d0x_v2.asset_disposition.v2	PARSE_SUCCESS	1	1	NOT_RUN	0	NONE	NOT_APPLICABLE	VERIFIED_CC0_RMDB	RESOLVED	
421592390	INS4DBL_1M7_0001	INS4DBL_1M7_0001	INS4DBL_1M7_0001.rdat	c743c0413bd6d98c7ec8bcace1d390cc0af5d523195a9429fd6dff3e79c242ae	reactflow_delta.d0x_v2.asset_disposition.v2	PARSE_FAIL_MISSING_REACTIVITY_ROWS	3	3	NOT_RUN	0	PARSE_FAIL_MISSING_REACTIVITY_ROWS	RECOVERABLE	VERIFIED_CC0_RMDB	RESOLVED	parse_fail:PARSE_FAIL_MISSING_REACTIVITY_ROWS
421592389	INS4DBL_1M7_0002	INS4DBL_1M7_0002	INS4DBL_1M7_0002.rdat	f2785ce3a89964fb678a274b88bee3341cb0dba114104cc894b7c25417574d9f	reactflow_delta.d0x_v2.asset_disposition.v2	PARSE_FAIL_MISSING_REACTIVITY_ROWS	3	3	NOT_RUN	0	PARSE_FAIL_MISSING_REACTIVITY_ROWS	RECOVERABLE	VERIFIED_CC0_RMDB	RESOLVED	parse_fail:PARSE_FAIL_MISSING_REACTIVITY_ROWS
421592387	KTRSRNA_MCA_0000	KTRSRNA_MCA_0000	KTRSRNA_MCA_0000.rdat	ba55eb154298371a02d1ad7798d14f6d3a0821f099088af39d793bb6d88578e4	reactflow_delta.d0x_v2.asset_disposition.v2	PARSE_FAIL_LENGTH_MISMATCH_REACTIVITY_VS_SEQPOS	NOT_RUN	NOT_RUN	NOT_RUN	0	UNPARSEABLE	RECOVERABLE	VERIFIED_CC0_RMDB	RESOLVED	parse_fail:PARSE_FAIL_LENGTH_MISMATCH_REACTIVITY_VS_SEQPOS; 39GB canonical count not yet produced (NOT_RUN)
421592395	KTRSRNA_MCA_0001	KTRSRNA_MCA_0001	KTRSRNA_MCA_0001.rdat	1f3bd1e71a7a887484d14f51905af5e3e50ffd4f449f291d1cecd793ae7c3cdf	reactflow_delta.d0x_v2.asset_disposition.v2	PARSE_FAIL_LENGTH_MISMATCH_REACTIVITY_VS_SEQPOS	NOT_RUN	NOT_RUN	NOT_RUN	0	UNPARSEABLE	RECOVERABLE	VERIFIED_CC0_RMDB	RESOLVED	parse_fail:PARSE_FAIL_LENGTH_MISMATCH_REACTIVITY_VS_SEQPOS; 39GB canonical count not yet produced (NOT_RUN)
421592397	KTRSRNA_MCA_0002	KTRSRNA_MCA_0002	KTRSRNA_MCA_0002.rdat	6e1f2a0ad1870d1b6604e59c1da4324d70016be8c091e709c5c4e328793a7126	reactflow_delta.d0x_v2.asset_disposition.v2	PARSE_FAIL_LENGTH_MISMATCH_REACTIVITY_VS_SEQPOS	NOT_RUN	NOT_RUN	NOT_RUN	0	UNPARSEABLE	RECOVERABLE	VERIFIED_CC0_RMDB	RESOLVED	parse_fail:PARSE_FAIL_LENGTH_MISMATCH_REACTIVITY_VS_SEQPOS; 39GB canonical count not yet produced (NOT_RUN)
421592400	KTRSRNA_MCA_0003	KTRSRNA_MCA_0003	KTRSRNA_MCA_0003.rdat	b09326c73ec1a5a32f76c9746a2bbaaa4b517f171161558ac6da4eb4238f32e5	reactflow_delta.d0x_v2.asset_disposition.v2	PARSE_FAIL_LENGTH_MISMATCH_REACTIVITY_VS_SEQPOS	NOT_RUN	NOT_RUN	NOT_RUN	0	UNPARSEABLE	RECOVERABLE	VERIFIED_CC0_RMDB	RESOLVED	parse_fail:PARSE_FAIL_LENGTH_MISMATCH_REACTIVITY_VS_SEQPOS; 39GB canonical count not yet produced (NOT_RUN)
421592399	L21RNA_DMS_0000	L21RNA_DMS_0000	L21RNA_DMS_0000.rdat	39c4c1ee62998ca41ae83e2385e4c6fd6d34f8e47a2f0b934614a3da8c71c245	reactflow_delta.d0x_v2.asset_disposition.v2	PARSE_FAIL_ANNOTATION_MISSING_SEPARATOR	434	434	NOT_RUN	0	PARSE_FAIL_ANNOTATION_MISSING_SEPARATOR	RECOVERABLE	VERIFIED_CC0_RMDB	RESOLVED	parse_fail:PARSE_FAIL_ANNOTATION_MISSING_SEPARATOR
421581197	M2PK50_2A3_0000	M2PK50_2A3_0000	M2PK50_2A3_0000.rdat	4b08347b74cf72d8d15e4dc1befac4a9065e907342ea268a0cca0cfdf2f767d2	reactflow_delta.d0x_v2.asset_disposition.v2	PARSE_SUCCESS	51000	51000	NOT_RUN	0	NONE	NOT_APPLICABLE	VERIFIED_CC0_RMDB	UNRESOLVED_PUBLICATION	
421581198	M2PK50_DMS_0000	M2PK50_DMS_0000	M2PK50_DMS_0000.rdat	410d26b8ba309baba95bdfb6058641d93443301dfb0e7f53847cb0ed0ea5655f	reactflow_delta.d0x_v2.asset_disposition.v2	PARSE_SUCCESS	51000	51000	NOT_RUN	0	NONE	NOT_APPLICABLE	VERIFIED_CC0_RMDB	UNRESOLVED_PUBLICATION	
421581199	M2PK90_2A3_0000	M2PK90_2A3_0000	M2PK90_2A3_0000.rdat	e139e7918b6c984e41e6ed0bf4273e57630732686834e6eac5e140e79a0e2ef0	reactflow_delta.d0x_v2.asset_disposition.v2	PARSE_SUCCESS	91000	91000	NOT_RUN	0	NONE	NOT_APPLICABLE	VERIFIED_CC0_RMDB	UNRESOLVED_PUBLICATION	
421581200	M2PK90_DMS_0000	M2PK90_DMS_0000	M2PK90_DMS_0000.rdat	efc209f453c2e9fe1f15feb7fe1082598723c0b1a8dfa408a938e18a35e1afad	reactflow_delta.d0x_v2.asset_disposition.v2	PARSE_SUCCESS	91000	91000	NOT_RUN	0	NONE	NOT_APPLICABLE	VERIFIED_CC0_RMDB	UNRESOLVED_PUBLICATION	
421581201	M2RFOK_2A3_0000	M2RFOK_2A3_0000	M2RFOK_2A3_0000.rdat	1f2646d346c4d9a70ae1eceaafa369b2aa84f36fa144e60a5f40b7c53c08f0ef	reactflow_delta.d0x_v2.asset_disposition.v2	PARSE_SUCCESS	11739	11739	NOT_RUN	0	NONE	NOT_APPLICABLE	VERIFIED_CC0_RMDB	UNRESOLVED_PUBLICATION	
421581315	M2RFOK_DMS_0000	M2RFOK_DMS_0000	M2RFOK_DMS_0000.rdat	65109c81434c375dba353a872d54d4a80e99b3a3eb1be6396c50deb1440a96bd	reactflow_delta.d0x_v2.asset_disposition.v2	PARSE_SUCCESS	11739	11739	NOT_RUN	0	NONE	NOT_APPLICABLE	VERIFIED_CC0_RMDB	UNRESOLVED_PUBLICATION	
421581421	M2RFPK_2A3_0000	M2RFPK_2A3_0000	M2RFPK_2A3_0000.rdat	f78c6dea3a48fde9ab3c348060b1102eabd612f981dddeb1a16c2f0ca8d4ceb2	reactflow_delta.d0x_v2.asset_disposition.v2	PARSE_SUCCESS	75250	75250	NOT_RUN	0	NONE	NOT_APPLICABLE	VERIFIED_CC0_RMDB	UNRESOLVED_PUBLICATION	
421581513	M2RFPK_2A3_0001	M2RFPK_2A3_0001	M2RFPK_2A3_0001.rdat	25821f8f307d682896a81c9be698bd3f02ead8df0d98f12c6d0aa585e406d0d3	reactflow_delta.d0x_v2.asset_disposition.v2	PARSE_SUCCESS	75250	75250	NOT_RUN	0	NONE	NOT_APPLICABLE	VERIFIED_CC0_RMDB	UNRESOLVED_PUBLICATION	
421581541	M2RFPK_2A3_0002	M2RFPK_2A3_0002	M2RFPK_2A3_0002.rdat	ab07b8c4b3bae6c651cadf66370d60dc7132855ff5af3732c9f1bd5989c9bb11	reactflow_delta.d0x_v2.asset_disposition.v2	PARSE_SUCCESS	46655	46655	NOT_RUN	0	NONE	NOT_APPLICABLE	VERIFIED_CC0_RMDB	UNRESOLVED_PUBLICATION	
421581811	M2RFPK_DMS_0000	M2RFPK_DMS_0000	M2RFPK_DMS_0000.rdat	5ec8ea15e5d44933a7f27d1b0212b3f70f2ee49f008991d0db372264b12976d3	reactflow_delta.d0x_v2.asset_disposition.v2	PARSE_SUCCESS	75250	75250	NOT_RUN	0	NONE	NOT_APPLICABLE	VERIFIED_CC0_RMDB	UNRESOLVED_PUBLICATION	
421581827	M2RFPK_DMS_0001	M2RFPK_DMS_0001	M2RFPK_DMS_0001.rdat	721b9fcd2bea1109184ea931012c0b28466c17129f5fd022346c92afe3ed0112	reactflow_delta.d0x_v2.asset_disposition.v2	PARSE_SUCCESS	75250	75250	NOT_RUN	0	NONE	NOT_APPLICABLE	VERIFIED_CC0_RMDB	UNRESOLVED_PUBLICATION	
421581933	M2RFPK_DMS_0002	M2RFPK_DMS_0002	M2RFPK_DMS_0002.rdat	9014f4b0b08df21764e9dbaf7f125ca1b4f8c14191fedd1ad91587613c5f3f75	reactflow_delta.d0x_v2.asset_disposition.v2	PARSE_SUCCESS	46655	46655	NOT_RUN	0	NONE	NOT_APPLICABLE	VERIFIED_CC0_RMDB	UNRESOLVED_PUBLICATION	
421582018	M2SL5_2A3_0000	M2SL5_2A3_0000	M2SL5_2A3_0000.rdat	6a2fded3673735c8daa92512ae3f86bc3e4187bb18db78e2c56fcff3d45a4c8b	reactflow_delta.d0x_v2.asset_disposition.v2	PARSE_SUCCESS	2499	2499	NOT_RUN	0	NONE	NOT_APPLICABLE	VERIFIED_CC0_RMDB	UNRESOLVED_PUBLICATION	
421582271	M2SL5_DMS_0000	M2SL5_DMS_0000	M2SL5_DMS_0000.rdat	590638963adbde972cc77c70aeb07ff4240d9885be9baffbb0f65ef40243ab85	reactflow_delta.d0x_v2.asset_disposition.v2	PARSE_SUCCESS	2499	2499	NOT_RUN	0	NONE	NOT_APPLICABLE	VERIFIED_CC0_RMDB	UNRESOLVED_PUBLICATION	
421582269	M3SARS_2A3_0000	M3SARS_2A3_0000	M3SARS_2A3_0000.rdat	a6a5c41bf3e4133e7b173f9855442af4222df309efe24bdcd58ebf04c0f7ab9d	reactflow_delta.d0x_v2.asset_disposition.v2	PARSE_SUCCESS	16071	16071	NOT_RUN	0	NONE	NOT_APPLICABLE	VERIFIED_CC0_RMDB	UNRESOLVED_PUBLICATION	
421582270	M3SARS_DMS_0000	M3SARS_DMS_0000	M3SARS_DMS_0000.rdat	7b471415d81306aff6a93f6b8435cb29ce340aace2b9749373e88d71f95832ff	reactflow_delta.d0x_v2.asset_disposition.v2	PARSE_SUCCESS	16071	16071	NOT_RUN	0	NONE	NOT_APPLICABLE	VERIFIED_CC0_RMDB	UNRESOLVED_PUBLICATION	
421592405	MDLOOP_CMC_0001	MDLOOP_CMC_0001	MDLOOP_CMC_0001.rdat	c9bf31d2541a75017423f6f4d06765243a18b8eb4b26fbb3ed52dc547b4d0c9b	reactflow_delta.d0x_v2.asset_disposition.v2	PARSE_FAIL_INVALID_PROFILE_INDEX	120	120	78	0	PARSE_FAIL_INVALID_PROFILE_INDEX	UNRECOVERABLE	VERIFIED_CC0_RMDB	RESOLVED	parse_fail:PARSE_FAIL_INVALID_PROFILE_INDEX
421592407	MDLOOP_CMC_0002	MDLOOP_CMC_0002	MDLOOP_CMC_0002.rdat	4cbcf37c2c45a5c69e6f25c5d34527ecd8dbb9151d484948e32e4ef45d246d30	reactflow_delta.d0x_v2.asset_disposition.v2	PARSE_FAIL_MALFORMED_SEQPOS	120	120	78	0	PARSE_FAIL_MALFORMED_SEQPOS	RECOVERABLE	VERIFIED_CC0_RMDB	RESOLVED	parse_fail:PARSE_FAIL_MALFORMED_SEQPOS
421592412	MDLOOP_DMS_0001	MDLOOP_DMS_0001	MDLOOP_DMS_0001.rdat	850708cfb2b742d22eb4771184c4ffd5798f196d17884e5bd500f09f84c0321f	reactflow_delta.d0x_v2.asset_disposition.v2	PARSE_FAIL_MALFORMED_SEQPOS	120	120	78	0	PARSE_FAIL_MALFORMED_SEQPOS	RECOVERABLE	VERIFIED_CC0_RMDB	RESOLVED	parse_fail:PARSE_FAIL_MALFORMED_SEQPOS
421592421	MDLOOP_DMS_0002	MDLOOP_DMS_0002	MDLOOP_DMS_0002.rdat	af12401c742e1180fb9d385ea34bb55caa7c626b522bd4acbd5b318e8e135eb0	reactflow_delta.d0x_v2.asset_disposition.v2	PARSE_FAIL_MALFORMED_SEQPOS	120	120	78	0	PARSE_FAIL_MALFORMED_SEQPOS	RECOVERABLE	VERIFIED_CC0_RMDB	RESOLVED	parse_fail:PARSE_FAIL_MALFORMED_SEQPOS
421592420	MDLOOP_NMD_0002	MDLOOP_NMD_0002	MDLOOP_NMD_0002.rdat	53033ff0ea0652f95c68d9c32324f3a7055b99b2cd405f44c0fe9f88961604c1	reactflow_delta.d0x_v2.asset_disposition.v2	PARSE_FAIL_MALFORMED_SEQPOS	120	120	78	0	PARSE_FAIL_MALFORMED_SEQPOS	RECOVERABLE	VERIFIED_CC0_RMDB	RESOLVED	parse_fail:PARSE_FAIL_MALFORMED_SEQPOS
421592424	MDLOOP_SHP_0002	MDLOOP_SHP_0002	MDLOOP_SHP_0002.rdat	64a591a6417b70182874992663ecfda920d9391d84008fa60087d83000587bb5	reactflow_delta.d0x_v2.asset_disposition.v2	PARSE_FAIL_MALFORMED_SEQPOS	120	120	78	0	PARSE_FAIL_MALFORMED_SEQPOS	RECOVERABLE	VERIFIED_CC0_RMDB	RESOLVED	parse_fail:PARSE_FAIL_MALFORMED_SEQPOS
421592425	MDLOOP_STD_0000	MDLOOP_STD_0000	MDLOOP_STD_0000.rdat	3fc4421720b59a1871e579f61497f6fc4f352d9faa7891cb3583074bf37e37bd	reactflow_delta.d0x_v2.asset_disposition.v2	PARSE_FAIL_MALFORMED_SEQPOS	3	3	NOT_RUN	0	PARSE_FAIL_MALFORMED_SEQPOS	RECOVERABLE	VERIFIED_CC0_RMDB	RESOLVED	parse_fail:PARSE_FAIL_MALFORMED_SEQPOS
421592433	MSTBL_1M7_0002	MSTBL_1M7_0002	MSTBL_1M7_0002.rdat	334f62413343e86f4c06ddf00d4a42985175f94c19e063032a217eb72ed4a36c	reactflow_delta.d0x_v2.asset_disposition.v2	PARSE_FAIL_MALFORMED_SEQPOS	NOT_RUN	NOT_RUN	NOT_RUN	0	UNPARSEABLE	RECOVERABLE	VERIFIED_CC0_RMDB	RESOLVED	parse_fail:PARSE_FAIL_MALFORMED_SEQPOS; 39GB canonical count not yet produced (NOT_RUN)
421592438	MTTR10_DMS_0001	MTTR10_DMS_0001	MTTR10_DMS_0001.rdat	f4af91d00113283ee8a4ca4d2f43fafeca7695af3664c8251d66ee80bed6346f	reactflow_delta.d0x_v2.asset_disposition.v2	PARSE_SUCCESS	2	2	NOT_RUN	0	NONE	NOT_APPLICABLE	VERIFIED_CC0_RMDB	RESOLVED	
421592440	MTTR10_MGTI_0001	MTTR10_MGTI_0001	MTTR10_MGTI_0001.rdat	bbd15bfbf93298525d280cf2bc1e053c199599dfb9fb2118bf8dc4d2ba7d1573	reactflow_delta.d0x_v2.asset_disposition.v2	PARSE_SUCCESS	32	32	NOT_RUN	0	NONE	NOT_APPLICABLE	VERIFIED_CC0_RMDB	RESOLVED	
421592443	MTTR11_DMS_0001	MTTR11_DMS_0001	MTTR11_DMS_0001.rdat	295e5998538e2fef6332621c47854a972e82a56c9370b14016009aa4afecc4a4	reactflow_delta.d0x_v2.asset_disposition.v2	PARSE_SUCCESS	2	2	NOT_RUN	0	NONE	NOT_APPLICABLE	VERIFIED_CC0_RMDB	RESOLVED	
421592444	MTTR11_MGTI_0001	MTTR11_MGTI_0001	MTTR11_MGTI_0001.rdat	0439bccddd4b709b75d4ef59935cedd1f16a18394a4f0909f935154038680d90	reactflow_delta.d0x_v2.asset_disposition.v2	PARSE_SUCCESS	32	32	NOT_RUN	0	NONE	NOT_APPLICABLE	VERIFIED_CC0_RMDB	RESOLVED	
421592446	MTTR12_DMS_0001	MTTR12_DMS_0001	MTTR12_DMS_0001.rdat	0bd0c8fa59d9301d2471e1b48374c090af1d9c74720bb9e8abf540bfe4710ef2	reactflow_delta.d0x_v2.asset_disposition.v2	PARSE_SUCCESS	2	2	NOT_RUN	0	NONE	NOT_APPLICABLE	VERIFIED_CC0_RMDB	RESOLVED	
421592447	MTTR12_MGTI_0001	MTTR12_MGTI_0001	MTTR12_MGTI_0001.rdat	f9140b17e84055f5b419b6c39b3ee071ee0cd9b61d364065620f7958a0aa9bbb	reactflow_delta.d0x_v2.asset_disposition.v2	PARSE_SUCCESS	32	32	NOT_RUN	0	NONE	NOT_APPLICABLE	VERIFIED_CC0_RMDB	RESOLVED	
421592449	MTTR13_DMS_0001	MTTR13_DMS_0001	MTTR13_DMS_0001.rdat	e97fdf6978c6250af05874dbdcb7d694a5ccfbaa2ec48b6f0d7a63e407784503	reactflow_delta.d0x_v2.asset_disposition.v2	PARSE_SUCCESS	2	2	NOT_RUN	0	NONE	NOT_APPLICABLE	VERIFIED_CC0_RMDB	RESOLVED	
421592452	MTTR13_MGTI_0001	MTTR13_MGTI_0001	MTTR13_MGTI_0001.rdat	9cca1732518913e981de444c72e49f90cb868479365d923c69dd28f4380f96e1	reactflow_delta.d0x_v2.asset_disposition.v2	PARSE_SUCCESS	8	8	NOT_RUN	0	NONE	NOT_APPLICABLE	VERIFIED_CC0_RMDB	RESOLVED	
421592453	MTTR14_DMS_0001	MTTR14_DMS_0001	MTTR14_DMS_0001.rdat	532150fd6ff081b4e635648eb8d39940808ca3df81097ec97941aefda2f7f60b	reactflow_delta.d0x_v2.asset_disposition.v2	PARSE_SUCCESS	2	2	NOT_RUN	0	NONE	NOT_APPLICABLE	VERIFIED_CC0_RMDB	RESOLVED	
421592454	MTTR14_MGTI_0001	MTTR14_MGTI_0001	MTTR14_MGTI_0001.rdat	057290d844764ba2054790e07563ce343fc14292a687525915879013661ec4d2	reactflow_delta.d0x_v2.asset_disposition.v2	PARSE_SUCCESS	32	32	NOT_RUN	0	NONE	NOT_APPLICABLE	VERIFIED_CC0_RMDB	RESOLVED	
421592456	MTTR15_DMS_0001	MTTR15_DMS_0001	MTTR15_DMS_0001.rdat	01aa2bfa4b3a34dde6fd1a4854bb14edcf6111ba375ec68dac775374c92bb8af	reactflow_delta.d0x_v2.asset_disposition.v2	PARSE_SUCCESS	2	2	NOT_RUN	0	NONE	NOT_APPLICABLE	VERIFIED_CC0_RMDB	RESOLVED	
421592460	MTTR15_MGTI_0001	MTTR15_MGTI_0001	MTTR15_MGTI_0001.rdat	1c79e0c4773de08c43a6bc8c1bd9f8534f459f8c88b1e907050c8e95356e3c55	reactflow_delta.d0x_v2.asset_disposition.v2	PARSE_SUCCESS	32	32	NOT_RUN	0	NONE	NOT_APPLICABLE	VERIFIED_CC0_RMDB	RESOLVED	
421592475	MTTR16_DMS_0001	MTTR16_DMS_0001	MTTR16_DMS_0001.rdat	f2bc71200dd2340345e90bf34497b54824939116d2381b8dd5494a6474156eb8	reactflow_delta.d0x_v2.asset_disposition.v2	PARSE_SUCCESS	2	2	NOT_RUN	0	NONE	NOT_APPLICABLE	VERIFIED_CC0_RMDB	RESOLVED	
421592474	MTTR16_MGTI_0001	MTTR16_MGTI_0001	MTTR16_MGTI_0001.rdat	774921bc2ff8329dc52742a32051cd64971ce6dcdaa37fccceea0738806fef12	reactflow_delta.d0x_v2.asset_disposition.v2	PARSE_SUCCESS	32	32	NOT_RUN	0	NONE	NOT_APPLICABLE	VERIFIED_CC0_RMDB	RESOLVED	
421592434	MTTR1_DMS_0001	MTTR1_DMS_0001	MTTR1_DMS_0001.rdat	7029d51cf9d318ec5b2357e38e87d57a468dff998ae8d8db072b0df6deebb3f5	reactflow_delta.d0x_v2.asset_disposition.v2	PARSE_SUCCESS	2	2	NOT_RUN	0	NONE	NOT_APPLICABLE	VERIFIED_CC0_RMDB	RESOLVED	
421592436	MTTR1_MGTI_0001	MTTR1_MGTI_0001	MTTR1_MGTI_0001.rdat	f786e36233bd3ef172137fee4fd57351a05526b11c4ece7837dff21a7cfd0d73	reactflow_delta.d0x_v2.asset_disposition.v2	PARSE_SUCCESS	32	32	NOT_RUN	0	NONE	NOT_APPLICABLE	VERIFIED_CC0_RMDB	RESOLVED	
421592477	MTTR2_DMS_0001	MTTR2_DMS_0001	MTTR2_DMS_0001.rdat	abfc1763f43e3945215d5213e1aa53792dfd33f011ecbf0a3886d50fb2965fac	reactflow_delta.d0x_v2.asset_disposition.v2	PARSE_SUCCESS	2	2	NOT_RUN	0	NONE	NOT_APPLICABLE	VERIFIED_CC0_RMDB	RESOLVED	
421592476	MTTR2_MGTI_0001	MTTR2_MGTI_0001	MTTR2_MGTI_0001.rdat	2f546d64f51017b6eb35c8ad939f7dfd494df8a6b201ab6920b35d398c63b844	reactflow_delta.d0x_v2.asset_disposition.v2	PARSE_SUCCESS	32	32	NOT_RUN	0	NONE	NOT_APPLICABLE	VERIFIED_CC0_RMDB	RESOLVED	
421592473	MTTR3_DMS_0001	MTTR3_DMS_0001	MTTR3_DMS_0001.rdat	5d19bac9e7f40a7f192629baff3f75739184758f2fa4a5fb12128a2aeb621799	reactflow_delta.d0x_v2.asset_disposition.v2	PARSE_SUCCESS	2	2	NOT_RUN	0	NONE	NOT_APPLICABLE	VERIFIED_CC0_RMDB	RESOLVED	
421592483	MTTR3_MGTI_0001	MTTR3_MGTI_0001	MTTR3_MGTI_0001.rdat	7ab82aac8775932ebb1cd9ab90747befd794abe0d88f56abe293efcaaa97eb1b	reactflow_delta.d0x_v2.asset_disposition.v2	PARSE_SUCCESS	8	8	NOT_RUN	0	NONE	NOT_APPLICABLE	VERIFIED_CC0_RMDB	RESOLVED	
421592484	MTTR4_DMS_0001	MTTR4_DMS_0001	MTTR4_DMS_0001.rdat	028c6dd383a4123b591622d87c6f2850e7643d481f725ac576035d939bf40600	reactflow_delta.d0x_v2.asset_disposition.v2	PARSE_SUCCESS	2	2	NOT_RUN	0	NONE	NOT_APPLICABLE	VERIFIED_CC0_RMDB	RESOLVED	
421592485	MTTR4_MGTI_0001	MTTR4_MGTI_0001	MTTR4_MGTI_0001.rdat	0acb81a0468f5e66e21a3730d9e2d783dccde96ee016eeb61f02db49afad5d2b	reactflow_delta.d0x_v2.asset_disposition.v2	PARSE_SUCCESS	8	8	NOT_RUN	0	NONE	NOT_APPLICABLE	VERIFIED_CC0_RMDB	RESOLVED	
421592493	MTTR5_DMS_0001	MTTR5_DMS_0001	MTTR5_DMS_0001.rdat	fffa2d956c39c3fc1bf09d16b1da8c281baf25bf48dfdb22da9bca309389de56	reactflow_delta.d0x_v2.asset_disposition.v2	PARSE_SUCCESS	2	2	NOT_RUN	0	NONE	NOT_APPLICABLE	VERIFIED_CC0_RMDB	RESOLVED	
421592496	MTTR5_MGTI_0001	MTTR5_MGTI_0001	MTTR5_MGTI_0001.rdat	76029ed9293e4ded4d320156c03c8eeca3af0275294fa5c33c9ad2c23b711f8d	reactflow_delta.d0x_v2.asset_disposition.v2	PARSE_SUCCESS	32	32	NOT_RUN	0	NONE	NOT_APPLICABLE	VERIFIED_CC0_RMDB	RESOLVED	
421592497	MTTR6_DMS_0001	MTTR6_DMS_0001	MTTR6_DMS_0001.rdat	4fff3689db29c39e5a195be453327f97992947e339cb3d8d8ff193219c6c2afd	reactflow_delta.d0x_v2.asset_disposition.v2	PARSE_SUCCESS	2	2	NOT_RUN	0	NONE	NOT_APPLICABLE	VERIFIED_CC0_RMDB	RESOLVED	
421592498	MTTR6_MGTI_0001	MTTR6_MGTI_0001	MTTR6_MGTI_0001.rdat	afd5e07f06a66613366aa3c6856d028a55640c2ef3f53acf85f74a12097b970b	reactflow_delta.d0x_v2.asset_disposition.v2	PARSE_SUCCESS	32	32	NOT_RUN	0	NONE	NOT_APPLICABLE	VERIFIED_CC0_RMDB	RESOLVED	
421592503	MTTR7_DMS_0001	MTTR7_DMS_0001	MTTR7_DMS_0001.rdat	3e954e7ec5efd215a85d506f7330409016d114a1488e48e643cc060d84a60ba1	reactflow_delta.d0x_v2.asset_disposition.v2	PARSE_SUCCESS	2	2	NOT_RUN	0	NONE	NOT_APPLICABLE	VERIFIED_CC0_RMDB	RESOLVED	
421592507	MTTR7_MGTI_0001	MTTR7_MGTI_0001	MTTR7_MGTI_0001.rdat	68162aa16cf3e5f9f8f1b29cbc5527b76bad3d0b3ec38010c8a43b1918083455	reactflow_delta.d0x_v2.asset_disposition.v2	PARSE_SUCCESS	32	32	NOT_RUN	0	NONE	NOT_APPLICABLE	VERIFIED_CC0_RMDB	RESOLVED	
421592508	MTTR8_DMS_0001	MTTR8_DMS_0001	MTTR8_DMS_0001.rdat	48d373b1e7c1a5f56739652b6246a8b92c6b7af521af46346c1adf3c20b7ae2e	reactflow_delta.d0x_v2.asset_disposition.v2	PARSE_SUCCESS	2	2	NOT_RUN	0	NONE	NOT_APPLICABLE	VERIFIED_CC0_RMDB	RESOLVED	
421592510	MTTR8_MGTI_0001	MTTR8_MGTI_0001	MTTR8_MGTI_0001.rdat	535d934e3f2776c3392470a747ac955bd351b3d1486fb94f848c789663cb1c12	reactflow_delta.d0x_v2.asset_disposition.v2	PARSE_SUCCESS	8	8	NOT_RUN	0	NONE	NOT_APPLICABLE	VERIFIED_CC0_RMDB	RESOLVED	
421592513	MTTR9_DMS_0001	MTTR9_DMS_0001	MTTR9_DMS_0001.rdat	54de72939ba95294a0a9ce57301390fed4aab07cfcbd6b7125ae36adab5ee2e9	reactflow_delta.d0x_v2.asset_disposition.v2	PARSE_SUCCESS	2	2	NOT_RUN	0	NONE	NOT_APPLICABLE	VERIFIED_CC0_RMDB	RESOLVED	
421592516	MTTR9_MGTI_0001	MTTR9_MGTI_0001	MTTR9_MGTI_0001.rdat	2fa50911c8831c162db42c39aa267a99f95da1f4757550aea2475e069471d62f	reactflow_delta.d0x_v2.asset_disposition.v2	PARSE_SUCCESS	32	32	NOT_RUN	0	NONE	NOT_APPLICABLE	VERIFIED_CC0_RMDB	RESOLVED	
421592517	NEIL1_DMS_0001	NEIL1_DMS_0001	NEIL1_DMS_0001.rdat	89a547742290ae07565e24b46eddbf1bb9052a8446815f89ec7dd62bfdc2b645	reactflow_delta.d0x_v2.asset_disposition.v2	PARSE_SUCCESS	272	272	NOT_RUN	0	NONE	NOT_APPLICABLE	VERIFIED_CC0_RMDB	RESOLVED	
421592519	NEIL1_DMS_0002	NEIL1_DMS_0002	NEIL1_DMS_0002.rdat	87007e075ca77298169f818be6d2c65c001e60882b473691ddcc2a28f5719c2e	reactflow_delta.d0x_v2.asset_disposition.v2	PARSE_SUCCESS	1	1	NOT_RUN	0	NONE	NOT_APPLICABLE	VERIFIED_CC0_RMDB	RESOLVED	
421592531	NEIL1_DMS_0003	NEIL1_DMS_0003	NEIL1_DMS_0003.rdat	aff278a372ffd9aa74d5ca64d11aed2ea67c003e0325ce05ee7cf09f9e25a8a5	reactflow_delta.d0x_v2.asset_disposition.v2	PARSE_SUCCESS	1	1	NOT_RUN	0	NONE	NOT_APPLICABLE	VERIFIED_CC0_RMDB	RESOLVED	
421592532	NEIL1_DMS_0004	NEIL1_DMS_0004	NEIL1_DMS_0004.rdat	b053a7dbb4f12a883d3efa40d681c5bdaf66ce3bdca59b3974d201d5fb3787e8	reactflow_delta.d0x_v2.asset_disposition.v2	PARSE_SUCCESS	1	1	NOT_RUN	0	NONE	NOT_APPLICABLE	VERIFIED_CC0_RMDB	RESOLVED	
421592533	NEIL1_DMS_0005	NEIL1_DMS_0005	NEIL1_DMS_0005.rdat	be32ba87ccc7fabbe4cf31dc404c5abe43f3f36ef180da454af744cd4bf7f532	reactflow_delta.d0x_v2.asset_disposition.v2	PARSE_SUCCESS	1	1	NOT_RUN	0	NONE	NOT_APPLICABLE	VERIFIED_CC0_RMDB	RESOLVED	
421592535	NEIL1_DMS_0006	NEIL1_DMS_0006	NEIL1_DMS_0006.rdat	f2289c8903f1f09435acdb39bccfb0d70cf0528bc27df0daed81502ce2197655	reactflow_delta.d0x_v2.asset_disposition.v2	PARSE_SUCCESS	1	1	NOT_RUN	0	NONE	NOT_APPLICABLE	VERIFIED_CC0_RMDB	RESOLVED	
421592537	NEIL1_DMS_0007	NEIL1_DMS_0007	NEIL1_DMS_0007.rdat	1015cccfc961e6cc6d5d0c0924380d163dbb7474f9a0c8090b1bf01c412fa703	reactflow_delta.d0x_v2.asset_disposition.v2	PARSE_SUCCESS	1	1	NOT_RUN	0	NONE	NOT_APPLICABLE	VERIFIED_CC0_RMDB	RESOLVED	
421592539	NEIL1_DMS_0008	NEIL1_DMS_0008	NEIL1_DMS_0008.rdat	bfe1a81277d6c3a19b55c9c1bcaa4186a37575dac63bb59196a3277702499aa0	reactflow_delta.d0x_v2.asset_disposition.v2	PARSE_SUCCESS	1	1	NOT_RUN	0	NONE	NOT_APPLICABLE	VERIFIED_CC0_RMDB	RESOLVED	
421592538	NEIL1_DMS_0009	NEIL1_DMS_0009	NEIL1_DMS_0009.rdat	f7fbff3b1a738ce564fb8cfd3c25ac4a59273c29aea8b5507e08a4d41c555086	reactflow_delta.d0x_v2.asset_disposition.v2	PARSE_SUCCESS	1	1	NOT_RUN	0	NONE	NOT_APPLICABLE	VERIFIED_CC0_RMDB	RESOLVED	
421592545	NEIL1_DMS_0010	NEIL1_DMS_0010	NEIL1_DMS_0010.rdat	56a9070c9e22441c057c3276670c9f9d93929382d7bd3f04923d26a05aefebff	reactflow_delta.d0x_v2.asset_disposition.v2	PARSE_SUCCESS	1	1	NOT_RUN	0	NONE	NOT_APPLICABLE	VERIFIED_CC0_RMDB	RESOLVED	
421592548	NEIL1_DMS_0011	NEIL1_DMS_0011	NEIL1_DMS_0011.rdat	163ffe3f72ae758befe66fb499c7ee40b9ea73676262b87cad2a994506097a35	reactflow_delta.d0x_v2.asset_disposition.v2	PARSE_SUCCESS	1	1	NOT_RUN	0	NONE	NOT_APPLICABLE	VERIFIED_CC0_RMDB	RESOLVED	
421592550	NEIL1_DMS_0012	NEIL1_DMS_0012	NEIL1_DMS_0012.rdat	4f062092c8b1e37b85f1161047a5b83f43343f68572f1a2fcd4fbd5e5c2ca370	reactflow_delta.d0x_v2.asset_disposition.v2	PARSE_SUCCESS	1	1	NOT_RUN	0	NONE	NOT_APPLICABLE	VERIFIED_CC0_RMDB	RESOLVED	
421592549	NEIL1_DMS_0013	NEIL1_DMS_0013	NEIL1_DMS_0013.rdat	11196c93756f29ae6505ab2949e713beefba77820fa02c35141d44f2f336c164	reactflow_delta.d0x_v2.asset_disposition.v2	PARSE_SUCCESS	1	1	NOT_RUN	0	NONE	NOT_APPLICABLE	VERIFIED_CC0_RMDB	RESOLVED	
421592551	NEIL1_DMS_0014	NEIL1_DMS_0014	NEIL1_DMS_0014.rdat	b85488f01261d4ceb4dfa608976cfff7a0f00adb4e6e5861212a4ab85a158e5f	reactflow_delta.d0x_v2.asset_disposition.v2	PARSE_SUCCESS	1	1	NOT_RUN	0	NONE	NOT_APPLICABLE	VERIFIED_CC0_RMDB	RESOLVED	
421592555	NEIL1_DMS_0015	NEIL1_DMS_0015	NEIL1_DMS_0015.rdat	8ace61d8a88152d29cdfdedba3d5444138459b814ca2c17b4fcb440a0529a7b9	reactflow_delta.d0x_v2.asset_disposition.v2	PARSE_SUCCESS	1	1	NOT_RUN	0	NONE	NOT_APPLICABLE	VERIFIED_CC0_RMDB	RESOLVED	
421592560	NEIL1_DMS_0016	NEIL1_DMS_0016	NEIL1_DMS_0016.rdat	b52161cc85f0883ba792d7a6639a7c181f8d7fd65415f926d61d0a2692d664c8	reactflow_delta.d0x_v2.asset_disposition.v2	PARSE_SUCCESS	1	1	NOT_RUN	0	NONE	NOT_APPLICABLE	VERIFIED_CC0_RMDB	RESOLVED	
421592559	NEIL1_DMS_0017	NEIL1_DMS_0017	NEIL1_DMS_0017.rdat	f3f3c0b32e3e0c4ce8cfe511ec07ad20aee1bd54e6e1a20190ce45c69938caeb	reactflow_delta.d0x_v2.asset_disposition.v2	PARSE_SUCCESS	1	1	NOT_RUN	0	NONE	NOT_APPLICABLE	VERIFIED_CC0_RMDB	RESOLVED	
421592562	NEIL1_DMS_0018	NEIL1_DMS_0018	NEIL1_DMS_0018.rdat	ba7bd1da2071cc0f7fc0cf8b11a4f9d66accb8e499972512cf96eaa281f64e6b	reactflow_delta.d0x_v2.asset_disposition.v2	PARSE_SUCCESS	1	1	NOT_RUN	0	NONE	NOT_APPLICABLE	VERIFIED_CC0_RMDB	RESOLVED	
421592561	NEIL1_DMS_0019	NEIL1_DMS_0019	NEIL1_DMS_0019.rdat	88a891d316d6e953663daf0e0d66d68f9283369d720c8f3e6a1590dd269d22d6	reactflow_delta.d0x_v2.asset_disposition.v2	PARSE_SUCCESS	1	1	NOT_RUN	0	NONE	NOT_APPLICABLE	VERIFIED_CC0_RMDB	RESOLVED	
421592564	NEIL1_DMS_0020	NEIL1_DMS_0020	NEIL1_DMS_0020.rdat	1e47205a65cc86ebb241286f4d557cbcaefec4365c052caefe654a495777449e	reactflow_delta.d0x_v2.asset_disposition.v2	PARSE_SUCCESS	1	1	NOT_RUN	0	NONE	NOT_APPLICABLE	VERIFIED_CC0_RMDB	RESOLVED	
421592570	NEIL1_DMS_0021	NEIL1_DMS_0021	NEIL1_DMS_0021.rdat	b1fc24c6f2a183e83f1f69b0dd2838fc618297f8cd4569401c34069031cf00b2	reactflow_delta.d0x_v2.asset_disposition.v2	PARSE_SUCCESS	1	1	NOT_RUN	0	NONE	NOT_APPLICABLE	VERIFIED_CC0_RMDB	RESOLVED	
421580437	NICORS_2A3_0000	NICORS_2A3_0000	NICORS_2A3_0000.rdat	880bfd206f82e626d2b28d829d23c69653a0437162bc21190c6d1729d532bc85	reactflow_delta.d0x_v2.asset_disposition.v2	PARSE_SUCCESS	2	2	NOT_RUN	0	NONE	NOT_APPLICABLE	VERIFIED_CC0_RMDB	RESOLVED	
421580440	NICORS_DMS_0000	NICORS_DMS_0000	NICORS_DMS_0000.rdat	5cbecd444879327497c2488c178ed19d884f0b621f4416c123b29f1cda23f663	reactflow_delta.d0x_v2.asset_disposition.v2	PARSE_SUCCESS	2	2	NOT_RUN	0	NONE	NOT_APPLICABLE	VERIFIED_CC0_RMDB	RESOLVED	
421582272	NOMOD_FSE_0507	NOMOD_FSE_0507	NOMOD_FSE_0507.rdat	d232cd5aca4613d947288b283f92185f2ee3d529f3c60a6d929233607d83956c	reactflow_delta.d0x_v2.asset_disposition.v2	PARSE_FAIL_ANNOTATION_MISSING_SEPARATOR	144	144	NOT_RUN	0	PARSE_FAIL_ANNOTATION_MISSING_SEPARATOR	RECOVERABLE	VERIFIED_CC0_RMDB	RESOLVED	parse_fail:PARSE_FAIL_ANNOTATION_MISSING_SEPARATOR
421592569	NPFUS1_1M7_0001	NPFUS1_1M7_0001	NPFUS1_1M7_0001.rdat	c64c021f4b0e0479df389886abf8ff77778fcddf348c15095e42164076b3f06f	reactflow_delta.d0x_v2.asset_disposition.v2	PARSE_FAIL_MISSING_REACTIVITY_ROWS	3	3	NOT_RUN	0	PARSE_FAIL_MISSING_REACTIVITY_ROWS	RECOVERABLE	VERIFIED_CC0_RMDB	RESOLVED	parse_fail:PARSE_FAIL_MISSING_REACTIVITY_ROWS
421592571	NPFUS2_1M7_0001	NPFUS2_1M7_0001	NPFUS2_1M7_0001.rdat	1fa4c02be8d2c08ef98fc6ac2d976c82d8f9bd2051938a584b6627aa82fa1b2b	reactflow_delta.d0x_v2.asset_disposition.v2	PARSE_FAIL_MISSING_REACTIVITY_ROWS	3	3	NOT_RUN	0	PARSE_FAIL_MISSING_REACTIVITY_ROWS	RECOVERABLE	VERIFIED_CC0_RMDB	RESOLVED	parse_fail:PARSE_FAIL_MISSING_REACTIVITY_ROWS
421592572	NPFUS3_1M7_0001	NPFUS3_1M7_0001	NPFUS3_1M7_0001.rdat	c1be18d91ebf33b7f8378c6e3447990c5144df2766712e912de5b281e8bc5a83	reactflow_delta.d0x_v2.asset_disposition.v2	PARSE_FAIL_MISSING_REACTIVITY_ROWS	3	3	NOT_RUN	0	PARSE_FAIL_MISSING_REACTIVITY_ROWS	RECOVERABLE	VERIFIED_CC0_RMDB	RESOLVED	parse_fail:PARSE_FAIL_MISSING_REACTIVITY_ROWS
421592574	NPFUS4_1M7_0001	NPFUS4_1M7_0001	NPFUS4_1M7_0001.rdat	81290e9010451acda0a2c9a667396fb79273ab258f3f360618466b33f1b652a4	reactflow_delta.d0x_v2.asset_disposition.v2	PARSE_FAIL_MISSING_REACTIVITY_ROWS	3	3	NOT_RUN	0	PARSE_FAIL_MISSING_REACTIVITY_ROWS	RECOVERABLE	VERIFIED_CC0_RMDB	RESOLVED	parse_fail:PARSE_FAIL_MISSING_REACTIVITY_ROWS
421574350	OK1LIB_2A3_0000	OK1LIB_2A3_0000	OK1LIB_2A3_0000.rdat	7ee6f4b3aa0f21eaf2ffc78a7d9ef5dae0feb3cca8a647c8ec3f79e3e46ffc5f	reactflow_delta.d0x_v2.asset_disposition.v2	PARSE_SUCCESS	82172	82172	NOT_RUN	0	NONE	NOT_APPLICABLE	VERIFIED_CC0_RMDB	UNRESOLVED_PUBLICATION	
421574349	OK1LIB_DMS_0000	OK1LIB_DMS_0000	OK1LIB_DMS_0000.rdat	24f7adb9dd9dfac243ea6581a376bad41cf74c981165ecf332114e52da59b31c	reactflow_delta.d0x_v2.asset_disposition.v2	PARSE_SUCCESS	82172	82172	NOT_RUN	0	NONE	NOT_APPLICABLE	VERIFIED_CC0_RMDB	UNRESOLVED_PUBLICATION	
421574352	OK2TRN_2A3_0000	OK2TRN_2A3_0000	OK2TRN_2A3_0000.rdat	3389dd3e086787be6b9492376250a9050663814e7bd274d01ca617e13d325a56	reactflow_delta.d0x_v2.asset_disposition.v2	PARSE_SUCCESS	125123	125123	NOT_RUN	0	NONE	NOT_APPLICABLE	VERIFIED_CC0_RMDB	UNRESOLVED_PUBLICATION	
421574353	OK2TRN_DMS_0000	OK2TRN_DMS_0000	OK2TRN_DMS_0000.rdat	26b3f56daede90b3481c341772bdb908b65bbe95f62a2e5b086b8a25834d60e0	reactflow_delta.d0x_v2.asset_disposition.v2	PARSE_SUCCESS	125123	125123	NOT_RUN	0	NONE	NOT_APPLICABLE	VERIFIED_CC0_RMDB	UNRESOLVED_PUBLICATION	
421574359	OK2TST_2A3_0000	OK2TST_2A3_0000	OK2TST_2A3_0000.rdat	da4d380decf1637814d21c952c6453fa444e34daad19fa1d549834fb51d29c63	reactflow_delta.d0x_v2.asset_disposition.v2	PARSE_SUCCESS	125293	125293	NOT_RUN	0	NONE	NOT_APPLICABLE	VERIFIED_CC0_RMDB	UNRESOLVED_PUBLICATION	
421575695	OK2TST_DMS_0000	OK2TST_DMS_0000	OK2TST_DMS_0000.rdat	b36ecc99dd804f419027e266362436e0d3c595b151864153889a80ab5bc0adc2	reactflow_delta.d0x_v2.asset_disposition.v2	PARSE_SUCCESS	125293	125293	NOT_RUN	0	NONE	NOT_APPLICABLE	VERIFIED_CC0_RMDB	UNRESOLVED_PUBLICATION	
421577273	OK3TST_2A3_0000	OK3TST_2A3_0000	OK3TST_2A3_0000.rdat	b2c7ea793843c22e8cce218660c6c5d6030fa774683b2aab653873430b36d84c	reactflow_delta.d0x_v2.asset_disposition.v2	PARSE_SUCCESS	70000	70000	NOT_RUN	0	NONE	NOT_APPLICABLE	VERIFIED_CC0_RMDB	UNRESOLVED_PUBLICATION	
421577313	OK3TST_2A3_0001	OK3TST_2A3_0001	OK3TST_2A3_0001.rdat	d81247b2d8686326474ccae5dce8ac9a80b5c82587e607d17d96b7730819ca1e	reactflow_delta.d0x_v2.asset_disposition.v2	PARSE_SUCCESS	70000	70000	NOT_RUN	0	NONE	NOT_APPLICABLE	VERIFIED_CC0_RMDB	UNRESOLVED_PUBLICATION	
421578172	OK3TST_2A3_0002	OK3TST_2A3_0002	OK3TST_2A3_0002.rdat	e5ec41adcc132cef89abdf375b542393345c222a5de7f6064786c9f31b5d6224	reactflow_delta.d0x_v2.asset_disposition.v2	PARSE_SUCCESS	70000	70000	NOT_RUN	0	NONE	NOT_APPLICABLE	VERIFIED_CC0_RMDB	UNRESOLVED_PUBLICATION	
421578551	OK3TST_2A3_0003	OK3TST_2A3_0003	OK3TST_2A3_0003.rdat	9b397cfa7d03d0b8053c856de0dab81c0014763f1f233e7b382b2387b4b6f85e	reactflow_delta.d0x_v2.asset_disposition.v2	PARSE_SUCCESS	70000	70000	NOT_RUN	0	NONE	NOT_APPLICABLE	VERIFIED_CC0_RMDB	UNRESOLVED_PUBLICATION	
421578556	OK3TST_2A3_0004	OK3TST_2A3_0004	OK3TST_2A3_0004.rdat	43fac021e1d910b3e67a626505716fb8fd01483236494dcbbffcc58c84ddef8f	reactflow_delta.d0x_v2.asset_disposition.v2	PARSE_SUCCESS	66397	66397	NOT_RUN	0	NONE	NOT_APPLICABLE	VERIFIED_CC0_RMDB	UNRESOLVED_PUBLICATION	
421578968	OK3TST_DMS_0000	OK3TST_DMS_0000	OK3TST_DMS_0000.rdat	e55c94c2059f909a8f80540bd43367619367be570bf1a3100245f1f59f03ec0d	reactflow_delta.d0x_v2.asset_disposition.v2	PARSE_SUCCESS	70000	70000	NOT_RUN	0	NONE	NOT_APPLICABLE	VERIFIED_CC0_RMDB	UNRESOLVED_PUBLICATION	
421578970	OK3TST_DMS_0001	OK3TST_DMS_0001	OK3TST_DMS_0001.rdat	da469027e78f8f88f5b67725336e0d5acaa439ab16c2cc0ea31d6971abc40255	reactflow_delta.d0x_v2.asset_disposition.v2	PARSE_SUCCESS	70000	70000	NOT_RUN	0	NONE	NOT_APPLICABLE	VERIFIED_CC0_RMDB	UNRESOLVED_PUBLICATION	
421579010	OK3TST_DMS_0002	OK3TST_DMS_0002	OK3TST_DMS_0002.rdat	210028e8b5801f422d7d49b5876da19aa548ecae7e298b00c067b1d414ab857e	reactflow_delta.d0x_v2.asset_disposition.v2	PARSE_SUCCESS	70000	70000	NOT_RUN	0	NONE	NOT_APPLICABLE	VERIFIED_CC0_RMDB	UNRESOLVED_PUBLICATION	
421579329	OK3TST_DMS_0003	OK3TST_DMS_0003	OK3TST_DMS_0003.rdat	2e58309bac210a69e4edd08351bc4f5424a29043521d41ecbfe4926ab8cd6677	reactflow_delta.d0x_v2.asset_disposition.v2	PARSE_SUCCESS	70000	70000	NOT_RUN	0	NONE	NOT_APPLICABLE	VERIFIED_CC0_RMDB	UNRESOLVED_PUBLICATION	
421579385	OK3TST_DMS_0004	OK3TST_DMS_0004	OK3TST_DMS_0004.rdat	9e8eaa38e0b2fbb3648bd1a52c777394ebf07501af0e085be6199264463664e6	reactflow_delta.d0x_v2.asset_disposition.v2	PARSE_SUCCESS	66397	66397	NOT_RUN	0	NONE	NOT_APPLICABLE	VERIFIED_CC0_RMDB	UNRESOLVED_PUBLICATION	
421579692	OK45LIB_2A3_0000	OK45LIB_2A3_0000	OK45LIB_2A3_0000.rdat	f27402f50f754e72f65dde85a96911c4efcba20d9f5d66d6bd4a28ed9f215321	reactflow_delta.d0x_v2.asset_disposition.v2	PARSE_FAIL_ANNOTATION_MISSING_SEPARATOR	9142	9142	NOT_RUN	0	PARSE_FAIL_ANNOTATION_MISSING_SEPARATOR	RECOVERABLE	VERIFIED_CC0_RMDB	UNRESOLVED_PUBLICATION	parse_fail:PARSE_FAIL_ANNOTATION_MISSING_SEPARATOR
421579707	OK6LIB_2A3_0000	OK6LIB_2A3_0000	OK6LIB_2A3_0000.rdat	a53e6b672808f88e76ebda3ea836d8770ca53ba4a896a1ea557748a9a377701b	reactflow_delta.d0x_v2.asset_disposition.v2	PARSE_FAIL_ANNOTATION_MISSING_SEPARATOR	9509	9509	NOT_RUN	0	PARSE_FAIL_ANNOTATION_MISSING_SEPARATOR	RECOVERABLE	VERIFIED_CC0_RMDB	UNRESOLVED_PUBLICATION	parse_fail:PARSE_FAIL_ANNOTATION_MISSING_SEPARATOR
421579714	OK7ALIB_2A3_0000	OK7ALIB_2A3_0000	OK7ALIB_2A3_0000.rdat	4eef6dd02ad6d49f74f2e5be2fc939bd4c5121cafdf22ba3a160d162c3794940	reactflow_delta.d0x_v2.asset_disposition.v2	PARSE_FAIL_ANNOTATION_MISSING_SEPARATOR	7807	7807	NOT_RUN	0	PARSE_FAIL_ANNOTATION_MISSING_SEPARATOR	RECOVERABLE	VERIFIED_CC0_RMDB	UNRESOLVED_PUBLICATION	parse_fail:PARSE_FAIL_ANNOTATION_MISSING_SEPARATOR
421579813	OK7BLIB_2A3_0000	OK7BLIB_2A3_0000	OK7BLIB_2A3_0000.rdat	756b59ab4b0ba7881d8c82f474af23f07c5a687cdee9016883e0e0cbf065f09f	reactflow_delta.d0x_v2.asset_disposition.v2	PARSE_FAIL_ANNOTATION_MISSING_SEPARATOR	4932	4932	NOT_RUN	0	PARSE_FAIL_ANNOTATION_MISSING_SEPARATOR	RECOVERABLE	VERIFIED_CC0_RMDB	UNRESOLVED_PUBLICATION	parse_fail:PARSE_FAIL_ANNOTATION_MISSING_SEPARATOR
421579825	OK7BLIB_2A3_0001	OK7BLIB_2A3_0001	OK7BLIB_2A3_0001.rdat	9ea771a83011de05d866cb11e822ebf258e88d5892b3c54099fd4205b6f826c6	reactflow_delta.d0x_v2.asset_disposition.v2	PARSE_FAIL_ANNOTATION_MISSING_SEPARATOR	1068	1068	NOT_RUN	0	PARSE_FAIL_ANNOTATION_MISSING_SEPARATOR	RECOVERABLE	VERIFIED_CC0_RMDB	UNRESOLVED_PUBLICATION	parse_fail:PARSE_FAIL_ANNOTATION_MISSING_SEPARATOR
421592577	P4P61_MGTI_0001	P4P61_MGTI_0001	P4P61_MGTI_0001.rdat	c7c4d09f67faef1639e7766574b3db3814b6d14e5043853f2b8aa6963c8db9d8	reactflow_delta.d0x_v2.asset_disposition.v2	PARSE_SUCCESS	7	7	NOT_RUN	0	NONE	NOT_APPLICABLE	VERIFIED_CC0_RMDB	RESOLVED	
421592578	P50LIB_2A3_0000	P50LIB_2A3_0000	P50LIB_2A3_0000.rdat	c0badc281b36ddf5b53eaa3b6169c29ff535a729bd1c5ccb052a7ce73689da9c	reactflow_delta.d0x_v2.asset_disposition.v2	PARSE_SUCCESS	2729	2729	NOT_RUN	0	NONE	NOT_APPLICABLE	VERIFIED_CC0_RMDB	UNRESOLVED_PUBLICATION	
421592582	P50LIB_2A3_0001	P50LIB_2A3_0001	P50LIB_2A3_0001.rdat	637c28b7ad4b35c8927ccde1065bac097ab920f0d8d33904791fb898b7bf5908	reactflow_delta.d0x_v2.asset_disposition.v2	PARSE_SUCCESS	2729	2729	NOT_RUN	0	NONE	NOT_APPLICABLE	VERIFIED_CC0_RMDB	UNRESOLVED_PUBLICATION	
421592584	P50LIB_2A3_0002	P50LIB_2A3_0002	P50LIB_2A3_0002.rdat	b738af8d60cf29d2f792bd414c79f2a9b1eeca48f1d9a0b5bb6652a9274eec6a	reactflow_delta.d0x_v2.asset_disposition.v2	PARSE_SUCCESS	2729	2729	NOT_RUN	0	NONE	NOT_APPLICABLE	VERIFIED_CC0_RMDB	UNRESOLVED_PUBLICATION	
421592583	P50LIB_2A3_0003	P50LIB_2A3_0003	P50LIB_2A3_0003.rdat	625a7abebcec2e1985305f05ab7ae75fadda1974d4a60b1bace571045cd02269	reactflow_delta.d0x_v2.asset_disposition.v2	PARSE_SUCCESS	2729	2729	NOT_RUN	0	NONE	NOT_APPLICABLE	VERIFIED_CC0_RMDB	UNRESOLVED_PUBLICATION	
421592589	P50LIB_DMS_0000	P50LIB_DMS_0000	P50LIB_DMS_0000.rdat	3cbba01ad52313f394a96ab887c55d86f2aa81f54042154a294768b4ed55fc31	reactflow_delta.d0x_v2.asset_disposition.v2	PARSE_SUCCESS	2729	2729	NOT_RUN	0	NONE	NOT_APPLICABLE	VERIFIED_CC0_RMDB	UNRESOLVED_PUBLICATION	
421592600	P50LIB_DMS_0001	P50LIB_DMS_0001	P50LIB_DMS_0001.rdat	b4a19e963db0270a3c148fcfd4b40fca9cc5dfbe6acd72484547915415cc0a5f	reactflow_delta.d0x_v2.asset_disposition.v2	PARSE_SUCCESS	2729	2729	NOT_RUN	0	NONE	NOT_APPLICABLE	VERIFIED_CC0_RMDB	UNRESOLVED_PUBLICATION	
421592730	P50LIB_DMS_0002	P50LIB_DMS_0002	P50LIB_DMS_0002.rdat	7c143c6d3300498baeb0753ef16e256e0f6cac4d3cb3d4cbfa60df320ace4eda	reactflow_delta.d0x_v2.asset_disposition.v2	PARSE_SUCCESS	2729	2729	NOT_RUN	0	NONE	NOT_APPLICABLE	VERIFIED_CC0_RMDB	UNRESOLVED_PUBLICATION	
421592728	P50LIB_DMS_0003	P50LIB_DMS_0003	P50LIB_DMS_0003.rdat	da466ecb0f684f760241ce91ea2742294b0dff651de3edcdc212a0a186fb077c	reactflow_delta.d0x_v2.asset_disposition.v2	PARSE_SUCCESS	2729	2729	NOT_RUN	0	NONE	NOT_APPLICABLE	VERIFIED_CC0_RMDB	UNRESOLVED_PUBLICATION	
421592727	P90LIB_2A3_0000	P90LIB_2A3_0000	P90LIB_2A3_0000.rdat	0ef537fcf0f901adc54bdfcdf948cb24f93a2fd3b747e5c0124c5dad3564e47f	reactflow_delta.d0x_v2.asset_disposition.v2	PARSE_SUCCESS	2173	2173	NOT_RUN	0	NONE	NOT_APPLICABLE	VERIFIED_CC0_RMDB	UNRESOLVED_PUBLICATION	
421592729	P90LIB_2A3_0001	P90LIB_2A3_0001	P90LIB_2A3_0001.rdat	72e80df3c58b9336a9248cf50fafb41bba7b6ce14f59adaa795cde26249d9d72	reactflow_delta.d0x_v2.asset_disposition.v2	PARSE_SUCCESS	2173	2173	NOT_RUN	0	NONE	NOT_APPLICABLE	VERIFIED_CC0_RMDB	UNRESOLVED_PUBLICATION	
421592731	P90LIB_2A3_0002	P90LIB_2A3_0002	P90LIB_2A3_0002.rdat	4c0e65d331f80743ee74a1c7bc670562568af078b8146b96e5a13316d3fd63a2	reactflow_delta.d0x_v2.asset_disposition.v2	PARSE_SUCCESS	2173	2173	NOT_RUN	0	NONE	NOT_APPLICABLE	VERIFIED_CC0_RMDB	UNRESOLVED_PUBLICATION	
421592745	P90LIB_DMS_0000	P90LIB_DMS_0000	P90LIB_DMS_0000.rdat	b407f41cbdd8f1504228a6a6568b521259bb27fcf8b25742281f2b9f48fa4bd9	reactflow_delta.d0x_v2.asset_disposition.v2	PARSE_SUCCESS	2173	2173	NOT_RUN	0	NONE	NOT_APPLICABLE	VERIFIED_CC0_RMDB	UNRESOLVED_PUBLICATION	
421592757	P90LIB_DMS_0001	P90LIB_DMS_0001	P90LIB_DMS_0001.rdat	0a099d2dfbe529e185152e4ca1dd8ed3824b959a01eba9d5e9cd3c73abd1d4fa	reactflow_delta.d0x_v2.asset_disposition.v2	PARSE_SUCCESS	2173	2173	NOT_RUN	0	NONE	NOT_APPLICABLE	VERIFIED_CC0_RMDB	UNRESOLVED_PUBLICATION	
421592758	P90LIB_DMS_0002	P90LIB_DMS_0002	P90LIB_DMS_0002.rdat	cf99e18b4119b166d1f79612f5c5bcd7fcc1a17c1197206a834fe8d0ee84ceab	reactflow_delta.d0x_v2.asset_disposition.v2	PARSE_SUCCESS	2173	2173	NOT_RUN	0	NONE	NOT_APPLICABLE	VERIFIED_CC0_RMDB	UNRESOLVED_PUBLICATION	
421582267	PDB130_2A3_0000	PDB130_2A3_0000	PDB130_2A3_0000.rdat	47506e52d676388d97ed9b21c33a40ecadbb38bffbff72c43cd790389a19de3c	reactflow_delta.d0x_v2.asset_disposition.v2	PARSE_SUCCESS	16319	16319	NOT_RUN	0	NONE	NOT_APPLICABLE	VERIFIED_CC0_RMDB	UNRESOLVED_PUBLICATION	
421582279	PDB130_DMS_0000	PDB130_DMS_0000	PDB130_DMS_0000.rdat	3e1c6e1881e8b5c65577d1138b909dd4855715f9c82db35c63180b9943a0885e	reactflow_delta.d0x_v2.asset_disposition.v2	PARSE_SUCCESS	16319	16319	NOT_RUN	0	NONE	NOT_APPLICABLE	VERIFIED_CC0_RMDB	UNRESOLVED_PUBLICATION	
421580455	PFLZTPS_BZCN_0001	PFLZTPS_BZCN_0001	PFLZTPS_BZCN_0001.rdat	892bffe5f0778d8c4f7ca19107847b7c844e4f149b15dd7830e47671840411b9	reactflow_delta.d0x_v2.asset_disposition.v2	PARSE_FAIL_MISSING_REACTIVITY_ROWS	1	1	NOT_RUN	0	PARSE_FAIL_MISSING_REACTIVITY_ROWS	RECOVERABLE	VERIFIED_CC0_RMDB	UNRESOLVED_PUBLICATION	parse_fail:PARSE_FAIL_MISSING_REACTIVITY_ROWS
421580456	PFLZTPS_BZCN_0002	PFLZTPS_BZCN_0002	PFLZTPS_BZCN_0002.rdat	291029da9372d833b7f69018224c17932bc963d9dd94dfad05c7233836649928	reactflow_delta.d0x_v2.asset_disposition.v2	PARSE_FAIL_MISSING_REACTIVITY_ROWS	1	1	NOT_RUN	0	PARSE_FAIL_MISSING_REACTIVITY_ROWS	RECOVERABLE	VERIFIED_CC0_RMDB	UNRESOLVED_PUBLICATION	parse_fail:PARSE_FAIL_MISSING_REACTIVITY_ROWS
421580457	PFLZTPS_BZCN_0003	PFLZTPS_BZCN_0003	PFLZTPS_BZCN_0003.rdat	c92c052a2dc270a7566ec58db962f3e13371223deb5d218046f20686fbf05cf7	reactflow_delta.d0x_v2.asset_disposition.v2	PARSE_FAIL_MISSING_REACTIVITY_ROWS	1	1	NOT_RUN	0	PARSE_FAIL_MISSING_REACTIVITY_ROWS	RECOVERABLE	VERIFIED_CC0_RMDB	UNRESOLVED_PUBLICATION	parse_fail:PARSE_FAIL_MISSING_REACTIVITY_ROWS
421580459	PFLZTPS_BZCN_0004	PFLZTPS_BZCN_0004	PFLZTPS_BZCN_0004.rdat	9af5d3a56998e39c607407a0e092e0349fcdda55bdce1c1e7aae2674b159f28a	reactflow_delta.d0x_v2.asset_disposition.v2	PARSE_FAIL_MISSING_REACTIVITY_ROWS	1	1	NOT_RUN	0	PARSE_FAIL_MISSING_REACTIVITY_ROWS	RECOVERABLE	VERIFIED_CC0_RMDB	UNRESOLVED_PUBLICATION	parse_fail:PARSE_FAIL_MISSING_REACTIVITY_ROWS
421580465	PFLZTPS_BZCN_0005	PFLZTPS_BZCN_0005	PFLZTPS_BZCN_0005.rdat	10fc965733a68b04b34bcc818f52fa788a98d46e3d9da9ae4dc1bdf168418b66	reactflow_delta.d0x_v2.asset_disposition.v2	PARSE_FAIL_MISSING_REACTIVITY_ROWS	1	1	NOT_RUN	0	PARSE_FAIL_MISSING_REACTIVITY_ROWS	RECOVERABLE	VERIFIED_CC0_RMDB	UNRESOLVED_PUBLICATION	parse_fail:PARSE_FAIL_MISSING_REACTIVITY_ROWS
421580467	PFLZTPS_BZCN_0006	PFLZTPS_BZCN_0006	PFLZTPS_BZCN_0006.rdat	dcc4afd818d81855af144fcf018df79949f350bff00b1cfd979cdc57ae9a9663	reactflow_delta.d0x_v2.asset_disposition.v2	PARSE_FAIL_MISSING_REACTIVITY_ROWS	1	1	NOT_RUN	0	PARSE_FAIL_MISSING_REACTIVITY_ROWS	RECOVERABLE	VERIFIED_CC0_RMDB	UNRESOLVED_PUBLICATION	parse_fail:PARSE_FAIL_MISSING_REACTIVITY_ROWS
421580469	PFLZTPS_BZCN_0007	PFLZTPS_BZCN_0007	PFLZTPS_BZCN_0007.rdat	10f5f7abc4bae70e839e60146c92e35bbcdeb07d0581bca70b62365fc096257f	reactflow_delta.d0x_v2.asset_disposition.v2	PARSE_FAIL_MISSING_REACTIVITY_ROWS	1	1	NOT_RUN	0	PARSE_FAIL_MISSING_REACTIVITY_ROWS	RECOVERABLE	VERIFIED_CC0_RMDB	UNRESOLVED_PUBLICATION	parse_fail:PARSE_FAIL_MISSING_REACTIVITY_ROWS
421580468	PFLZTPS_BZCN_0008	PFLZTPS_BZCN_0008	PFLZTPS_BZCN_0008.rdat	72ec11c09105a071477c634c092269400d1c19ac89509e513d398eec776e241b	reactflow_delta.d0x_v2.asset_disposition.v2	PARSE_FAIL_MISSING_REACTIVITY_ROWS	1	1	NOT_RUN	0	PARSE_FAIL_MISSING_REACTIVITY_ROWS	RECOVERABLE	VERIFIED_CC0_RMDB	UNRESOLVED_PUBLICATION	parse_fail:PARSE_FAIL_MISSING_REACTIVITY_ROWS
421580442	PFLZTP_BZCN_0001	PFLZTP_BZCN_0001	PFLZTP_BZCN_0001.rdat	0bc8d6405931f24abd03c66befb5239eb30e23555ea5c2a0d14ef32b60b6bcaf	reactflow_delta.d0x_v2.asset_disposition.v2	PARSE_FAIL_MISSING_REACTIVITY_ROWS	1	1	NOT_RUN	153	LENGTH_MISMATCH	RECOVERABLE	VERIFIED_CC0_RMDB	UNRESOLVED_PUBLICATION	parse_fail:PARSE_FAIL_MISSING_REACTIVITY_ROWS; 153 LENGTH_MISMATCH profile rows
421580443	PFLZTP_BZCN_0002	PFLZTP_BZCN_0002	PFLZTP_BZCN_0002.rdat	5cfe734e2cb2916a044f182d4da6abf60df2941f20e93a5483e56dde262d51a4	reactflow_delta.d0x_v2.asset_disposition.v2	PARSE_FAIL_MISSING_REACTIVITY_ROWS	1	1	NOT_RUN	153	LENGTH_MISMATCH	RECOVERABLE	VERIFIED_CC0_RMDB	UNRESOLVED_PUBLICATION	parse_fail:PARSE_FAIL_MISSING_REACTIVITY_ROWS; 153 LENGTH_MISMATCH profile rows
421580444	PFLZTP_BZCN_0003	PFLZTP_BZCN_0003	PFLZTP_BZCN_0003.rdat	803118da11c743bdb0772a73937c59163791ae68a4f65c9df124f9e51abfe194	reactflow_delta.d0x_v2.asset_disposition.v2	PARSE_FAIL_MISSING_REACTIVITY_ROWS	2	2	NOT_RUN	4	LENGTH_MISMATCH	RECOVERABLE	VERIFIED_CC0_RMDB	UNRESOLVED_PUBLICATION	parse_fail:PARSE_FAIL_MISSING_REACTIVITY_ROWS; 4 LENGTH_MISMATCH profile rows
421580446	PFLZTP_BZCN_0004	PFLZTP_BZCN_0004	PFLZTP_BZCN_0004.rdat	b957f9bfd89da91d17a2d3d29662e99c30127e1068f6daa6fe3be3f82e0e73bc	reactflow_delta.d0x_v2.asset_disposition.v2	PARSE_FAIL_MISSING_REACTIVITY_ROWS	2	2	NOT_RUN	4	LENGTH_MISMATCH	RECOVERABLE	VERIFIED_CC0_RMDB	UNRESOLVED_PUBLICATION	parse_fail:PARSE_FAIL_MISSING_REACTIVITY_ROWS; 4 LENGTH_MISMATCH profile rows
421580447	PFLZTP_BZCN_0005	PFLZTP_BZCN_0005	PFLZTP_BZCN_0005.rdat	585a453861e7771d4c4d9f30767e8c80c7f3783da3b569701dd5d45d93bb8cad	reactflow_delta.d0x_v2.asset_disposition.v2	PARSE_FAIL_MISSING_REACTIVITY_ROWS	2	2	NOT_RUN	4	LENGTH_MISMATCH	RECOVERABLE	VERIFIED_CC0_RMDB	UNRESOLVED_PUBLICATION	parse_fail:PARSE_FAIL_MISSING_REACTIVITY_ROWS; 4 LENGTH_MISMATCH profile rows
421580449	PFLZTP_BZCN_0006	PFLZTP_BZCN_0006	PFLZTP_BZCN_0006.rdat	38875647444765303a15e7d35d5d5a60ff8d370b9e54a76abe1dbc22d0924e6c	reactflow_delta.d0x_v2.asset_disposition.v2	PARSE_FAIL_MISSING_REACTIVITY_ROWS	2	2	NOT_RUN	4	LENGTH_MISMATCH	RECOVERABLE	VERIFIED_CC0_RMDB	UNRESOLVED_PUBLICATION	parse_fail:PARSE_FAIL_MISSING_REACTIVITY_ROWS; 4 LENGTH_MISMATCH profile rows
421580448	PFLZTP_BZCN_0007	PFLZTP_BZCN_0007	PFLZTP_BZCN_0007.rdat	d00a5bfe87d82b2e6926bcb6fb0bac926274f897e3042300ef1e1aa9748011ae	reactflow_delta.d0x_v2.asset_disposition.v2	PARSE_FAIL_MISSING_REACTIVITY_ROWS	2	2	NOT_RUN	4	LENGTH_MISMATCH	RECOVERABLE	VERIFIED_CC0_RMDB	UNRESOLVED_PUBLICATION	parse_fail:PARSE_FAIL_MISSING_REACTIVITY_ROWS; 4 LENGTH_MISMATCH profile rows
421580451	PFLZTP_BZCN_0008	PFLZTP_BZCN_0008	PFLZTP_BZCN_0008.rdat	cdce74b512fab317c6386ef2a774cd8e06816b30b66da872b82a6478e533e8f0	reactflow_delta.d0x_v2.asset_disposition.v2	PARSE_FAIL_MISSING_REACTIVITY_ROWS	2	2	NOT_RUN	4	LENGTH_MISMATCH	RECOVERABLE	VERIFIED_CC0_RMDB	UNRESOLVED_PUBLICATION	parse_fail:PARSE_FAIL_MISSING_REACTIVITY_ROWS; 4 LENGTH_MISMATCH profile rows
421580452	PFLZTP_DMS_0001	PFLZTP_DMS_0001	PFLZTP_DMS_0001.rdat	e77f117b0aa79ace96e81f3977d76adc5e3e72ce94eedfe579ac23957ff163ee	reactflow_delta.d0x_v2.asset_disposition.v2	PARSE_FAIL_MISSING_REACTIVITY_ROWS	1	1	NOT_RUN	153	LENGTH_MISMATCH	RECOVERABLE	VERIFIED_CC0_RMDB	UNRESOLVED_PUBLICATION	parse_fail:PARSE_FAIL_MISSING_REACTIVITY_ROWS; 153 LENGTH_MISMATCH profile rows
421580453	PFLZTP_DMS_0002	PFLZTP_DMS_0002	PFLZTP_DMS_0002.rdat	1a40ea9d1cd43626b03506e829d2796a0c17cc8b37042a3fbc33c3a3320691d2	reactflow_delta.d0x_v2.asset_disposition.v2	PARSE_FAIL_MISSING_REACTIVITY_ROWS	1	1	NOT_RUN	153	LENGTH_MISMATCH	RECOVERABLE	VERIFIED_CC0_RMDB	UNRESOLVED_PUBLICATION	parse_fail:PARSE_FAIL_MISSING_REACTIVITY_ROWS; 153 LENGTH_MISMATCH profile rows
421582315	PKBHTP_2A3_0000	PKBHTP_2A3_0000	PKBHTP_2A3_0000.rdat	5b9395eebcd02b78682aeeba81af5657b308a84b8accda35517cec5ac8b59b00	reactflow_delta.d0x_v2.asset_disposition.v2	PARSE_SUCCESS	205	205	NOT_RUN	0	NONE	NOT_APPLICABLE	VERIFIED_CC0_RMDB	RESOLVED	
421582326	PKBHTP_DMS_0000	PKBHTP_DMS_0000	PKBHTP_DMS_0000.rdat	6d6fab11f257b637f03c562d0d1d401415c1a526b05a9ca2207b12fd444192d3	reactflow_delta.d0x_v2.asset_disposition.v2	PARSE_SUCCESS	205	205	NOT_RUN	0	NONE	NOT_APPLICABLE	VERIFIED_CC0_RMDB	RESOLVED	
421582331	PKBLNG_2A3_0000	PKBLNG_2A3_0000	PKBLNG_2A3_0000.rdat	c272ff7fd1ff148eec331eabd764c867fc2f929b511f60a6c6f958483d41bb84	reactflow_delta.d0x_v2.asset_disposition.v2	PARSE_SUCCESS	282	282	NOT_RUN	0	NONE	NOT_APPLICABLE	VERIFIED_CC0_RMDB	RESOLVED	
421582335	PKBLNG_DMS_0000	PKBLNG_DMS_0000	PKBLNG_DMS_0000.rdat	41f8607aeac124939d2a97644a6b6d40fffc5657c9a75ebf0691bd68737d6789	reactflow_delta.d0x_v2.asset_disposition.v2	PARSE_SUCCESS	282	282	NOT_RUN	0	NONE	NOT_APPLICABLE	VERIFIED_CC0_RMDB	RESOLVED	
421582336	PLUSFSE_COV_0502	PLUSFSE_COV_0502	PLUSFSE_COV_0502.rdat	db72ce5e4b5879759a1c9101f08e70bd2d20bef590a3d02c2657ee2cc7ab95fb	reactflow_delta.d0x_v2.asset_disposition.v2	PARSE_FAIL_MALFORMED_SEQPOS	2	2	NOT_RUN	0	PARSE_FAIL_MALFORMED_SEQPOS	RECOVERABLE	VERIFIED_CC0_RMDB	RESOLVED	parse_fail:PARSE_FAIL_MALFORMED_SEQPOS
421592760	PMU720_1M7_0001	PMU720_1M7_0001	PMU720_1M7_0001.rdat	15109a06a2541b8ef1495fb634d8172721c9f65a15dd030aaeb74ffdc8149945	reactflow_delta.d0x_v2.asset_disposition.v2	PARSE_FAIL_MISSING_REACTIVITY_ROWS	3	3	NOT_RUN	0	PARSE_FAIL_MISSING_REACTIVITY_ROWS	RECOVERABLE	VERIFIED_CC0_RMDB	RESOLVED	parse_fail:PARSE_FAIL_MISSING_REACTIVITY_ROWS
421582338	POS240_2A3_0000	POS240_2A3_0000	POS240_2A3_0000.rdat	d3e0761182e7fa272fde3f76299f35d5d0c1b370f07a651c99fb51357e7e14ca	reactflow_delta.d0x_v2.asset_disposition.v2	PARSE_SUCCESS	2000	2000	NOT_RUN	0	NONE	NOT_APPLICABLE	VERIFIED_CC0_RMDB	UNRESOLVED_PUBLICATION	
421582353	POS240_DMS_0000	POS240_DMS_0000	POS240_DMS_0000.rdat	e5ac1955b6da73d8b6c28bff490f5ee55e721ab757a3e15e226c44225b9374a2	reactflow_delta.d0x_v2.asset_disposition.v2	PARSE_SUCCESS	2000	2000	NOT_RUN	0	NONE	NOT_APPLICABLE	VERIFIED_CC0_RMDB	UNRESOLVED_PUBLICATION	
421582354	PSEUDOB_2A3_0000	PSEUDOB_2A3_0000	PSEUDOB_2A3_0000.rdat	1440672b2d2135992efcffb6df241ce6401eb35f013bcf3f3cca308f371ce2c4	reactflow_delta.d0x_v2.asset_disposition.v2	PARSE_SUCCESS	440	440	NOT_RUN	0	NONE	NOT_APPLICABLE	VERIFIED_CC0_RMDB	RESOLVED	
421582360	PSEUDOB_DMS_0000	PSEUDOB_DMS_0000	PSEUDOB_DMS_0000.rdat	4ebd6b55357918c31fc7714e6e28092aa76f421c8a9217b414056bc6a6f5f415	reactflow_delta.d0x_v2.asset_disposition.v2	PARSE_SUCCESS	440	440	NOT_RUN	0	NONE	NOT_APPLICABLE	VERIFIED_CC0_RMDB	RESOLVED	
421582369	PSL2IAV_1M7_0001	PSL2IAV_1M7_0001	PSL2IAV_1M7_0001.rdat	65faa3e6d346eb545f79b91d94d1949acd9bda2b9c093d83450bdf4519b088f7	reactflow_delta.d0x_v2.asset_disposition.v2	PARSE_SUCCESS	60	60	59	0	NONE	NOT_APPLICABLE	VERIFIED_CC0_RMDB	RESOLVED	
421582372	PSL2IAV_RSQ_0001	PSL2IAV_RSQ_0001	PSL2IAV_RSQ_0001.rdat	61510b3a1a7f0cf0a897a6966fd54943527c4c118a155b80ab6a0cca2f3c8ae8	reactflow_delta.d0x_v2.asset_disposition.v2	PARSE_SUCCESS	136	136	68	0	NONE	NOT_APPLICABLE	VERIFIED_CC0_RMDB	UNRESOLVED_PUBLICATION	
421592759	PTC11_1M7_0001	PTC11_1M7_0001	PTC11_1M7_0001.rdat	1f3e743d0c3008a12c6f8928da2666471b33b90a81d6948fbf5e54092585b34f	reactflow_delta.d0x_v2.asset_disposition.v2	PARSE_SUCCESS	1	1	NOT_RUN	0	NONE	NOT_APPLICABLE	VERIFIED_CC0_RMDB	RESOLVED	
421592770	PTC12_1M7_0001	PTC12_1M7_0001	PTC12_1M7_0001.rdat	87700c5def275c7dd2599d4c5bbfe5833af1957ec774c03200638ce6d3813aa7	reactflow_delta.d0x_v2.asset_disposition.v2	PARSE_SUCCESS	1	1	NOT_RUN	0	NONE	NOT_APPLICABLE	VERIFIED_CC0_RMDB	RESOLVED	
421592765	PTC13_1M7_0001	PTC13_1M7_0001	PTC13_1M7_0001.rdat	16588172b3e0995159b4c55d713a470ed11fb71d765fa1583142639fbe56363f	reactflow_delta.d0x_v2.asset_disposition.v2	PARSE_SUCCESS	1	1	NOT_RUN	0	NONE	NOT_APPLICABLE	VERIFIED_CC0_RMDB	RESOLVED	
421592771	PTC14_1M7_0001	PTC14_1M7_0001	PTC14_1M7_0001.rdat	b2d0211bd0d218ddedcda676e0ca01e01ad38d2f7e2cf8f59b179211d2b2e299	reactflow_delta.d0x_v2.asset_disposition.v2	PARSE_SUCCESS	1	1	NOT_RUN	0	NONE	NOT_APPLICABLE	VERIFIED_CC0_RMDB	RESOLVED	
421592773	PTC15_1M7_0001	PTC15_1M7_0001	PTC15_1M7_0001.rdat	805ea88fbd525cf47837d85097002d47eaf7cc2202fdcbb2e1b4c3b19a34c912	reactflow_delta.d0x_v2.asset_disposition.v2	PARSE_SUCCESS	1	1	NOT_RUN	0	NONE	NOT_APPLICABLE	VERIFIED_CC0_RMDB	RESOLVED	
421592775	PTC16_1M7_0001	PTC16_1M7_0001	PTC16_1M7_0001.rdat	84e0ef01ad45183fa7c94dceeb4cf0d6e5ad6defa725f7b605e8f237f3ecb6ee	reactflow_delta.d0x_v2.asset_disposition.v2	PARSE_SUCCESS	1	1	NOT_RUN	0	NONE	NOT_APPLICABLE	VERIFIED_CC0_RMDB	RESOLVED	
421592776	PTC17_1M7_0001	PTC17_1M7_0001	PTC17_1M7_0001.rdat	2d0a17a04a256b72cd0bd89365a7b037760386b5da36a7099ad599d27cceecc6	reactflow_delta.d0x_v2.asset_disposition.v2	PARSE_SUCCESS	1	1	NOT_RUN	0	NONE	NOT_APPLICABLE	VERIFIED_CC0_RMDB	RESOLVED	
421592778	PTCWT_1M7_0001	PTCWT_1M7_0001	PTCWT_1M7_0001.rdat	ea98aca5c6fadb8a1d9101e59f1f5ded80b4e9ced0a01dafa71703441435a897	reactflow_delta.d0x_v2.asset_disposition.v2	PARSE_SUCCESS	1	1	NOT_RUN	0	NONE	NOT_APPLICABLE	VERIFIED_CC0_RMDB	RESOLVED	
421592784	R1HP1_1M7_0001	R1HP1_1M7_0001	R1HP1_1M7_0001.rdat	9c590026ea81b1f4879acbdb7061ef014eff111d2e12d876cd532c18eef43626	reactflow_delta.d0x_v2.asset_disposition.v2	PARSE_FAIL_MISSING_REACTIVITY_ROWS	4	4	NOT_RUN	0	PARSE_FAIL_MISSING_REACTIVITY_ROWS	RECOVERABLE	VERIFIED_CC0_RMDB	RESOLVED	parse_fail:PARSE_FAIL_MISSING_REACTIVITY_ROWS
421592786	RB1UTR_DMS_0000	RB1UTR_DMS_0000	RB1UTR_DMS_0000.rdat	8572f98656d9cf092f1f564133cd7844bd1d17bb60895f82206dcdb6b7b0056b	reactflow_delta.d0x_v2.asset_disposition.v2	PARSE_FAIL_ANNOTATION_MISSING_SEPARATOR	263	263	NOT_RUN	0	PARSE_FAIL_ANNOTATION_MISSING_SEPARATOR	RECOVERABLE	VERIFIED_CC0_RMDB	RESOLVED	parse_fail:PARSE_FAIL_ANNOTATION_MISSING_SEPARATOR
421592790	RCSL14_UTR_0003	RCSL14_UTR_0003	RCSL14_UTR_0003.rdat	4b1c77f70e365ec3f378b3ec70653bb0d66301658b7e01921617facf0c6b13fd	reactflow_delta.d0x_v2.asset_disposition.v2	PARSE_SUCCESS	1	1	NOT_RUN	0	NONE	NOT_APPLICABLE	VERIFIED_CC0_RMDB	RESOLVED	
421582374	RFM100_2A3_0000	RFM100_2A3_0000	RFM100_2A3_0000.rdat	e1e6a29ba1680a9516aff529b30ea675bb485249a0b9caf0e36403262ced0dbf	reactflow_delta.d0x_v2.asset_disposition.v2	PARSE_SUCCESS	37828	37828	NOT_RUN	0	NONE	NOT_APPLICABLE	VERIFIED_CC0_RMDB	UNRESOLVED_PUBLICATION	
421582377	RFM100_DMS_0000	RFM100_DMS_0000	RFM100_DMS_0000.rdat	f40d729801582cfe359c43002b2eb642a23b25e9ab1f301073b18db9d021e3b2	reactflow_delta.d0x_v2.asset_disposition.v2	PARSE_SUCCESS	37828	37828	NOT_RUN	0	NONE	NOT_APPLICABLE	VERIFIED_CC0_RMDB	UNRESOLVED_PUBLICATION	
421582427	RFM130_2A3_0000	RFM130_2A3_0000	RFM130_2A3_0000.rdat	fdc604fcc5e348c82bfaffd18e661c7a09e854b6bb5f3c086bf14edbd05f2fa8	reactflow_delta.d0x_v2.asset_disposition.v2	PARSE_SUCCESS	1228	1228	NOT_RUN	0	NONE	NOT_APPLICABLE	VERIFIED_CC0_RMDB	UNRESOLVED_PUBLICATION	
421582434	RFM130_DMS_0000	RFM130_DMS_0000	RFM130_DMS_0000.rdat	42857978253218a2c6e60f20369800dc890b8ba1917ca6073bfcd07717756570	reactflow_delta.d0x_v2.asset_disposition.v2	PARSE_SUCCESS	1228	1228	NOT_RUN	0	NONE	NOT_APPLICABLE	VERIFIED_CC0_RMDB	UNRESOLVED_PUBLICATION	
421582435	RFMREP_2A3_0000	RFMREP_2A3_0000	RFMREP_2A3_0000.rdat	42100a265b4e10b2a1d7f7c07a7d009e37f6850372e89f963dc0963e281ea954	reactflow_delta.d0x_v2.asset_disposition.v2	PARSE_SUCCESS	75656	75656	NOT_RUN	0	NONE	NOT_APPLICABLE	VERIFIED_CC0_RMDB	UNRESOLVED_PUBLICATION	
421582436	RFMREP_2A3_0001	RFMREP_2A3_0001	RFMREP_2A3_0001.rdat	5b896d0a181fed0f9781e0a5fd82b0d251722d4c57586878991e00c6466e312b	reactflow_delta.d0x_v2.asset_disposition.v2	PARSE_SUCCESS	15541	15541	NOT_RUN	0	NONE	NOT_APPLICABLE	VERIFIED_CC0_RMDB	UNRESOLVED_PUBLICATION	
421582443	RFMREP_DMS_0000	RFMREP_DMS_0000	RFMREP_DMS_0000.rdat	d7ecf57d2717f5e2616dddd54125df584a54668ae34529268e57afda40637846	reactflow_delta.d0x_v2.asset_disposition.v2	PARSE_SUCCESS	75656	75656	NOT_RUN	0	NONE	NOT_APPLICABLE	VERIFIED_CC0_RMDB	UNRESOLVED_PUBLICATION	
421582524	RFMREP_DMS_0001	RFMREP_DMS_0001	RFMREP_DMS_0001.rdat	d56830e82f8c2b3d49d818a0c7aa172295fbbe7747e6ba8520b3ecfe81fae916	reactflow_delta.d0x_v2.asset_disposition.v2	PARSE_SUCCESS	15541	15541	NOT_RUN	0	NONE	NOT_APPLICABLE	VERIFIED_CC0_RMDB	UNRESOLVED_PUBLICATION	
421592796	RIBOT_TE1_0001	RIBOT_TE1_0001	RIBOT_TE1_0001.rdat	dad03210612e75f0713661eeb1147e6617d75862f996699b351ff933cddf3d72	reactflow_delta.d0x_v2.asset_disposition.v2	PARSE_SUCCESS	1	1	NOT_RUN	0	NONE	NOT_APPLICABLE	VERIFIED_CC0_RMDB	UNRESOLVED_PUBLICATION	
421592802	RIBOT_TE2_0001	RIBOT_TE2_0001	RIBOT_TE2_0001.rdat	c34058f88f0f2e4ee6d14ac8f6f25c765a452afb5bfa94660a8a42597f7e91d9	reactflow_delta.d0x_v2.asset_disposition.v2	PARSE_SUCCESS	1	1	NOT_RUN	0	NONE	NOT_APPLICABLE	VERIFIED_CC0_RMDB	RESOLVED	
421582534	RNAINS3_1M7_0001	RNAINS3_1M7_0001	RNAINS3_1M7_0001.rdat	f0f28a22a704890af63ece29987d796032d51750fc91fc19ac636875d0d3a21d	reactflow_delta.d0x_v2.asset_disposition.v2	PARSE_FAIL_MISSING_REACTIVITY_ROWS	3	3	NOT_RUN	0	PARSE_FAIL_MISSING_REACTIVITY_ROWS	RECOVERABLE	VERIFIED_CC0_RMDB	RESOLVED	parse_fail:PARSE_FAIL_MISSING_REACTIVITY_ROWS
421582537	RNAINS4_1M7_0001	RNAINS4_1M7_0001	RNAINS4_1M7_0001.rdat	844aa59fc095dbaafe2c0ad6f2591b6ee8d77c1a583a682ccc72b4043def926e	reactflow_delta.d0x_v2.asset_disposition.v2	PARSE_FAIL_MISSING_REACTIVITY_ROWS	3	3	NOT_RUN	0	PARSE_FAIL_MISSING_REACTIVITY_ROWS	RECOVERABLE	VERIFIED_CC0_RMDB	RESOLVED	parse_fail:PARSE_FAIL_MISSING_REACTIVITY_ROWS
421582546	RNAMAK_2A3_0000	RNAMAK_2A3_0000	RNAMAK_2A3_0000.rdat	7d620f06fdda3484aae1b9ffc3aad4c0013394e4ae83c8b966cb00f270087a68	reactflow_delta.d0x_v2.asset_disposition.v2	PARSE_SUCCESS	50000	50000	NOT_RUN	0	NONE	NOT_APPLICABLE	VERIFIED_CC0_RMDB	UNRESOLVED_PUBLICATION	
421582551	RNAMAK_DMS_0000	RNAMAK_DMS_0000	RNAMAK_DMS_0000.rdat	1a9c06e10ea4ce481c7db3de8facb275ebec2c5a08717015ffb4f870d458a339	reactflow_delta.d0x_v2.asset_disposition.v2	PARSE_SUCCESS	50000	50000	NOT_RUN	0	NONE	NOT_APPLICABLE	VERIFIED_CC0_RMDB	UNRESOLVED_PUBLICATION	
421582638	RNAMKT4_TE1_0001	RNAMKT4_TE1_0001	RNAMKT4_TE1_0001.rdat	014c0a8e7279a95688ea9fcff88d2969fa304d0d6cbc7cfc806a010bb74d8bb8	reactflow_delta.d0x_v2.asset_disposition.v2	PARSE_SUCCESS	1	1	NOT_RUN	0	NONE	NOT_APPLICABLE	VERIFIED_CC0_RMDB	UNRESOLVED_PUBLICATION	
421582647	RNAMKT4_TE2_0001	RNAMKT4_TE2_0001	RNAMKT4_TE2_0001.rdat	16c81754bf54a8c0e75ffc2eb553f33f5cba4d5aeec78e337ee157f27a115ba1	reactflow_delta.d0x_v2.asset_disposition.v2	PARSE_SUCCESS	1	1	NOT_RUN	0	NONE	NOT_APPLICABLE	VERIFIED_CC0_RMDB	RESOLVED	
421582656	RNAOUT3_1M7_0001	RNAOUT3_1M7_0001	RNAOUT3_1M7_0001.rdat	50770d16ab6a0b9911659290b2dca2fea68259cd9a4a7d8acc41deb1bd6bd02d	reactflow_delta.d0x_v2.asset_disposition.v2	PARSE_FAIL_MISSING_REACTIVITY_ROWS	3	3	NOT_RUN	0	PARSE_FAIL_MISSING_REACTIVITY_ROWS	RECOVERABLE	VERIFIED_CC0_RMDB	RESOLVED	parse_fail:PARSE_FAIL_MISSING_REACTIVITY_ROWS
421582661	RNAOUT4_1M7_0001	RNAOUT4_1M7_0001	RNAOUT4_1M7_0001.rdat	1af0f761474e3a2cfda777492e59094ad89c952950ccbf0c5c4e396e06806104	reactflow_delta.d0x_v2.asset_disposition.v2	PARSE_FAIL_MISSING_REACTIVITY_ROWS	3	3	NOT_RUN	0	PARSE_FAIL_MISSING_REACTIVITY_ROWS	RECOVERABLE	VERIFIED_CC0_RMDB	RESOLVED	parse_fail:PARSE_FAIL_MISSING_REACTIVITY_ROWS
421579949	RNAPZ10_STD_0001	RNAPZ10_STD_0001	RNAPZ10_STD_0001.rdat	22a830113b6a518d146403dad33bba34d5d4b27df3a1690737ce45b1f55f90ef	reactflow_delta.d0x_v2.asset_disposition.v2	PARSE_FAIL_LENGTH_MISMATCH_REACTIVITY_VS_SEQPOS	NOT_RUN	NOT_RUN	NOT_RUN	0	UNPARSEABLE	RECOVERABLE	VERIFIED_CC0_RMDB	RESOLVED	parse_fail:PARSE_FAIL_LENGTH_MISMATCH_REACTIVITY_VS_SEQPOS; 39GB canonical count not yet produced (NOT_RUN)
421579937	RNAPZ10_STD_0002	RNAPZ10_STD_0002	RNAPZ10_STD_0002.rdat	0bc0c27a918b023442a4c830719f680c52fcc9ab1481dba85cb174e2b54e8101	reactflow_delta.d0x_v2.asset_disposition.v2	PARSE_FAIL_LENGTH_MISMATCH_REACTIVITY_VS_SEQPOS	NOT_RUN	NOT_RUN	NOT_RUN	0	UNPARSEABLE	RECOVERABLE	VERIFIED_CC0_RMDB	RESOLVED	parse_fail:PARSE_FAIL_LENGTH_MISMATCH_REACTIVITY_VS_SEQPOS; 39GB canonical count not yet produced (NOT_RUN)
421579945	RNAPZ11_1M7_0001	RNAPZ11_1M7_0001	RNAPZ11_1M7_0001.rdat	5d6dc2834d7fc6858cb33fe1ba137ad3021420f76d0f8ece13ad2ab7d2a13c25	reactflow_delta.d0x_v2.asset_disposition.v2	PARSE_FAIL_LENGTH_MISMATCH_REACTIVITY_VS_SEQPOS	NOT_RUN	NOT_RUN	NOT_RUN	0	UNPARSEABLE	RECOVERABLE	VERIFIED_CC0_RMDB	RESOLVED	parse_fail:PARSE_FAIL_LENGTH_MISMATCH_REACTIVITY_VS_SEQPOS; 39GB canonical count not yet produced (NOT_RUN)
421579938	RNAPZ11_1M7_0002	RNAPZ11_1M7_0002	RNAPZ11_1M7_0002.rdat	32118038d036eb59380c05f5e80d0fdffe3d4448f5420aa3076a953f5d7c0969	reactflow_delta.d0x_v2.asset_disposition.v2	PARSE_FAIL_LENGTH_MISMATCH_REACTIVITY_VS_SEQPOS	NOT_RUN	NOT_RUN	NOT_RUN	0	UNPARSEABLE	RECOVERABLE	VERIFIED_CC0_RMDB	RESOLVED	parse_fail:PARSE_FAIL_LENGTH_MISMATCH_REACTIVITY_VS_SEQPOS; 39GB canonical count not yet produced (NOT_RUN)
421579950	RNAPZ11_1M7_0003	RNAPZ11_1M7_0003	RNAPZ11_1M7_0003.rdat	e75b4191f5515a2aca080089833241c17d3336c9ad88b3c09a5826267c01da6d	reactflow_delta.d0x_v2.asset_disposition.v2	PARSE_FAIL_LENGTH_MISMATCH_REACTIVITY_VS_SEQPOS	NOT_RUN	NOT_RUN	NOT_RUN	0	UNPARSEABLE	RECOVERABLE	VERIFIED_CC0_RMDB	RESOLVED	parse_fail:PARSE_FAIL_LENGTH_MISMATCH_REACTIVITY_VS_SEQPOS; 39GB canonical count not yet produced (NOT_RUN)
421579953	RNAPZ11_1M7_0004	RNAPZ11_1M7_0004	RNAPZ11_1M7_0004.rdat	2f2fc6ac1877bea1e031416fe24900faca5cf14088ea5342c7f45b3107801252	reactflow_delta.d0x_v2.asset_disposition.v2	PARSE_FAIL_LENGTH_MISMATCH_REACTIVITY_VS_SEQPOS	NOT_RUN	NOT_RUN	NOT_RUN	0	UNPARSEABLE	RECOVERABLE	VERIFIED_CC0_RMDB	UNRESOLVED_PUBLICATION	parse_fail:PARSE_FAIL_LENGTH_MISMATCH_REACTIVITY_VS_SEQPOS; 39GB canonical count not yet produced (NOT_RUN)
421579954	RNAPZ11_1M7_0005	RNAPZ11_1M7_0005	RNAPZ11_1M7_0005.rdat	fa31467d67c680ac10e36f194413ad2d0168d949874680ba33f8d3627061d14a	reactflow_delta.d0x_v2.asset_disposition.v2	PARSE_FAIL_LENGTH_MISMATCH_REACTIVITY_VS_SEQPOS	NOT_RUN	NOT_RUN	NOT_RUN	0	UNPARSEABLE	RECOVERABLE	VERIFIED_CC0_RMDB	UNRESOLVED_PUBLICATION	parse_fail:PARSE_FAIL_LENGTH_MISMATCH_REACTIVITY_VS_SEQPOS; 39GB canonical count not yet produced (NOT_RUN)
421579955	RNAPZ11_1M7_0006	RNAPZ11_1M7_0006	RNAPZ11_1M7_0006.rdat	293e55c1a0f87ddc521986a1d89e845552510939fe702262409b12fc83b0838e	reactflow_delta.d0x_v2.asset_disposition.v2	PARSE_FAIL_LENGTH_MISMATCH_REACTIVITY_VS_SEQPOS	NOT_RUN	NOT_RUN	NOT_RUN	0	UNPARSEABLE	RECOVERABLE	VERIFIED_CC0_RMDB	UNRESOLVED_PUBLICATION	parse_fail:PARSE_FAIL_LENGTH_MISMATCH_REACTIVITY_VS_SEQPOS; 39GB canonical count not yet produced (NOT_RUN)
421579957	RNAPZ11_STD_0001	RNAPZ11_STD_0001	RNAPZ11_STD_0001.rdat	c5132f64c4fa55d679c318fbf19abd16b88817401e34671dbd23364014515049	reactflow_delta.d0x_v2.asset_disposition.v2	PARSE_FAIL_LENGTH_MISMATCH_REACTIVITY_VS_SEQPOS	NOT_RUN	NOT_RUN	NOT_RUN	0	UNPARSEABLE	RECOVERABLE	VERIFIED_CC0_RMDB	RESOLVED	parse_fail:PARSE_FAIL_LENGTH_MISMATCH_REACTIVITY_VS_SEQPOS; 39GB canonical count not yet produced (NOT_RUN)
421579956	RNAPZ11_STD_0002	RNAPZ11_STD_0002	RNAPZ11_STD_0002.rdat	ac8db865fa52df4fdeab9dbf84108f4c68e1a3b4975c035447d83e1ec8fff736	reactflow_delta.d0x_v2.asset_disposition.v2	PARSE_FAIL_LENGTH_MISMATCH_REACTIVITY_VS_SEQPOS	NOT_RUN	NOT_RUN	NOT_RUN	0	UNPARSEABLE	RECOVERABLE	VERIFIED_CC0_RMDB	UNRESOLVED_PUBLICATION	parse_fail:PARSE_FAIL_LENGTH_MISMATCH_REACTIVITY_VS_SEQPOS; 39GB canonical count not yet produced (NOT_RUN)
421579960	RNAPZ12_1M7_0000	RNAPZ12_1M7_0000	RNAPZ12_1M7_0000.rdat	772b3ea6e7ec019c6834eb2da8374b3d236cc2a51adf1c6bf830ebe7361b1d13	reactflow_delta.d0x_v2.asset_disposition.v2	PARSE_FAIL_LENGTH_MISMATCH_REACTIVITY_VS_SEQPOS	NOT_RUN	NOT_RUN	NOT_RUN	0	UNPARSEABLE	RECOVERABLE	VERIFIED_CC0_RMDB	RESOLVED	parse_fail:PARSE_FAIL_LENGTH_MISMATCH_REACTIVITY_VS_SEQPOS; 39GB canonical count not yet produced (NOT_RUN)
421579959	RNAPZ12_1M7_0003	RNAPZ12_1M7_0003	RNAPZ12_1M7_0003.rdat	ddc90bdcb9f44c6c809b0eb73adcf7d27ccf6f408e971e750616b58de85cd6ac	reactflow_delta.d0x_v2.asset_disposition.v2	PARSE_SUCCESS	126	126	NOT_RUN	0	NONE	NOT_APPLICABLE	VERIFIED_CC0_RMDB	RESOLVED	
421579963	RNAPZ12_CMC_0000	RNAPZ12_CMC_0000	RNAPZ12_CMC_0000.rdat	a16d5483f72096d03784560e2bdaab81898e7605c38fb3e867872581f3ad7888	reactflow_delta.d0x_v2.asset_disposition.v2	PARSE_FAIL_LENGTH_MISMATCH_REACTIVITY_VS_SEQPOS	NOT_RUN	NOT_RUN	NOT_RUN	0	UNPARSEABLE	RECOVERABLE	VERIFIED_CC0_RMDB	RESOLVED	parse_fail:PARSE_FAIL_LENGTH_MISMATCH_REACTIVITY_VS_SEQPOS; 39GB canonical count not yet produced (NOT_RUN)
421579962	RNAPZ12_DMS_0000	RNAPZ12_DMS_0000	RNAPZ12_DMS_0000.rdat	5e3bba0df19a38e2c004e0afdd4668d3794bdffc102db3419ce0b3ecf718cdcd	reactflow_delta.d0x_v2.asset_disposition.v2	PARSE_FAIL_LENGTH_MISMATCH_REACTIVITY_VS_SEQPOS	NOT_RUN	NOT_RUN	NOT_RUN	0	UNPARSEABLE	RECOVERABLE	VERIFIED_CC0_RMDB	RESOLVED	parse_fail:PARSE_FAIL_LENGTH_MISMATCH_REACTIVITY_VS_SEQPOS; 39GB canonical count not yet produced (NOT_RUN)
421579964	RNAPZ12_DMS_0003	RNAPZ12_DMS_0003	RNAPZ12_DMS_0003.rdat	a67770068dae86a0399d33c20e64043ddb59e66b59cfe923033e6d2a1edd8bf7	reactflow_delta.d0x_v2.asset_disposition.v2	PARSE_SUCCESS	126	126	NOT_RUN	0	NONE	NOT_APPLICABLE	VERIFIED_CC0_RMDB	RESOLVED	
421579966	RNAPZ12_MCA_0000	RNAPZ12_MCA_0000	RNAPZ12_MCA_0000.rdat	e8116daec7efac042344026fc329a357165eacd7f2d5cbd8e7fe456fdeff5b6d	reactflow_delta.d0x_v2.asset_disposition.v2	PARSE_FAIL_LENGTH_MISMATCH_REACTIVITY_VS_SEQPOS	NOT_RUN	NOT_RUN	NOT_RUN	0	UNPARSEABLE	RECOVERABLE	VERIFIED_CC0_RMDB	RESOLVED	parse_fail:PARSE_FAIL_LENGTH_MISMATCH_REACTIVITY_VS_SEQPOS; 39GB canonical count not yet produced (NOT_RUN)
421579967	RNAPZ12_MCA_0001	RNAPZ12_MCA_0001	RNAPZ12_MCA_0001.rdat	0df6b76b6c1da9f301d70c62f5330501f3d3b4a462869840efe5257cbcd2516a	reactflow_delta.d0x_v2.asset_disposition.v2	PARSE_FAIL_LENGTH_MISMATCH_REACTIVITY_VS_SEQPOS	NOT_RUN	NOT_RUN	NOT_RUN	0	UNPARSEABLE	RECOVERABLE	VERIFIED_CC0_RMDB	RESOLVED	parse_fail:PARSE_FAIL_LENGTH_MISMATCH_REACTIVITY_VS_SEQPOS; 39GB canonical count not yet produced (NOT_RUN)
421579970	RNAPZ12_MCA_0002	RNAPZ12_MCA_0002	RNAPZ12_MCA_0002.rdat	48471cbeb7a341ad4e50e575a9b01a4f212678c5c8c494574270fab8d7a1a4ac	reactflow_delta.d0x_v2.asset_disposition.v2	PARSE_FAIL_LENGTH_MISMATCH_REACTIVITY_VS_SEQPOS	NOT_RUN	NOT_RUN	NOT_RUN	0	UNPARSEABLE	RECOVERABLE	VERIFIED_CC0_RMDB	RESOLVED	parse_fail:PARSE_FAIL_LENGTH_MISMATCH_REACTIVITY_VS_SEQPOS; 39GB canonical count not yet produced (NOT_RUN)
421579969	RNAPZ12_MCA_0003	RNAPZ12_MCA_0003	RNAPZ12_MCA_0003.rdat	94a5e806e3340351c00323f21e5f4cdea8a20ec18be054515338f63782ee0141	reactflow_delta.d0x_v2.asset_disposition.v2	PARSE_FAIL_LENGTH_MISMATCH_REACTIVITY_VS_SEQPOS	NOT_RUN	NOT_RUN	NOT_RUN	0	UNPARSEABLE	RECOVERABLE	VERIFIED_CC0_RMDB	RESOLVED	parse_fail:PARSE_FAIL_LENGTH_MISMATCH_REACTIVITY_VS_SEQPOS; 39GB canonical count not yet produced (NOT_RUN)
421579972	RNAPZ13_1M7_0001	RNAPZ13_1M7_0001	RNAPZ13_1M7_0001.rdat	2592737581c1525d1bacceb5cfc588dc6dfb12ecce67a601dcf19b4c1176a28c	reactflow_delta.d0x_v2.asset_disposition.v2	PARSE_FAIL_LENGTH_MISMATCH_REACTIVITY_VS_SEQPOS	NOT_RUN	NOT_RUN	NOT_RUN	0	UNPARSEABLE	RECOVERABLE	VERIFIED_CC0_RMDB	RESOLVED	parse_fail:PARSE_FAIL_LENGTH_MISMATCH_REACTIVITY_VS_SEQPOS; 39GB canonical count not yet produced (NOT_RUN)
421579973	RNAPZ13_1M7_0002	RNAPZ13_1M7_0002	RNAPZ13_1M7_0002.rdat	15c2560a66d887bc0aa54585e49f2ee3aa54edd04f3c68f676663bf9f62b289d	reactflow_delta.d0x_v2.asset_disposition.v2	PARSE_FAIL_LENGTH_MISMATCH_REACTIVITY_VS_SEQPOS	NOT_RUN	NOT_RUN	NOT_RUN	0	UNPARSEABLE	RECOVERABLE	VERIFIED_CC0_RMDB	RESOLVED	parse_fail:PARSE_FAIL_LENGTH_MISMATCH_REACTIVITY_VS_SEQPOS; 39GB canonical count not yet produced (NOT_RUN)
421579975	RNAPZ13_1M7_0003	RNAPZ13_1M7_0003	RNAPZ13_1M7_0003.rdat	d69c436d5e048257149c634647e706e9f779d4d1ccbc93542769d6622d3848fe	reactflow_delta.d0x_v2.asset_disposition.v2	PARSE_FAIL_LENGTH_MISMATCH_REACTIVITY_VS_SEQPOS	NOT_RUN	NOT_RUN	NOT_RUN	0	UNPARSEABLE	RECOVERABLE	VERIFIED_CC0_RMDB	RESOLVED	parse_fail:PARSE_FAIL_LENGTH_MISMATCH_REACTIVITY_VS_SEQPOS; 39GB canonical count not yet produced (NOT_RUN)
421579974	RNAPZ13_DMS_0001	RNAPZ13_DMS_0001	RNAPZ13_DMS_0001.rdat	8a1f4bb32448214f226b0f2017da0ddcf74da69e902eb7439ec0a71dac24c115	reactflow_delta.d0x_v2.asset_disposition.v2	PARSE_FAIL_LENGTH_MISMATCH_REACTIVITY_VS_SEQPOS	NOT_RUN	NOT_RUN	NOT_RUN	0	UNPARSEABLE	RECOVERABLE	VERIFIED_CC0_RMDB	RESOLVED	parse_fail:PARSE_FAIL_LENGTH_MISMATCH_REACTIVITY_VS_SEQPOS; 39GB canonical count not yet produced (NOT_RUN)
421579976	RNAPZ13_DMS_0002	RNAPZ13_DMS_0002	RNAPZ13_DMS_0002.rdat	25e333a3fa9dda69963201af2bcdc984c1f9613b54cd2ba878530e0b3da1a28b	reactflow_delta.d0x_v2.asset_disposition.v2	PARSE_FAIL_LENGTH_MISMATCH_REACTIVITY_VS_SEQPOS	NOT_RUN	NOT_RUN	NOT_RUN	0	UNPARSEABLE	RECOVERABLE	VERIFIED_CC0_RMDB	RESOLVED	parse_fail:PARSE_FAIL_LENGTH_MISMATCH_REACTIVITY_VS_SEQPOS; 39GB canonical count not yet produced (NOT_RUN)
421579977	RNAPZ13_DMS_0003	RNAPZ13_DMS_0003	RNAPZ13_DMS_0003.rdat	e1d5adb245c0ee80410063430aa1c51c9325095bb3f0109dc9fdfd90d9595ef1	reactflow_delta.d0x_v2.asset_disposition.v2	PARSE_FAIL_LENGTH_MISMATCH_REACTIVITY_VS_SEQPOS	NOT_RUN	NOT_RUN	NOT_RUN	0	UNPARSEABLE	RECOVERABLE	VERIFIED_CC0_RMDB	RESOLVED	parse_fail:PARSE_FAIL_LENGTH_MISMATCH_REACTIVITY_VS_SEQPOS; 39GB canonical count not yet produced (NOT_RUN)
421579980	RNAPZ13_HRF_0000	RNAPZ13_HRF_0000	RNAPZ13_HRF_0000.rdat	fcbe57ec81a7391b4600a6ad320ce354a3145801c018fbd8ac85586fa01f8b8d	reactflow_delta.d0x_v2.asset_disposition.v2	PARSE_FAIL_LENGTH_MISMATCH_REACTIVITY_VS_SEQPOS	NOT_RUN	NOT_RUN	NOT_RUN	0	UNPARSEABLE	RECOVERABLE	VERIFIED_CC0_RMDB	RESOLVED	parse_fail:PARSE_FAIL_LENGTH_MISMATCH_REACTIVITY_VS_SEQPOS; 39GB canonical count not yet produced (NOT_RUN)
421579981	RNAPZ13_MCA_0000	RNAPZ13_MCA_0000	RNAPZ13_MCA_0000.rdat	3c778de14e18838ba94b95b81d4bfb0f3a1057ec7b1cfbd21c31366c35af34aa	reactflow_delta.d0x_v2.asset_disposition.v2	PARSE_FAIL_LENGTH_MISMATCH_REACTIVITY_VS_SEQPOS	NOT_RUN	NOT_RUN	NOT_RUN	0	UNPARSEABLE	RECOVERABLE	VERIFIED_CC0_RMDB	RESOLVED	parse_fail:PARSE_FAIL_LENGTH_MISMATCH_REACTIVITY_VS_SEQPOS; 39GB canonical count not yet produced (NOT_RUN)
421579982	RNAPZ13_MCA_0001	RNAPZ13_MCA_0001	RNAPZ13_MCA_0001.rdat	3b382982a173f486d8868d90188c3732cd660eee31e54c318cd0a3002111813e	reactflow_delta.d0x_v2.asset_disposition.v2	PARSE_FAIL_LENGTH_MISMATCH_REACTIVITY_VS_SEQPOS	NOT_RUN	NOT_RUN	NOT_RUN	0	UNPARSEABLE	RECOVERABLE	VERIFIED_CC0_RMDB	RESOLVED	parse_fail:PARSE_FAIL_LENGTH_MISMATCH_REACTIVITY_VS_SEQPOS; 39GB canonical count not yet produced (NOT_RUN)
421579983	RNAPZ13_NMD_0003	RNAPZ13_NMD_0003	RNAPZ13_NMD_0003.rdat	376f54384c139bae011e3794426e1284e45eaa9eb65370a42994802431589347	reactflow_delta.d0x_v2.asset_disposition.v2	PARSE_FAIL_LENGTH_MISMATCH_REACTIVITY_VS_SEQPOS	NOT_RUN	NOT_RUN	NOT_RUN	0	UNPARSEABLE	RECOVERABLE	VERIFIED_CC0_RMDB	RESOLVED	parse_fail:PARSE_FAIL_LENGTH_MISMATCH_REACTIVITY_VS_SEQPOS; 39GB canonical count not yet produced (NOT_RUN)
421579984	RNAPZ13_STD_0000	RNAPZ13_STD_0000	RNAPZ13_STD_0000.rdat	a8a8d12d3162beb14198b21e941743e43487d4a83b832b293b101a64361f4d42	reactflow_delta.d0x_v2.asset_disposition.v2	PARSE_FAIL_LENGTH_MISMATCH_REACTIVITY_VS_SEQPOS	NOT_RUN	NOT_RUN	NOT_RUN	0	UNPARSEABLE	RECOVERABLE	VERIFIED_CC0_RMDB	RESOLVED	parse_fail:PARSE_FAIL_LENGTH_MISMATCH_REACTIVITY_VS_SEQPOS; 39GB canonical count not yet produced (NOT_RUN)
421579985	RNAPZ14_1M7_0000	RNAPZ14_1M7_0000	RNAPZ14_1M7_0000.rdat	71e807f958af3eb1047dc1c64a55479bc0af09a86ca43ab85e761083578ab7d0	reactflow_delta.d0x_v2.asset_disposition.v2	PARSE_FAIL_LENGTH_MISMATCH_REACTIVITY_VS_SEQPOS	NOT_RUN	NOT_RUN	NOT_RUN	0	UNPARSEABLE	RECOVERABLE	VERIFIED_CC0_RMDB	RESOLVED	parse_fail:PARSE_FAIL_LENGTH_MISMATCH_REACTIVITY_VS_SEQPOS; 39GB canonical count not yet produced (NOT_RUN)
421579986	RNAPZ14_1M7_0001	RNAPZ14_1M7_0001	RNAPZ14_1M7_0001.rdat	5375736126499647900394953cad2048228df6bf9a1aa081e92d4672c6e7f1dc	reactflow_delta.d0x_v2.asset_disposition.v2	PARSE_FAIL_LENGTH_MISMATCH_REACTIVITY_VS_SEQPOS	NOT_RUN	NOT_RUN	NOT_RUN	0	UNPARSEABLE	RECOVERABLE	VERIFIED_CC0_RMDB	RESOLVED	parse_fail:PARSE_FAIL_LENGTH_MISMATCH_REACTIVITY_VS_SEQPOS; 39GB canonical count not yet produced (NOT_RUN)
421579988	RNAPZ14_1M7_0002	RNAPZ14_1M7_0002	RNAPZ14_1M7_0002.rdat	2825bacceb3bf33b62a638112f71171ca84063fcb212819eb55e4c0630176852	reactflow_delta.d0x_v2.asset_disposition.v2	PARSE_FAIL_LENGTH_MISMATCH_REACTIVITY_VS_SEQPOS	NOT_RUN	NOT_RUN	NOT_RUN	0	UNPARSEABLE	RECOVERABLE	VERIFIED_CC0_RMDB	RESOLVED	parse_fail:PARSE_FAIL_LENGTH_MISMATCH_REACTIVITY_VS_SEQPOS; 39GB canonical count not yet produced (NOT_RUN)
421579991	RNAPZ14_1M7_0003	RNAPZ14_1M7_0003	RNAPZ14_1M7_0003.rdat	5c769c4e12c49f555c9e05f6df85f7df6eaca8c59c0ff4b2919f097ef8017a4b	reactflow_delta.d0x_v2.asset_disposition.v2	PARSE_FAIL_LENGTH_MISMATCH_REACTIVITY_VS_SEQPOS	NOT_RUN	NOT_RUN	NOT_RUN	0	UNPARSEABLE	RECOVERABLE	VERIFIED_CC0_RMDB	RESOLVED	parse_fail:PARSE_FAIL_LENGTH_MISMATCH_REACTIVITY_VS_SEQPOS; 39GB canonical count not yet produced (NOT_RUN)
421579987	RNAPZ14_1M7_0004	RNAPZ14_1M7_0004	RNAPZ14_1M7_0004.rdat	3ef1dbda947f7cc7ce04fea541943262223de1e1b6bfb6a99c90b2b21680cc66	reactflow_delta.d0x_v2.asset_disposition.v2	PARSE_FAIL_LENGTH_MISMATCH_REACTIVITY_VS_SEQPOS	NOT_RUN	NOT_RUN	NOT_RUN	0	UNPARSEABLE	RECOVERABLE	VERIFIED_CC0_RMDB	RESOLVED	parse_fail:PARSE_FAIL_LENGTH_MISMATCH_REACTIVITY_VS_SEQPOS; 39GB canonical count not yet produced (NOT_RUN)
421579992	RNAPZ14_1M7_0005	RNAPZ14_1M7_0005	RNAPZ14_1M7_0005.rdat	9dc1a34356f828aff303f2f6b784eebb8fd34dff599b93d1b27db12fcc27a1e3	reactflow_delta.d0x_v2.asset_disposition.v2	PARSE_FAIL_LENGTH_MISMATCH_REACTIVITY_VS_SEQPOS	NOT_RUN	NOT_RUN	NOT_RUN	0	UNPARSEABLE	RECOVERABLE	VERIFIED_CC0_RMDB	RESOLVED	parse_fail:PARSE_FAIL_LENGTH_MISMATCH_REACTIVITY_VS_SEQPOS; 39GB canonical count not yet produced (NOT_RUN)
421579993	RNAPZ14_1M7_0006	RNAPZ14_1M7_0006	RNAPZ14_1M7_0006.rdat	050a5565e34d90e14a99d925172c83644f5c4cad0f38508384603342a12ef7dd	reactflow_delta.d0x_v2.asset_disposition.v2	PARSE_FAIL_LENGTH_MISMATCH_REACTIVITY_VS_SEQPOS	NOT_RUN	NOT_RUN	NOT_RUN	0	UNPARSEABLE	RECOVERABLE	VERIFIED_CC0_RMDB	RESOLVED	parse_fail:PARSE_FAIL_LENGTH_MISMATCH_REACTIVITY_VS_SEQPOS; 39GB canonical count not yet produced (NOT_RUN)
421579995	RNAPZ14_1M7_0007	RNAPZ14_1M7_0007	RNAPZ14_1M7_0007.rdat	fb03ddba996352d6436af940837909cd7ef63e77bb0a1441f34f4c2a6939d695	reactflow_delta.d0x_v2.asset_disposition.v2	PARSE_FAIL_LENGTH_MISMATCH_REACTIVITY_VS_SEQPOS	NOT_RUN	NOT_RUN	NOT_RUN	0	UNPARSEABLE	RECOVERABLE	VERIFIED_CC0_RMDB	RESOLVED	parse_fail:PARSE_FAIL_LENGTH_MISMATCH_REACTIVITY_VS_SEQPOS; 39GB canonical count not yet produced (NOT_RUN)
421579996	RNAPZ14_HRF_0000	RNAPZ14_HRF_0000	RNAPZ14_HRF_0000.rdat	a103fecfaf6e07c182489d985d3583304f5a03839fe46edc84ee65f5c57ffa3f	reactflow_delta.d0x_v2.asset_disposition.v2	PARSE_FAIL_LENGTH_MISMATCH_REACTIVITY_VS_SEQPOS	NOT_RUN	NOT_RUN	NOT_RUN	0	UNPARSEABLE	RECOVERABLE	VERIFIED_CC0_RMDB	RESOLVED	parse_fail:PARSE_FAIL_LENGTH_MISMATCH_REACTIVITY_VS_SEQPOS; 39GB canonical count not yet produced (NOT_RUN)
421579998	RNAPZ14_HRF_0001	RNAPZ14_HRF_0001	RNAPZ14_HRF_0001.rdat	89f64eff0c560d90d15755137f0012d7b8ec77288b8544d3481814af0799f537	reactflow_delta.d0x_v2.asset_disposition.v2	PARSE_FAIL_LENGTH_MISMATCH_REACTIVITY_VS_SEQPOS	NOT_RUN	NOT_RUN	NOT_RUN	0	UNPARSEABLE	RECOVERABLE	VERIFIED_CC0_RMDB	RESOLVED	parse_fail:PARSE_FAIL_LENGTH_MISMATCH_REACTIVITY_VS_SEQPOS; 39GB canonical count not yet produced (NOT_RUN)
421580000	RNAPZ14_HRF_0002	RNAPZ14_HRF_0002	RNAPZ14_HRF_0002.rdat	8f0a99d0517f0acbbb052d8512b4a10879a5141d358b67b6a7f8c37b2282eecf	reactflow_delta.d0x_v2.asset_disposition.v2	PARSE_FAIL_LENGTH_MISMATCH_REACTIVITY_VS_SEQPOS	NOT_RUN	NOT_RUN	NOT_RUN	0	UNPARSEABLE	RECOVERABLE	VERIFIED_CC0_RMDB	RESOLVED	parse_fail:PARSE_FAIL_LENGTH_MISMATCH_REACTIVITY_VS_SEQPOS; 39GB canonical count not yet produced (NOT_RUN)
421580002	RNAPZ14_HRF_0003	RNAPZ14_HRF_0003	RNAPZ14_HRF_0003.rdat	40c11d0d44dd7d6c99932ccf3defe5fd205d78c11963c50a22d042be8cf406ff	reactflow_delta.d0x_v2.asset_disposition.v2	PARSE_FAIL_LENGTH_MISMATCH_REACTIVITY_VS_SEQPOS	NOT_RUN	NOT_RUN	NOT_RUN	0	UNPARSEABLE	RECOVERABLE	VERIFIED_CC0_RMDB	RESOLVED	parse_fail:PARSE_FAIL_LENGTH_MISMATCH_REACTIVITY_VS_SEQPOS; 39GB canonical count not yet produced (NOT_RUN)
421580001	RNAPZ14_MCA_0000	RNAPZ14_MCA_0000	RNAPZ14_MCA_0000.rdat	47171db77cab20cb127ac64ff37a3dcdde257edac98db65598a9a12509a58b28	reactflow_delta.d0x_v2.asset_disposition.v2	PARSE_FAIL_LENGTH_MISMATCH_REACTIVITY_VS_SEQPOS	NOT_RUN	NOT_RUN	NOT_RUN	0	UNPARSEABLE	RECOVERABLE	VERIFIED_CC0_RMDB	RESOLVED	parse_fail:PARSE_FAIL_LENGTH_MISMATCH_REACTIVITY_VS_SEQPOS; 39GB canonical count not yet produced (NOT_RUN)
421580003	RNAPZ14_MCA_0001	RNAPZ14_MCA_0001	RNAPZ14_MCA_0001.rdat	626354f072cdf1f853b17f603064558ac2f439299799c8175f3a522dbe98f332	reactflow_delta.d0x_v2.asset_disposition.v2	PARSE_FAIL_LENGTH_MISMATCH_REACTIVITY_VS_SEQPOS	NOT_RUN	NOT_RUN	NOT_RUN	0	UNPARSEABLE	RECOVERABLE	VERIFIED_CC0_RMDB	RESOLVED	parse_fail:PARSE_FAIL_LENGTH_MISMATCH_REACTIVITY_VS_SEQPOS; 39GB canonical count not yet produced (NOT_RUN)
421580007	RNAPZ14_MCA_0002	RNAPZ14_MCA_0002	RNAPZ14_MCA_0002.rdat	5ee24d5cee171827fd2ed4107c3ebc778de51425ce470bb155f241e88c884dcd	reactflow_delta.d0x_v2.asset_disposition.v2	PARSE_FAIL_LENGTH_MISMATCH_REACTIVITY_VS_SEQPOS	NOT_RUN	NOT_RUN	NOT_RUN	0	UNPARSEABLE	RECOVERABLE	VERIFIED_CC0_RMDB	RESOLVED	parse_fail:PARSE_FAIL_LENGTH_MISMATCH_REACTIVITY_VS_SEQPOS; 39GB canonical count not yet produced (NOT_RUN)
421580010	RNAPZ14_MCA_0003	RNAPZ14_MCA_0003	RNAPZ14_MCA_0003.rdat	1003221d87c5a33d6c7e9f8e5ab61fc52cf11cf8086d752d215591891313eeee	reactflow_delta.d0x_v2.asset_disposition.v2	PARSE_FAIL_LENGTH_MISMATCH_REACTIVITY_VS_SEQPOS	NOT_RUN	NOT_RUN	NOT_RUN	0	UNPARSEABLE	RECOVERABLE	VERIFIED_CC0_RMDB	RESOLVED	parse_fail:PARSE_FAIL_LENGTH_MISMATCH_REACTIVITY_VS_SEQPOS; 39GB canonical count not yet produced (NOT_RUN)
421580012	RNAPZ14_MCA_0004	RNAPZ14_MCA_0004	RNAPZ14_MCA_0004.rdat	fcaadbae49f827c48b247bc41f019c0aadca316b0405a38e3a0296c14456b893	reactflow_delta.d0x_v2.asset_disposition.v2	PARSE_FAIL_LENGTH_MISMATCH_REACTIVITY_VS_SEQPOS	NOT_RUN	NOT_RUN	NOT_RUN	0	UNPARSEABLE	RECOVERABLE	VERIFIED_CC0_RMDB	RESOLVED	parse_fail:PARSE_FAIL_LENGTH_MISMATCH_REACTIVITY_VS_SEQPOS; 39GB canonical count not yet produced (NOT_RUN)
421580011	RNAPZ14_MCA_0005	RNAPZ14_MCA_0005	RNAPZ14_MCA_0005.rdat	eb096a94ca6c74a9ea60ec2b9a56f1f6d7b4839b526ac560d357597c402c3b27	reactflow_delta.d0x_v2.asset_disposition.v2	PARSE_FAIL_LENGTH_MISMATCH_REACTIVITY_VS_SEQPOS	NOT_RUN	NOT_RUN	NOT_RUN	0	UNPARSEABLE	RECOVERABLE	VERIFIED_CC0_RMDB	RESOLVED	parse_fail:PARSE_FAIL_LENGTH_MISMATCH_REACTIVITY_VS_SEQPOS; 39GB canonical count not yet produced (NOT_RUN)
421580013	RNAPZ14_MCA_0006	RNAPZ14_MCA_0006	RNAPZ14_MCA_0006.rdat	f6dffe787356c95d1b332a13786a7f17c7e3f69816b3ab75fb6bfa8cc75005c5	reactflow_delta.d0x_v2.asset_disposition.v2	PARSE_FAIL_LENGTH_MISMATCH_REACTIVITY_VS_SEQPOS	NOT_RUN	NOT_RUN	NOT_RUN	0	UNPARSEABLE	RECOVERABLE	VERIFIED_CC0_RMDB	RESOLVED	parse_fail:PARSE_FAIL_LENGTH_MISMATCH_REACTIVITY_VS_SEQPOS; 39GB canonical count not yet produced (NOT_RUN)
421580014	RNAPZ14_MCA_0007	RNAPZ14_MCA_0007	RNAPZ14_MCA_0007.rdat	e9ff76fba27f4fc85679da1da61ba9419f5de538cc05e453be5a450523236f9a	reactflow_delta.d0x_v2.asset_disposition.v2	PARSE_FAIL_LENGTH_MISMATCH_REACTIVITY_VS_SEQPOS	NOT_RUN	NOT_RUN	NOT_RUN	0	UNPARSEABLE	RECOVERABLE	VERIFIED_CC0_RMDB	RESOLVED	parse_fail:PARSE_FAIL_LENGTH_MISMATCH_REACTIVITY_VS_SEQPOS; 39GB canonical count not yet produced (NOT_RUN)
421580018	RNAPZ14_STD_0000	RNAPZ14_STD_0000	RNAPZ14_STD_0000.rdat	49454a2fcf696d9ae4fbb911e814a4bb50743b62c7426d0a6e91fe6f80004d5b	reactflow_delta.d0x_v2.asset_disposition.v2	PARSE_FAIL_LENGTH_MISMATCH_REACTIVITY_VS_SEQPOS	NOT_RUN	NOT_RUN	NOT_RUN	0	UNPARSEABLE	RECOVERABLE	VERIFIED_CC0_RMDB	RESOLVED	parse_fail:PARSE_FAIL_LENGTH_MISMATCH_REACTIVITY_VS_SEQPOS; 39GB canonical count not yet produced (NOT_RUN)
421580021	RNAPZ14_STD_0001	RNAPZ14_STD_0001	RNAPZ14_STD_0001.rdat	d6db4775eaff9f2527350a20107da3fb734f13613fec2bc700e8a571ce8771e0	reactflow_delta.d0x_v2.asset_disposition.v2	PARSE_FAIL_LENGTH_MISMATCH_REACTIVITY_VS_SEQPOS	NOT_RUN	NOT_RUN	NOT_RUN	0	UNPARSEABLE	RECOVERABLE	VERIFIED_CC0_RMDB	RESOLVED	parse_fail:PARSE_FAIL_LENGTH_MISMATCH_REACTIVITY_VS_SEQPOS; 39GB canonical count not yet produced (NOT_RUN)
421580022	RNAPZ14_STD_0002	RNAPZ14_STD_0002	RNAPZ14_STD_0002.rdat	93986cd6e2b7072d20d5bb29c9688ab43ae1cb8539eef7912a17af6ec404d366	reactflow_delta.d0x_v2.asset_disposition.v2	PARSE_FAIL_LENGTH_MISMATCH_REACTIVITY_VS_SEQPOS	NOT_RUN	NOT_RUN	NOT_RUN	0	UNPARSEABLE	RECOVERABLE	VERIFIED_CC0_RMDB	RESOLVED	parse_fail:PARSE_FAIL_LENGTH_MISMATCH_REACTIVITY_VS_SEQPOS; 39GB canonical count not yet produced (NOT_RUN)
421580020	RNAPZ14_STD_0003	RNAPZ14_STD_0003	RNAPZ14_STD_0003.rdat	57015c5a9486345a7f410c4cad78236380165663c9ad62ba993ab49fabda8e6a	reactflow_delta.d0x_v2.asset_disposition.v2	PARSE_FAIL_LENGTH_MISMATCH_REACTIVITY_VS_SEQPOS	NOT_RUN	NOT_RUN	NOT_RUN	0	UNPARSEABLE	RECOVERABLE	VERIFIED_CC0_RMDB	RESOLVED	parse_fail:PARSE_FAIL_LENGTH_MISMATCH_REACTIVITY_VS_SEQPOS; 39GB canonical count not yet produced (NOT_RUN)
421580019	RNAPZ18_1M7_0000	RNAPZ18_1M7_0000	RNAPZ18_1M7_0000.rdat	44b8638f60002a62975ff458b73d994f1a83cce612940ab4ef7c3cf347e5ebda	reactflow_delta.d0x_v2.asset_disposition.v2	PARSE_SUCCESS	72	72	71	0	NONE	NOT_APPLICABLE	VERIFIED_CC0_RMDB	UNRESOLVED_PUBLICATION	
421580023	RNAPZ18_STD_0000	RNAPZ18_STD_0000	RNAPZ18_STD_0000.rdat	904d1b999e44e57dd4b21bb29a29627dfdd9639edfaa98aa7c640e82748513fb	reactflow_delta.d0x_v2.asset_disposition.v2	PARSE_FAIL_MALFORMED_SEQPOS	4	4	NOT_RUN	0	PARSE_FAIL_MALFORMED_SEQPOS	RECOVERABLE	VERIFIED_CC0_RMDB	UNRESOLVED_PUBLICATION	parse_fail:PARSE_FAIL_MALFORMED_SEQPOS
421580024	RNAPZ5_1M7_0002	RNAPZ5_1M7_0002	RNAPZ5_1M7_0002.rdat	248a2b6d2d1b4cf3bb4d81daeaa919aae895d830970cc0e8dc09cc0aee4e55ae	reactflow_delta.d0x_v2.asset_disposition.v2	PARSE_SUCCESS	192	192	190	0	NONE	NOT_APPLICABLE	VERIFIED_CC0_RMDB	RESOLVED	
421580025	RNAPZ5_DMS_0002	RNAPZ5_DMS_0002	RNAPZ5_DMS_0002.rdat	d47e82d197fd3d03503a98a15d8089fe3010ef3451d4bd3a472666ac5b72c0d4	reactflow_delta.d0x_v2.asset_disposition.v2	PARSE_SUCCESS	192	192	190	0	NONE	NOT_APPLICABLE	VERIFIED_CC0_RMDB	RESOLVED	
421580026	RNAPZ5_HRF_0001	RNAPZ5_HRF_0001	RNAPZ5_HRF_0001.rdat	eea0dae0f85d9dbd8f61a4691f2c4ac5d5bad920adffba7b1e77c80b748be90d	reactflow_delta.d0x_v2.asset_disposition.v2	PARSE_SUCCESS	1	1	NOT_RUN	0	NONE	NOT_APPLICABLE	VERIFIED_CC0_RMDB	RESOLVED	
421580027	RNAPZ5_MCA_0000	RNAPZ5_MCA_0000	RNAPZ5_MCA_0000.rdat	95367616f04498665e8332191ffe172e0b242c0228ad0b040b410051e99e520c	reactflow_delta.d0x_v2.asset_disposition.v2	PARSE_FAIL_LENGTH_MISMATCH_REACTIVITY_VS_SEQPOS	NOT_RUN	NOT_RUN	NOT_RUN	0	UNPARSEABLE	RECOVERABLE	VERIFIED_CC0_RMDB	RESOLVED	parse_fail:PARSE_FAIL_LENGTH_MISMATCH_REACTIVITY_VS_SEQPOS; 39GB canonical count not yet produced (NOT_RUN)
421580030	RNAPZ5_MCA_0001	RNAPZ5_MCA_0001	RNAPZ5_MCA_0001.rdat	cdcff26bae9cd5fc65014be9ed1e83eb041e799741d645d7adc4d083dcd0e80e	reactflow_delta.d0x_v2.asset_disposition.v2	PARSE_FAIL_LENGTH_MISMATCH_REACTIVITY_VS_SEQPOS	NOT_RUN	NOT_RUN	NOT_RUN	0	UNPARSEABLE	RECOVERABLE	VERIFIED_CC0_RMDB	RESOLVED	parse_fail:PARSE_FAIL_LENGTH_MISMATCH_REACTIVITY_VS_SEQPOS; 39GB canonical count not yet produced (NOT_RUN)
421580032	RNAPZ5_MCA_0002	RNAPZ5_MCA_0002	RNAPZ5_MCA_0002.rdat	7787353eeb2c129df4c6d73469a13c4442529fdc9e093b5985b4a92048c0ad7f	reactflow_delta.d0x_v2.asset_disposition.v2	PARSE_FAIL_LENGTH_MISMATCH_REACTIVITY_VS_SEQPOS	NOT_RUN	NOT_RUN	NOT_RUN	0	UNPARSEABLE	RECOVERABLE	VERIFIED_CC0_RMDB	RESOLVED	parse_fail:PARSE_FAIL_LENGTH_MISMATCH_REACTIVITY_VS_SEQPOS; 39GB canonical count not yet produced (NOT_RUN)
421580033	RNAPZ5_NMD_0002	RNAPZ5_NMD_0002	RNAPZ5_NMD_0002.rdat	6eb7cb90a722be9a768c46adb1112142b825b17eb7255541bf0c3918598238fe	reactflow_delta.d0x_v2.asset_disposition.v2	PARSE_SUCCESS	192	192	190	0	NONE	NOT_APPLICABLE	VERIFIED_CC0_RMDB	RESOLVED	
421580036	RNAPZ5_RSQ_0001	RNAPZ5_RSQ_0001	RNAPZ5_RSQ_0001.rdat	323f3e9b2ad6960bbb40163b0648b4607b6a7d22c70445f6c10a7b9b5faf677a	reactflow_delta.d0x_v2.asset_disposition.v2	PARSE_SUCCESS	136	136	68	0	NONE	NOT_APPLICABLE	VERIFIED_CC0_RMDB	RESOLVED	
421580037	RNAPZ5_STD_0000	RNAPZ5_STD_0000	RNAPZ5_STD_0000.rdat	0f6584eb888d29b90cfdcd1fb2887b7756f38498262ce93efd57c424b5c90484	reactflow_delta.d0x_v2.asset_disposition.v2	PARSE_SUCCESS	3	3	NOT_RUN	0	NONE	NOT_APPLICABLE	VERIFIED_CC0_RMDB	RESOLVED	
421580038	RNAPZ6_1M7_0002	RNAPZ6_1M7_0002	RNAPZ6_1M7_0002.rdat	4cd67e2a7f498c7fede3dc58afefb9deb6cb98a3698516492be67fa32ee9a24b	reactflow_delta.d0x_v2.asset_disposition.v2	PARSE_FAIL_MALFORMED_SEQPOS	192	192	190	0	PARSE_FAIL_MALFORMED_SEQPOS	RECOVERABLE	VERIFIED_CC0_RMDB	RESOLVED	parse_fail:PARSE_FAIL_MALFORMED_SEQPOS
421580040	RNAPZ6_MCA_0000	RNAPZ6_MCA_0000	RNAPZ6_MCA_0000.rdat	7007458e47f55c8b23492a75157370a4f4cea6b2221b81efd6e092fc8c5a0da1	reactflow_delta.d0x_v2.asset_disposition.v2	PARSE_FAIL_LENGTH_MISMATCH_REACTIVITY_VS_SEQPOS	NOT_RUN	NOT_RUN	NOT_RUN	0	UNPARSEABLE	RECOVERABLE	VERIFIED_CC0_RMDB	RESOLVED	parse_fail:PARSE_FAIL_LENGTH_MISMATCH_REACTIVITY_VS_SEQPOS; 39GB canonical count not yet produced (NOT_RUN)
421580042	RNAPZ6_MCA_0001	RNAPZ6_MCA_0001	RNAPZ6_MCA_0001.rdat	659601799f7d82a4ad22c6d1f0a68c228cf1c587f4d30c914438588c9ddcd652	reactflow_delta.d0x_v2.asset_disposition.v2	PARSE_FAIL_LENGTH_MISMATCH_REACTIVITY_VS_SEQPOS	NOT_RUN	NOT_RUN	NOT_RUN	0	UNPARSEABLE	RECOVERABLE	VERIFIED_CC0_RMDB	RESOLVED	parse_fail:PARSE_FAIL_LENGTH_MISMATCH_REACTIVITY_VS_SEQPOS; 39GB canonical count not yet produced (NOT_RUN)
421580043	RNAPZ6_MCA_0002	RNAPZ6_MCA_0002	RNAPZ6_MCA_0002.rdat	7f55bfe9fc84b782def4d177bdcd2497e152b9629fbad08b3ad4214db5a160cf	reactflow_delta.d0x_v2.asset_disposition.v2	PARSE_FAIL_LENGTH_MISMATCH_REACTIVITY_VS_SEQPOS	NOT_RUN	NOT_RUN	NOT_RUN	0	UNPARSEABLE	RECOVERABLE	VERIFIED_CC0_RMDB	RESOLVED	parse_fail:PARSE_FAIL_LENGTH_MISMATCH_REACTIVITY_VS_SEQPOS; 39GB canonical count not yet produced (NOT_RUN)
421580044	RNAPZ6_MCA_0003	RNAPZ6_MCA_0003	RNAPZ6_MCA_0003.rdat	1815f7a60ddc6c34e6ac41f18b1a135dbf4afc23151766f48a9f88c954bca4b3	reactflow_delta.d0x_v2.asset_disposition.v2	PARSE_FAIL_LENGTH_MISMATCH_REACTIVITY_VS_SEQPOS	NOT_RUN	NOT_RUN	NOT_RUN	0	UNPARSEABLE	RECOVERABLE	VERIFIED_CC0_RMDB	RESOLVED	parse_fail:PARSE_FAIL_LENGTH_MISMATCH_REACTIVITY_VS_SEQPOS; 39GB canonical count not yet produced (NOT_RUN)
421580046	RNAPZ6_MCA_0004	RNAPZ6_MCA_0004	RNAPZ6_MCA_0004.rdat	d20b917d143e89b0cc50b2302b8962bdd9fa977be0cc0c6e4b213dc63bfb2a3a	reactflow_delta.d0x_v2.asset_disposition.v2	PARSE_FAIL_LENGTH_MISMATCH_REACTIVITY_VS_SEQPOS	NOT_RUN	NOT_RUN	NOT_RUN	0	UNPARSEABLE	RECOVERABLE	VERIFIED_CC0_RMDB	RESOLVED	parse_fail:PARSE_FAIL_LENGTH_MISMATCH_REACTIVITY_VS_SEQPOS; 39GB canonical count not yet produced (NOT_RUN)
421580050	RNAPZ6_MCA_0005	RNAPZ6_MCA_0005	RNAPZ6_MCA_0005.rdat	ab085316806e8b48903d88e87f6b69fb96b98f3a1a0e2db5c9271b0af3df1843	reactflow_delta.d0x_v2.asset_disposition.v2	PARSE_FAIL_LENGTH_MISMATCH_REACTIVITY_VS_SEQPOS	NOT_RUN	NOT_RUN	NOT_RUN	0	UNPARSEABLE	RECOVERABLE	VERIFIED_CC0_RMDB	RESOLVED	parse_fail:PARSE_FAIL_LENGTH_MISMATCH_REACTIVITY_VS_SEQPOS; 39GB canonical count not yet produced (NOT_RUN)
421580059	RNAPZ6_MCA_0006	RNAPZ6_MCA_0006	RNAPZ6_MCA_0006.rdat	e38f00c9d1e828ff1d0ad8ec66aea211c40e5f6d48fe5247f4cadeb785c405d2	reactflow_delta.d0x_v2.asset_disposition.v2	PARSE_FAIL_LENGTH_MISMATCH_REACTIVITY_VS_SEQPOS	NOT_RUN	NOT_RUN	NOT_RUN	0	UNPARSEABLE	RECOVERABLE	VERIFIED_CC0_RMDB	RESOLVED	parse_fail:PARSE_FAIL_LENGTH_MISMATCH_REACTIVITY_VS_SEQPOS; 39GB canonical count not yet produced (NOT_RUN)
421580069	RNAPZ6_MCA_0007	RNAPZ6_MCA_0007	RNAPZ6_MCA_0007.rdat	d89c38b3beee1e05f2482b6eece2bdd3abe1deb5d2843e867fdf9db9842507cd	reactflow_delta.d0x_v2.asset_disposition.v2	PARSE_FAIL_LENGTH_MISMATCH_REACTIVITY_VS_SEQPOS	NOT_RUN	NOT_RUN	NOT_RUN	0	UNPARSEABLE	RECOVERABLE	VERIFIED_CC0_RMDB	RESOLVED	parse_fail:PARSE_FAIL_LENGTH_MISMATCH_REACTIVITY_VS_SEQPOS; 39GB canonical count not yet produced (NOT_RUN)
421580078	RNAPZ6_STD_0001	RNAPZ6_STD_0001	RNAPZ6_STD_0001.rdat	0e74d434f1a7d650112dfcdb039f4c6552c7be3446c59b6d13077c081313d599	reactflow_delta.d0x_v2.asset_disposition.v2	PARSE_SUCCESS	6	6	NOT_RUN	0	NONE	NOT_APPLICABLE	VERIFIED_CC0_RMDB	RESOLVED	
421580080	RNAPZ7_1M7_0001	RNAPZ7_1M7_0001	RNAPZ7_1M7_0001.rdat	cf3079382db7a1edb41bea7fedbe55ab01936bc466496948633892148e244574	reactflow_delta.d0x_v2.asset_disposition.v2	PARSE_FAIL_LENGTH_MISMATCH_REACTIVITY_VS_SEQPOS	NOT_RUN	NOT_RUN	NOT_RUN	0	UNPARSEABLE	RECOVERABLE	VERIFIED_CC0_RMDB	RESOLVED	parse_fail:PARSE_FAIL_LENGTH_MISMATCH_REACTIVITY_VS_SEQPOS; 39GB canonical count not yet produced (NOT_RUN)
421580083	RNAPZ7_DMS_0001	RNAPZ7_DMS_0001	RNAPZ7_DMS_0001.rdat	8de22c1ae0955ec8c1ee4088cd3dad9fb4014c600bb775e99d90626fb84ce518	reactflow_delta.d0x_v2.asset_disposition.v2	PARSE_FAIL_LENGTH_MISMATCH_REACTIVITY_VS_SEQPOS	NOT_RUN	NOT_RUN	NOT_RUN	0	UNPARSEABLE	RECOVERABLE	VERIFIED_CC0_RMDB	RESOLVED	parse_fail:PARSE_FAIL_LENGTH_MISMATCH_REACTIVITY_VS_SEQPOS; 39GB canonical count not yet produced (NOT_RUN)
421580088	RNAPZ7_MCA_0000	RNAPZ7_MCA_0000	RNAPZ7_MCA_0000.rdat	dacc825c4661080b62584e433fd85b41564b839ab0bfbd3cca3992964f9ee9ce	reactflow_delta.d0x_v2.asset_disposition.v2	PARSE_FAIL_LENGTH_MISMATCH_REACTIVITY_VS_SEQPOS	NOT_RUN	NOT_RUN	NOT_RUN	0	UNPARSEABLE	RECOVERABLE	VERIFIED_CC0_RMDB	RESOLVED	parse_fail:PARSE_FAIL_LENGTH_MISMATCH_REACTIVITY_VS_SEQPOS; 39GB canonical count not yet produced (NOT_RUN)
421580090	RNAPZ7_MCA_0001	RNAPZ7_MCA_0001	RNAPZ7_MCA_0001.rdat	8bbbe0a1db921e7b1772754d8b53768a7d95c94202229b311d516e67821c500c	reactflow_delta.d0x_v2.asset_disposition.v2	PARSE_FAIL_LENGTH_MISMATCH_REACTIVITY_VS_SEQPOS	NOT_RUN	NOT_RUN	NOT_RUN	0	UNPARSEABLE	RECOVERABLE	VERIFIED_CC0_RMDB	RESOLVED	parse_fail:PARSE_FAIL_LENGTH_MISMATCH_REACTIVITY_VS_SEQPOS; 39GB canonical count not yet produced (NOT_RUN)
421580093	RNAPZ7_NMD_0001	RNAPZ7_NMD_0001	RNAPZ7_NMD_0001.rdat	a839e0ac3996286f5bf866bd9add0249eed8c50a5f09479751b5e43686518ebd	reactflow_delta.d0x_v2.asset_disposition.v2	PARSE_FAIL_LENGTH_MISMATCH_REACTIVITY_VS_SEQPOS	NOT_RUN	NOT_RUN	NOT_RUN	0	UNPARSEABLE	RECOVERABLE	VERIFIED_CC0_RMDB	RESOLVED	parse_fail:PARSE_FAIL_LENGTH_MISMATCH_REACTIVITY_VS_SEQPOS; 39GB canonical count not yet produced (NOT_RUN)
421580094	RNAPZ7_STD_0001	RNAPZ7_STD_0001	RNAPZ7_STD_0001.rdat	d4b4f2127acb8b431624be841471d4d76463df37299cf1a63d4a9123a215eb7a	reactflow_delta.d0x_v2.asset_disposition.v2	PARSE_FAIL_LENGTH_MISMATCH_REACTIVITY_VS_SEQPOS	NOT_RUN	NOT_RUN	NOT_RUN	0	UNPARSEABLE	RECOVERABLE	VERIFIED_CC0_RMDB	RESOLVED	parse_fail:PARSE_FAIL_LENGTH_MISMATCH_REACTIVITY_VS_SEQPOS; 39GB canonical count not yet produced (NOT_RUN)
421580095	RNAPZ8_1M7_0001	RNAPZ8_1M7_0001	RNAPZ8_1M7_0001.rdat	64c7a4f48773b9cc4395345371e06c6a5d4d09b6e25477af32baebcdd46c59de	reactflow_delta.d0x_v2.asset_disposition.v2	PARSE_FAIL_LENGTH_MISMATCH_REACTIVITY_VS_SEQPOS	NOT_RUN	NOT_RUN	NOT_RUN	0	UNPARSEABLE	RECOVERABLE	VERIFIED_CC0_RMDB	RESOLVED	parse_fail:PARSE_FAIL_LENGTH_MISMATCH_REACTIVITY_VS_SEQPOS; 39GB canonical count not yet produced (NOT_RUN)
421580103	RNAPZ8_CMCT_0001	RNAPZ8_CMCT_0001	RNAPZ8_CMCT_0001.rdat	359c6ecdece5d00db02da184da8f0b99f34e35d71dda91957813c5c4581f53ab	reactflow_delta.d0x_v2.asset_disposition.v2	PARSE_FAIL_LENGTH_MISMATCH_REACTIVITY_VS_SEQPOS	NOT_RUN	NOT_RUN	NOT_RUN	0	UNPARSEABLE	RECOVERABLE	VERIFIED_CC0_RMDB	RESOLVED	parse_fail:PARSE_FAIL_LENGTH_MISMATCH_REACTIVITY_VS_SEQPOS; 39GB canonical count not yet produced (NOT_RUN)
421580108	RNAPZ8_DMS_0001	RNAPZ8_DMS_0001	RNAPZ8_DMS_0001.rdat	887ddd173eb319cc42cddd549180c9ef20a037f529248d731fc97276c46d6b99	reactflow_delta.d0x_v2.asset_disposition.v2	PARSE_FAIL_LENGTH_MISMATCH_REACTIVITY_VS_SEQPOS	NOT_RUN	NOT_RUN	NOT_RUN	0	UNPARSEABLE	RECOVERABLE	VERIFIED_CC0_RMDB	RESOLVED	parse_fail:PARSE_FAIL_LENGTH_MISMATCH_REACTIVITY_VS_SEQPOS; 39GB canonical count not yet produced (NOT_RUN)
421580110	RNAPZ8_HRF_0001	RNAPZ8_HRF_0001	RNAPZ8_HRF_0001.rdat	ac60bcca612584fd24d9191cd8a7ab247dea70e0b2376d949f09316b9366e5b8	reactflow_delta.d0x_v2.asset_disposition.v2	PARSE_FAIL_LENGTH_MISMATCH_REACTIVITY_VS_SEQPOS	NOT_RUN	NOT_RUN	NOT_RUN	0	UNPARSEABLE	RECOVERABLE	VERIFIED_CC0_RMDB	RESOLVED	parse_fail:PARSE_FAIL_LENGTH_MISMATCH_REACTIVITY_VS_SEQPOS; 39GB canonical count not yet produced (NOT_RUN)
421580111	RNAPZ8_NMD_0001	RNAPZ8_NMD_0001	RNAPZ8_NMD_0001.rdat	efe20cd8021c93effd76dabde87a2a95c11c713a157d8972bcf5bcb194d5db9a	reactflow_delta.d0x_v2.asset_disposition.v2	PARSE_FAIL_LENGTH_MISMATCH_REACTIVITY_VS_SEQPOS	NOT_RUN	NOT_RUN	NOT_RUN	0	UNPARSEABLE	RECOVERABLE	VERIFIED_CC0_RMDB	RESOLVED	parse_fail:PARSE_FAIL_LENGTH_MISMATCH_REACTIVITY_VS_SEQPOS; 39GB canonical count not yet produced (NOT_RUN)
421580112	RNAPZ8_STD_0001	RNAPZ8_STD_0001	RNAPZ8_STD_0001.rdat	416805b2746ca3c915c7a35c5546dda483b209de2cf3a706619f34b3c0fa8cf4	reactflow_delta.d0x_v2.asset_disposition.v2	PARSE_FAIL_LENGTH_MISMATCH_REACTIVITY_VS_SEQPOS	NOT_RUN	NOT_RUN	NOT_RUN	0	UNPARSEABLE	RECOVERABLE	VERIFIED_CC0_RMDB	RESOLVED	parse_fail:PARSE_FAIL_LENGTH_MISMATCH_REACTIVITY_VS_SEQPOS; 39GB canonical count not yet produced (NOT_RUN)
421580117	RNAPZ9_1M7_0001	RNAPZ9_1M7_0001	RNAPZ9_1M7_0001.rdat	f0229b452719df571d826a121ede920312e4f25d91916da0ed172321bd43d9c8	reactflow_delta.d0x_v2.asset_disposition.v2	PARSE_FAIL_LENGTH_MISMATCH_REACTIVITY_VS_SEQPOS	NOT_RUN	NOT_RUN	NOT_RUN	0	UNPARSEABLE	RECOVERABLE	VERIFIED_CC0_RMDB	RESOLVED	parse_fail:PARSE_FAIL_LENGTH_MISMATCH_REACTIVITY_VS_SEQPOS; 39GB canonical count not yet produced (NOT_RUN)
421580119	RNAPZ9_ALG_0001	RNAPZ9_ALG_0001	RNAPZ9_ALG_0001.rdat	643d25af18d073d471ac4b8889c1bdcdccda76c987c936048ce39ff5ff6d94eb	reactflow_delta.d0x_v2.asset_disposition.v2	PARSE_FAIL_LENGTH_MISMATCH_REACTIVITY_VS_SEQPOS	NOT_RUN	NOT_RUN	NOT_RUN	0	UNPARSEABLE	RECOVERABLE	VERIFIED_CC0_RMDB	RESOLVED	parse_fail:PARSE_FAIL_LENGTH_MISMATCH_REACTIVITY_VS_SEQPOS; 39GB canonical count not yet produced (NOT_RUN)
421580120	RNAPZ9_CMCT_0001	RNAPZ9_CMCT_0001	RNAPZ9_CMCT_0001.rdat	4e3622b32044fd979e57b03142b97fe6e4ce2b0facbde3add0c78e420bc804b0	reactflow_delta.d0x_v2.asset_disposition.v2	PARSE_FAIL_LENGTH_MISMATCH_REACTIVITY_VS_SEQPOS	NOT_RUN	NOT_RUN	NOT_RUN	0	UNPARSEABLE	RECOVERABLE	VERIFIED_CC0_RMDB	RESOLVED	parse_fail:PARSE_FAIL_LENGTH_MISMATCH_REACTIVITY_VS_SEQPOS; 39GB canonical count not yet produced (NOT_RUN)
421580123	RNAPZ9_DMS_0001	RNAPZ9_DMS_0001	RNAPZ9_DMS_0001.rdat	2d780d0cd00a5db12f6bf8239dc898682b134b959bcfbda254a07149cb39fa0d	reactflow_delta.d0x_v2.asset_disposition.v2	PARSE_FAIL_LENGTH_MISMATCH_REACTIVITY_VS_SEQPOS	NOT_RUN	NOT_RUN	NOT_RUN	0	UNPARSEABLE	RECOVERABLE	VERIFIED_CC0_RMDB	RESOLVED	parse_fail:PARSE_FAIL_LENGTH_MISMATCH_REACTIVITY_VS_SEQPOS; 39GB canonical count not yet produced (NOT_RUN)
421580126	RNAPZ9_HRF_0001	RNAPZ9_HRF_0001	RNAPZ9_HRF_0001.rdat	ef642c4a63d1bb8d451e8c304067a4a8bc90037c444e5869ed7b5d29a5dd6d2e	reactflow_delta.d0x_v2.asset_disposition.v2	PARSE_FAIL_LENGTH_MISMATCH_REACTIVITY_VS_SEQPOS	NOT_RUN	NOT_RUN	NOT_RUN	0	UNPARSEABLE	RECOVERABLE	VERIFIED_CC0_RMDB	RESOLVED	parse_fail:PARSE_FAIL_LENGTH_MISMATCH_REACTIVITY_VS_SEQPOS; 39GB canonical count not yet produced (NOT_RUN)
421580130	RNAPZ9_NMD_0001	RNAPZ9_NMD_0001	RNAPZ9_NMD_0001.rdat	7a0992729afdbebf26c8a298360a7073fb20214cbbbeb71d35ee3b752e5b6bec	reactflow_delta.d0x_v2.asset_disposition.v2	PARSE_FAIL_LENGTH_MISMATCH_REACTIVITY_VS_SEQPOS	NOT_RUN	NOT_RUN	NOT_RUN	0	UNPARSEABLE	RECOVERABLE	VERIFIED_CC0_RMDB	RESOLVED	parse_fail:PARSE_FAIL_LENGTH_MISMATCH_REACTIVITY_VS_SEQPOS; 39GB canonical count not yet produced (NOT_RUN)
421580131	RNAPZ9_STD_0001	RNAPZ9_STD_0001	RNAPZ9_STD_0001.rdat	44401d548ff38ecfc6b584c449b900b1f61ccf13efc6ea324f94214244619c48	reactflow_delta.d0x_v2.asset_disposition.v2	PARSE_FAIL_LENGTH_MISMATCH_REACTIVITY_VS_SEQPOS	NOT_RUN	NOT_RUN	NOT_RUN	0	UNPARSEABLE	RECOVERABLE	VERIFIED_CC0_RMDB	RESOLVED	parse_fail:PARSE_FAIL_LENGTH_MISMATCH_REACTIVITY_VS_SEQPOS; 39GB canonical count not yet produced (NOT_RUN)
421582667	RNASEP_1M7_0001	RNASEP_1M7_0001	RNASEP_1M7_0001.rdat	56d5a1b154f368c6e64dda97a80d634178090acebadd565e84f915335d5475eb	reactflow_delta.d0x_v2.asset_disposition.v2	PARSE_FAIL_MISSING_REACTIVITY_ROWS	3	3	NOT_RUN	0	PARSE_FAIL_MISSING_REACTIVITY_ROWS	RECOVERABLE	VERIFIED_CC0_RMDB	RESOLVED	parse_fail:PARSE_FAIL_MISSING_REACTIVITY_ROWS
421582674	RNASEP_1M7_0002	RNASEP_1M7_0002	RNASEP_1M7_0002.rdat	27862ceaf988641b459fdfd70973cdc8ad32d53823e9a8b99ca2f29100a8411c	reactflow_delta.d0x_v2.asset_disposition.v2	PARSE_FAIL_LENGTH_MISMATCH_REACTIVITY_VS_SEQPOS	NOT_RUN	NOT_RUN	NOT_RUN	0	UNPARSEABLE	RECOVERABLE	VERIFIED_CC0_RMDB	RESOLVED	parse_fail:PARSE_FAIL_LENGTH_MISMATCH_REACTIVITY_VS_SEQPOS; 39GB canonical count not yet produced (NOT_RUN)
421582706	RNASEP_1M7_0003	RNASEP_1M7_0003	RNASEP_1M7_0003.rdat	b600e0e1cade7074a18a01b44374992fef5a41b30cf17fe74142bf50e84fdb13	reactflow_delta.d0x_v2.asset_disposition.v2	PARSE_FAIL_LENGTH_MISMATCH_REACTIVITY_VS_SEQPOS	NOT_RUN	NOT_RUN	NOT_RUN	0	UNPARSEABLE	RECOVERABLE	VERIFIED_CC0_RMDB	RESOLVED	parse_fail:PARSE_FAIL_LENGTH_MISMATCH_REACTIVITY_VS_SEQPOS; 39GB canonical count not yet produced (NOT_RUN)
421582719	RNASEP_DMS_0000	RNASEP_DMS_0000	RNASEP_DMS_0000.rdat	4d90c0b47e7e5dc17cf2ded210c04dd922d315ae34a6187bfb3e83fd581c4d3c	reactflow_delta.d0x_v2.asset_disposition.v2	PARSE_SUCCESS	266	266	NOT_RUN	0	NONE	NOT_APPLICABLE	VERIFIED_CC0_RMDB	RESOLVED	
421582727	RNASEP_DMS_0001	RNASEP_DMS_0001	RNASEP_DMS_0001.rdat	e07d4a0d4b209f05b95e27c33e948d73528ea8609c8f6078530cba59d1430f3c	reactflow_delta.d0x_v2.asset_disposition.v2	PARSE_SUCCESS	266	266	NOT_RUN	0	NONE	NOT_APPLICABLE	VERIFIED_CC0_RMDB	RESOLVED	
421582735	RNASEP_DMS_0002	RNASEP_DMS_0002	RNASEP_DMS_0002.rdat	cfb41bb5cfd9f13dfb05ad773f4c43aeaecd279d1d362ba37549c5533353e908	reactflow_delta.d0x_v2.asset_disposition.v2	PARSE_SUCCESS	266	266	NOT_RUN	0	NONE	NOT_APPLICABLE	VERIFIED_CC0_RMDB	RESOLVED	
421582738	RNASEP_RSQ_0000	RNASEP_RSQ_0000	RNASEP_RSQ_0000.rdat	eea5c0d7c9c4b7f099278871f22057dbbbd49989813a52c79b731dac6f6e2f99	reactflow_delta.d0x_v2.asset_disposition.v2	PARSE_FAIL_MALFORMED_SEQPOS	58	58	36	0	PARSE_FAIL_MALFORMED_SEQPOS	RECOVERABLE	VERIFIED_CC0_RMDB	RESOLVED	parse_fail:PARSE_FAIL_MALFORMED_SEQPOS
421582745	RNASEP_SHP_0000	RNASEP_SHP_0000	RNASEP_SHP_0000.rdat	4c98db243f6a29c6926499778f60754c907645f7ad4573b6101083ce91c6b288	reactflow_delta.d0x_v2.asset_disposition.v2	PARSE_SUCCESS	1	1	NOT_RUN	0	NONE	NOT_APPLICABLE	VERIFIED_CC0_RMDB	RESOLVED	
421582746	RNASEP_SHP_0001	RNASEP_SHP_0001	RNASEP_SHP_0001.rdat	2b7f53304f067ca3554673b65824e3c934aae02b489a58962bf26ee48dc2de40	reactflow_delta.d0x_v2.asset_disposition.v2	PARSE_SUCCESS	256	256	NOT_RUN	0	NONE	NOT_APPLICABLE	VERIFIED_CC0_RMDB	RESOLVED	
421582751	RNPSC_1M7_0001	RNPSC_1M7_0001	RNPSC_1M7_0001.rdat	3d58bc7df4d921b2017dbffad022152a6a616a4b4c6b0b6e9770ea01ea113e6d	reactflow_delta.d0x_v2.asset_disposition.v2	PARSE_FAIL_LENGTH_MISMATCH_REACTIVITY_VS_SEQPOS	NOT_RUN	NOT_RUN	NOT_RUN	0	UNPARSEABLE	RECOVERABLE	VERIFIED_CC0_RMDB	RESOLVED	parse_fail:PARSE_FAIL_LENGTH_MISMATCH_REACTIVITY_VS_SEQPOS; 39GB canonical count not yet produced (NOT_RUN)
421582754	RNPSC_1M7_0002	RNPSC_1M7_0002	RNPSC_1M7_0002.rdat	3a2d58e1a06e5128010bcf4614994186127509d51c73e5a695b4542bcf235d27	reactflow_delta.d0x_v2.asset_disposition.v2	PARSE_FAIL_LENGTH_MISMATCH_REACTIVITY_VS_SEQPOS	NOT_RUN	NOT_RUN	NOT_RUN	0	UNPARSEABLE	RECOVERABLE	VERIFIED_CC0_RMDB	RESOLVED	parse_fail:PARSE_FAIL_LENGTH_MISMATCH_REACTIVITY_VS_SEQPOS; 39GB canonical count not yet produced (NOT_RUN)
421582758	RNPSC_1M7_0003	RNPSC_1M7_0003	RNPSC_1M7_0003.rdat	0712f356ae9b03617928693321f2abb78055b9f5f93fa4f02e91de1c4111e2e3	reactflow_delta.d0x_v2.asset_disposition.v2	PARSE_FAIL_LENGTH_MISMATCH_REACTIVITY_VS_SEQPOS	NOT_RUN	NOT_RUN	NOT_RUN	0	UNPARSEABLE	RECOVERABLE	VERIFIED_CC0_RMDB	RESOLVED	parse_fail:PARSE_FAIL_LENGTH_MISMATCH_REACTIVITY_VS_SEQPOS; 39GB canonical count not yet produced (NOT_RUN)
421582760	RNPSC_1M7_0004	RNPSC_1M7_0004	RNPSC_1M7_0004.rdat	031ba303a7965ff1d7238f45c24e5c036057dab3d1247d9a996090584f1b95e6	reactflow_delta.d0x_v2.asset_disposition.v2	PARSE_FAIL_LENGTH_MISMATCH_REACTIVITY_VS_SEQPOS	NOT_RUN	NOT_RUN	NOT_RUN	0	UNPARSEABLE	RECOVERABLE	VERIFIED_CC0_RMDB	RESOLVED	parse_fail:PARSE_FAIL_LENGTH_MISMATCH_REACTIVITY_VS_SEQPOS; 39GB canonical count not yet produced (NOT_RUN)
421582796	RNPSC_1M7_0005	RNPSC_1M7_0005	RNPSC_1M7_0005.rdat	f9ccd41a2bce2d167e39b19c54aac771c2a27e3cc62194aea9f835df0ad82d9c	reactflow_delta.d0x_v2.asset_disposition.v2	PARSE_FAIL_LENGTH_MISMATCH_REACTIVITY_VS_SEQPOS	NOT_RUN	NOT_RUN	NOT_RUN	0	UNPARSEABLE	RECOVERABLE	VERIFIED_CC0_RMDB	RESOLVED	parse_fail:PARSE_FAIL_LENGTH_MISMATCH_REACTIVITY_VS_SEQPOS; 39GB canonical count not yet produced (NOT_RUN)
421582801	RNPSC_1M7_0006	RNPSC_1M7_0006	RNPSC_1M7_0006.rdat	55c5465e80ec4d28886876a98927b3142a91d8b08ba1f56bc9a5670745279e50	reactflow_delta.d0x_v2.asset_disposition.v2	PARSE_FAIL_LENGTH_MISMATCH_REACTIVITY_VS_SEQPOS	NOT_RUN	NOT_RUN	NOT_RUN	0	UNPARSEABLE	RECOVERABLE	VERIFIED_CC0_RMDB	RESOLVED	parse_fail:PARSE_FAIL_LENGTH_MISMATCH_REACTIVITY_VS_SEQPOS; 39GB canonical count not yet produced (NOT_RUN)
421582803	RSTRND_2A3_0000	RSTRND_2A3_0000	RSTRND_2A3_0000.rdat	6e58eb232b5d427efed0d99d11a288b1ca96bd187bf3b5d2adc6bf66d7e9f813	reactflow_delta.d0x_v2.asset_disposition.v2	PARSE_SUCCESS	8773	8773	NOT_RUN	0	NONE	NOT_APPLICABLE	VERIFIED_CC0_RMDB	UNRESOLVED_PUBLICATION	
421582896	RSTRND_DMS_0000	RSTRND_DMS_0000	RSTRND_DMS_0000.rdat	3aea1950e87c87d3336c359176d01cea7ec898720a1c104d81a58fb3c0dc9af0	reactflow_delta.d0x_v2.asset_disposition.v2	PARSE_SUCCESS	8773	8773	NOT_RUN	0	NONE	NOT_APPLICABLE	VERIFIED_CC0_RMDB	UNRESOLVED_PUBLICATION	
421579829	RYOS1_50C_0000	RYOS1_50C_0000	RYOS1_50C_0000.rdat	5df4686b96a3a22e7a9bfb447ad26d1d8b9b6d8040d5513c4f5dae22139b1b02	reactflow_delta.d0x_v2.asset_disposition.v2	PARSE_SUCCESS	3030	3030	NOT_RUN	0	NONE	NOT_APPLICABLE	VERIFIED_CC0_RMDB	RESOLVED	
421579847	RYOS1_MG50_0000	RYOS1_MG50_0000	RYOS1_MG50_0000.rdat	dabbc09f804005c50ba17c10711b77801bf9c4ba2580c609e365ce710e710812	reactflow_delta.d0x_v2.asset_disposition.v2	PARSE_SUCCESS	3030	3030	NOT_RUN	0	NONE	NOT_APPLICABLE	VERIFIED_CC0_RMDB	RESOLVED	
421579848	RYOS1_MGPH_0000	RYOS1_MGPH_0000	RYOS1_MGPH_0000.rdat	68a935e3bf048d0286be11b023a1be6e44fe7d019901b203ab2df94481272045	reactflow_delta.d0x_v2.asset_disposition.v2	PARSE_SUCCESS	3030	3030	NOT_RUN	0	NONE	NOT_APPLICABLE	VERIFIED_CC0_RMDB	RESOLVED	
421579863	RYOS1_NMD_0000	RYOS1_NMD_0000	RYOS1_NMD_0000.rdat	6702a4978ac277ed632a59782f5347806f8801ac540b923ae7d097c2c180a2b3	reactflow_delta.d0x_v2.asset_disposition.v2	PARSE_FAIL_MALFORMED_SEQPOS	3030	3030	NOT_RUN	0	PARSE_FAIL_MALFORMED_SEQPOS	RECOVERABLE	VERIFIED_CC0_RMDB	RESOLVED	parse_fail:PARSE_FAIL_MALFORMED_SEQPOS
421579864	RYOS1_PH10_0000	RYOS1_PH10_0000	RYOS1_PH10_0000.rdat	f13b8f5d54e6247bc9b910806ec678d14c6a37b0c282dabe3e7ab3ada43718c0	reactflow_delta.d0x_v2.asset_disposition.v2	PARSE_SUCCESS	3030	3030	NOT_RUN	0	NONE	NOT_APPLICABLE	VERIFIED_CC0_RMDB	RESOLVED	
421579872	RYOS2_1M7_0000	RYOS2_1M7_0000	RYOS2_1M7_0000.rdat	50ba4eaab18860be16e8f7d62508cb65d4b044c23f42c0efd06f063f1382b823	reactflow_delta.d0x_v2.asset_disposition.v2	PARSE_SUCCESS	3013	3013	NOT_RUN	0	NONE	NOT_APPLICABLE	VERIFIED_CC0_RMDB	RESOLVED	
421579883	RYOS2_MG50_0000	RYOS2_MG50_0000	RYOS2_MG50_0000.rdat	4e67e0f6544894a49248e0a859795dd0ec3800ce2bb0675f3204bcf3ac163e54	reactflow_delta.d0x_v2.asset_disposition.v2	PARSE_SUCCESS	3013	3013	NOT_RUN	0	NONE	NOT_APPLICABLE	VERIFIED_CC0_RMDB	RESOLVED	
421579891	RYOS2_MGPH_0000	RYOS2_MGPH_0000	RYOS2_MGPH_0000.rdat	ad3864663515f21b4f0b9ef6972059a6e80cc25e8154548b4abcd9995853a3b3	reactflow_delta.d0x_v2.asset_disposition.v2	PARSE_SUCCESS	3013	3013	NOT_RUN	0	NONE	NOT_APPLICABLE	VERIFIED_CC0_RMDB	RESOLVED	
421580470	RYOSFL_MOD_0001	RYOSFL_MOD_0001	RYOSFL_MOD_0001.rdat	7fdbf25cfda53614f488a5645495e3d427bee4b96787b59251da7ef3b95e5ce8	reactflow_delta.d0x_v2.asset_disposition.v2	PARSE_SUCCESS	12	12	NOT_RUN	0	NONE	NOT_APPLICABLE	VERIFIED_CC0_RMDB	RESOLVED	
421580473	RYOSFL_MOD_0002	RYOSFL_MOD_0002	RYOSFL_MOD_0002.rdat	6e6cf919b2a1379faa6b40efbf3bcec02d9a785e22b000001cc5462fdb32bec6	reactflow_delta.d0x_v2.asset_disposition.v2	PARSE_SUCCESS	12	12	NOT_RUN	0	NONE	NOT_APPLICABLE	VERIFIED_CC0_RMDB	RESOLVED	
421580474	RYOSFL_MOD_0003	RYOSFL_MOD_0003	RYOSFL_MOD_0003.rdat	2897b93b21e46d4317c2ebd0d8e5be5005e9490553b08446af8590fff24b3bd8	reactflow_delta.d0x_v2.asset_disposition.v2	PARSE_SUCCESS	12	12	NOT_RUN	0	NONE	NOT_APPLICABLE	VERIFIED_CC0_RMDB	RESOLVED	
421580475	RYOSFL_MOD_0004	RYOSFL_MOD_0004	RYOSFL_MOD_0004.rdat	a932f885709a159e6eac0bfb423fd0741a404334121e490394889e5f804c63d8	reactflow_delta.d0x_v2.asset_disposition.v2	PARSE_SUCCESS	12	12	NOT_RUN	0	NONE	NOT_APPLICABLE	VERIFIED_CC0_RMDB	RESOLVED	
421580476	RYOSFL_MOD_0005	RYOSFL_MOD_0005	RYOSFL_MOD_0005.rdat	2658f73b8cd7241782cb1def0749f1168bf71a91affb16fb1bb89d5de8714720	reactflow_delta.d0x_v2.asset_disposition.v2	PARSE_SUCCESS	12	12	NOT_RUN	0	NONE	NOT_APPLICABLE	VERIFIED_CC0_RMDB	RESOLVED	
421580477	RYOSFL_MOD_0006	RYOSFL_MOD_0006	RYOSFL_MOD_0006.rdat	869123a659565fd82f41d520436e5f334c6c95887b892011ca0ffde921caba5e	reactflow_delta.d0x_v2.asset_disposition.v2	PARSE_SUCCESS	12	12	NOT_RUN	0	NONE	NOT_APPLICABLE	VERIFIED_CC0_RMDB	RESOLVED	
421580479	RYOSFL_MOD_0007	RYOSFL_MOD_0007	RYOSFL_MOD_0007.rdat	80bf0e02c022818d2728358ef8a6173a447e4b380d269cd443a1721e615468db	reactflow_delta.d0x_v2.asset_disposition.v2	PARSE_SUCCESS	12	12	NOT_RUN	0	NONE	NOT_APPLICABLE	VERIFIED_CC0_RMDB	RESOLVED	
421580480	RYOSFL_MOD_0008	RYOSFL_MOD_0008	RYOSFL_MOD_0008.rdat	49a47d2ab0921c51f85e974ca39b7e5daa068618925683a354d393413233ad82	reactflow_delta.d0x_v2.asset_disposition.v2	PARSE_SUCCESS	12	12	NOT_RUN	0	NONE	NOT_APPLICABLE	VERIFIED_CC0_RMDB	RESOLVED	
421580481	SAM4APO_DMS_0000	SAM4APO_DMS_0000	SAM4APO_DMS_0000.rdat	31b49ecfd28c9fb34a4c8cf9879f034146d17154851d8f13f9df3d595d0e2e5a	reactflow_delta.d0x_v2.asset_disposition.v2	PARSE_FAIL_ANNOTATION_MISSING_SEPARATOR	190	190	NOT_RUN	0	PARSE_FAIL_ANNOTATION_MISSING_SEPARATOR	RECOVERABLE	VERIFIED_CC0_RMDB	RESOLVED	parse_fail:PARSE_FAIL_ANNOTATION_MISSING_SEPARATOR
421580482	SAM4SAM_DMS_0000	SAM4SAM_DMS_0000	SAM4SAM_DMS_0000.rdat	64683c9a4a3eeae8a8c106fcf99ed5563bc69a5b94b5ba8ec9183760a290d121	reactflow_delta.d0x_v2.asset_disposition.v2	PARSE_FAIL_ANNOTATION_MISSING_SEPARATOR	190	190	NOT_RUN	0	PARSE_FAIL_ANNOTATION_MISSING_SEPARATOR	RECOVERABLE	VERIFIED_CC0_RMDB	RESOLVED	parse_fail:PARSE_FAIL_ANNOTATION_MISSING_SEPARATOR
421580496	SAMRSW_1M7_0001	SAMRSW_1M7_0001	SAMRSW_1M7_0001.rdat	7e12b388656975fd2bcb1b1f344a8871787fd77b0aa070ee3ab0b24ac8be9724	reactflow_delta.d0x_v2.asset_disposition.v2	PARSE_FAIL_LENGTH_MISMATCH_REACTIVITY_VS_SEQPOS	NOT_RUN	NOT_RUN	NOT_RUN	0	UNPARSEABLE	RECOVERABLE	VERIFIED_CC0_RMDB	RESOLVED	parse_fail:PARSE_FAIL_LENGTH_MISMATCH_REACTIVITY_VS_SEQPOS; 39GB canonical count not yet produced (NOT_RUN)
421580494	SAMRSW_1M7_0002	SAMRSW_1M7_0002	SAMRSW_1M7_0002.rdat	737c59a431fe462ec8ede403be837f2891f6e51ea9fcc4328450c564563d789b	reactflow_delta.d0x_v2.asset_disposition.v2	PARSE_FAIL_LENGTH_MISMATCH_REACTIVITY_VS_SEQPOS	NOT_RUN	NOT_RUN	NOT_RUN	0	UNPARSEABLE	RECOVERABLE	VERIFIED_CC0_RMDB	RESOLVED	parse_fail:PARSE_FAIL_LENGTH_MISMATCH_REACTIVITY_VS_SEQPOS; 39GB canonical count not yet produced (NOT_RUN)
421580495	SAMRSW_1M7_0003	SAMRSW_1M7_0003	SAMRSW_1M7_0003.rdat	a3c4bf6870bd115adad5eca8bc8e3f3b6d517eefb862a456b4edfc7f4f8325e4	reactflow_delta.d0x_v2.asset_disposition.v2	PARSE_FAIL_LENGTH_MISMATCH_REACTIVITY_VS_SEQPOS	NOT_RUN	NOT_RUN	NOT_RUN	0	UNPARSEABLE	RECOVERABLE	VERIFIED_CC0_RMDB	RESOLVED	parse_fail:PARSE_FAIL_LENGTH_MISMATCH_REACTIVITY_VS_SEQPOS; 39GB canonical count not yet produced (NOT_RUN)
421580497	SAMSC_1M7_0001	SAMSC_1M7_0001	SAMSC_1M7_0001.rdat	2e68d8f31bf94c6356d739403291a899ec4a7200fca12f72aaf0527d0c1ffbb7	reactflow_delta.d0x_v2.asset_disposition.v2	PARSE_FAIL_LENGTH_MISMATCH_REACTIVITY_VS_SEQPOS	NOT_RUN	NOT_RUN	NOT_RUN	0	UNPARSEABLE	RECOVERABLE	VERIFIED_CC0_RMDB	RESOLVED	parse_fail:PARSE_FAIL_LENGTH_MISMATCH_REACTIVITY_VS_SEQPOS; 39GB canonical count not yet produced (NOT_RUN)
421580498	SAMSC_1M7_0002	SAMSC_1M7_0002	SAMSC_1M7_0002.rdat	737c59a431fe462ec8ede403be837f2891f6e51ea9fcc4328450c564563d789b	reactflow_delta.d0x_v2.asset_disposition.v2	PARSE_FAIL_LENGTH_MISMATCH_REACTIVITY_VS_SEQPOS	NOT_RUN	NOT_RUN	NOT_RUN	0	UNPARSEABLE	RECOVERABLE	VERIFIED_CC0_RMDB	RESOLVED	parse_fail:PARSE_FAIL_LENGTH_MISMATCH_REACTIVITY_VS_SEQPOS; 39GB canonical count not yet produced (NOT_RUN)
421580499	SAMSC_1M7_0003	SAMSC_1M7_0003	SAMSC_1M7_0003.rdat	c020c60f8930dd303ce716a1da2714f540c8bdb9056ed84bdbcf32cae380136d	reactflow_delta.d0x_v2.asset_disposition.v2	PARSE_FAIL_LENGTH_MISMATCH_REACTIVITY_VS_SEQPOS	NOT_RUN	NOT_RUN	NOT_RUN	0	UNPARSEABLE	RECOVERABLE	VERIFIED_CC0_RMDB	RESOLVED	parse_fail:PARSE_FAIL_LENGTH_MISMATCH_REACTIVITY_VS_SEQPOS; 39GB canonical count not yet produced (NOT_RUN)
421592804	SCARNA6_DMS_0000	SCARNA6_DMS_0000	SCARNA6_DMS_0000.rdat	1f45fcfca5dc798412c83e47b3ec777ac0c5312ab048e2910b0ba28d5f7157b7	reactflow_delta.d0x_v2.asset_disposition.v2	PARSE_FAIL_ANNOTATION_MISSING_SEPARATOR	336	336	NOT_RUN	0	PARSE_FAIL_ANNOTATION_MISSING_SEPARATOR	RECOVERABLE	VERIFIED_CC0_RMDB	RESOLVED	parse_fail:PARSE_FAIL_ANNOTATION_MISSING_SEPARATOR
421580500	SCONTR_1M7_0001	SCONTR_1M7_0001	SCONTR_1M7_0001.rdat	aed9a5fd24802866db647651d7b972ba5261d7fef95405fb9018b697663c97b9	reactflow_delta.d0x_v2.asset_disposition.v2	PARSE_SUCCESS	2	2	NOT_RUN	0	NONE	NOT_APPLICABLE	VERIFIED_CC0_RMDB	RESOLVED	
421579894	SHAPE_RYOS_0620	SHAPE_RYOS_0620	SHAPE_RYOS_0620.rdat	b06b7ca7206b7fde1c7f21cd717cebbc20c5c89921a8b63297cea7dcce006d8b	reactflow_delta.d0x_v2.asset_disposition.v2	PARSE_SUCCESS	3030	3030	NOT_RUN	0	NONE	NOT_APPLICABLE	VERIFIED_CC0_RMDB	RESOLVED	
421583065	SHPKNT_2A3_0000	SHPKNT_2A3_0000	SHPKNT_2A3_0000.rdat	669dd658a79a0e1bb91403b7acfc9b1507dc738b7e9e9b7fcf1162c1506713e6	reactflow_delta.d0x_v2.asset_disposition.v2	PARSE_SUCCESS	227	227	NOT_RUN	0	NONE	NOT_APPLICABLE	VERIFIED_CC0_RMDB	RESOLVED	
421583063	SHPKNT_DMS_0000	SHPKNT_DMS_0000	SHPKNT_DMS_0000.rdat	97ea8f668d8d9ea124e57917b22794dc0573c5c8b5f96e79fc683d924e188651	reactflow_delta.d0x_v2.asset_disposition.v2	PARSE_SUCCESS	227	227	NOT_RUN	0	NONE	NOT_APPLICABLE	VERIFIED_CC0_RMDB	RESOLVED	
421583068	SL5CV2_2A3_0001	SL5CV2_2A3_0001	SL5CV2_2A3_0001.rdat	6749bcbcc686b14a95593d55081b7b7b29cf69bfabe0d23a1db0adc3d2a298ed	reactflow_delta.d0x_v2.asset_disposition.v2	PARSE_FAIL_ANNOTATION_MISSING_SEPARATOR	125	125	124	0	PARSE_FAIL_ANNOTATION_MISSING_SEPARATOR	RECOVERABLE	VERIFIED_CC0_RMDB	RESOLVED	parse_fail:PARSE_FAIL_ANNOTATION_MISSING_SEPARATOR
421583064	SL5CV2_DMS_0001	SL5CV2_DMS_0001	SL5CV2_DMS_0001.rdat	477d8a17d3dc2b270a11acecf643071837657a3b2276581aab83d8add700b8f4	reactflow_delta.d0x_v2.asset_disposition.v2	PARSE_FAIL_ANNOTATION_MISSING_SEPARATOR	125	125	124	0	PARSE_FAIL_ANNOTATION_MISSING_SEPARATOR	RECOVERABLE	VERIFIED_CC0_RMDB	RESOLVED	parse_fail:PARSE_FAIL_ANNOTATION_MISSING_SEPARATOR
421583066	SL5CV2_NOM_0001	SL5CV2_NOM_0001	SL5CV2_NOM_0001.rdat	137aa1ded199e51a68baf434e7339693cd286e004d302d81ec1172791696c4a8	reactflow_delta.d0x_v2.asset_disposition.v2	PARSE_FAIL_ANNOTATION_MISSING_SEPARATOR	125	125	124	0	PARSE_FAIL_ANNOTATION_MISSING_SEPARATOR	RECOVERABLE	VERIFIED_CC0_RMDB	RESOLVED	parse_fail:PARSE_FAIL_ANNOTATION_MISSING_SEPARATOR
421583075	SL5CV2_NOM_0002	SL5CV2_NOM_0002	SL5CV2_NOM_0002.rdat	6b5d935a94d2d15131b649160232c3a99c2ffa22dcf8bd7d5636d0727ea6f97c	reactflow_delta.d0x_v2.asset_disposition.v2	PARSE_FAIL_ANNOTATION_MISSING_SEPARATOR	125	125	124	0	PARSE_FAIL_ANNOTATION_MISSING_SEPARATOR	RECOVERABLE	VERIFIED_CC0_RMDB	RESOLVED	parse_fail:PARSE_FAIL_ANNOTATION_MISSING_SEPARATOR
421583076	SL5HKU_2A3_0001	SL5HKU_2A3_0001	SL5HKU_2A3_0001.rdat	cdb9f71399dd80c925ba59555448a0ac51be02c90fb8ba4300a76b0b2b4233a7	reactflow_delta.d0x_v2.asset_disposition.v2	PARSE_FAIL_ANNOTATION_MISSING_SEPARATOR	136	136	135	0	PARSE_FAIL_ANNOTATION_MISSING_SEPARATOR	RECOVERABLE	VERIFIED_CC0_RMDB	RESOLVED	parse_fail:PARSE_FAIL_ANNOTATION_MISSING_SEPARATOR
421583077	SL5HKU_DMS_0001	SL5HKU_DMS_0001	SL5HKU_DMS_0001.rdat	4b00f5a911f2ba8af09dc68dacc5454d87afe3b2e2a60abb7e23fdea31ec1fa3	reactflow_delta.d0x_v2.asset_disposition.v2	PARSE_FAIL_ANNOTATION_MISSING_SEPARATOR	136	136	135	0	PARSE_FAIL_ANNOTATION_MISSING_SEPARATOR	RECOVERABLE	VERIFIED_CC0_RMDB	RESOLVED	parse_fail:PARSE_FAIL_ANNOTATION_MISSING_SEPARATOR
421583078	SL5HKU_NOM_0001	SL5HKU_NOM_0001	SL5HKU_NOM_0001.rdat	3919e9ec065a1ef68cc831b878214648892fdf60908bee51f15ca88138f52bd7	reactflow_delta.d0x_v2.asset_disposition.v2	PARSE_FAIL_ANNOTATION_MISSING_SEPARATOR	136	136	135	0	PARSE_FAIL_ANNOTATION_MISSING_SEPARATOR	RECOVERABLE	VERIFIED_CC0_RMDB	RESOLVED	parse_fail:PARSE_FAIL_ANNOTATION_MISSING_SEPARATOR
421583080	SL5HKU_NOM_0002	SL5HKU_NOM_0002	SL5HKU_NOM_0002.rdat	7b4ce178089037fdfc07d1ea02590f18aa9ee7ba9668386877653ffdcef920d8	reactflow_delta.d0x_v2.asset_disposition.v2	PARSE_FAIL_ANNOTATION_MISSING_SEPARATOR	136	136	135	0	PARSE_FAIL_ANNOTATION_MISSING_SEPARATOR	RECOVERABLE	VERIFIED_CC0_RMDB	RESOLVED	parse_fail:PARSE_FAIL_ANNOTATION_MISSING_SEPARATOR
421583083	SL5MER_2A3_0001	SL5MER_2A3_0001	SL5MER_2A3_0001.rdat	1ddf574cfd474d09a94b9f463f94ae18ab29405462f06c49f8626f889c82e647	reactflow_delta.d0x_v2.asset_disposition.v2	PARSE_FAIL_ANNOTATION_MISSING_SEPARATOR	136	136	135	0	PARSE_FAIL_ANNOTATION_MISSING_SEPARATOR	RECOVERABLE	VERIFIED_CC0_RMDB	RESOLVED	parse_fail:PARSE_FAIL_ANNOTATION_MISSING_SEPARATOR
421583084	SL5MER_DMS_0001	SL5MER_DMS_0001	SL5MER_DMS_0001.rdat	f95b11fd0bb7ba9db40de582c586b22a2d598b8bcb252b7ad053655d6c68be37	reactflow_delta.d0x_v2.asset_disposition.v2	PARSE_FAIL_ANNOTATION_MISSING_SEPARATOR	136	136	135	0	PARSE_FAIL_ANNOTATION_MISSING_SEPARATOR	RECOVERABLE	VERIFIED_CC0_RMDB	RESOLVED	parse_fail:PARSE_FAIL_ANNOTATION_MISSING_SEPARATOR
421583086	SL5MER_NOM_0001	SL5MER_NOM_0001	SL5MER_NOM_0001.rdat	3d2bc35c9f4fda3a67e3fc1b14cb9a85b1206e5a23d5450243a68b527a621bb7	reactflow_delta.d0x_v2.asset_disposition.v2	PARSE_FAIL_ANNOTATION_MISSING_SEPARATOR	136	136	135	0	PARSE_FAIL_ANNOTATION_MISSING_SEPARATOR	RECOVERABLE	VERIFIED_CC0_RMDB	RESOLVED	parse_fail:PARSE_FAIL_ANNOTATION_MISSING_SEPARATOR
421583087	SL5MER_NOM_0002	SL5MER_NOM_0002	SL5MER_NOM_0002.rdat	0a8c974288cc5e62f344466d8c221e5126681bcb455192773a8e16cab1ce134e	reactflow_delta.d0x_v2.asset_disposition.v2	PARSE_FAIL_ANNOTATION_MISSING_SEPARATOR	136	136	135	0	PARSE_FAIL_ANNOTATION_MISSING_SEPARATOR	RECOVERABLE	VERIFIED_CC0_RMDB	RESOLVED	parse_fail:PARSE_FAIL_ANNOTATION_MISSING_SEPARATOR
421592806	SPINACH_DMS_0000	SPINACH_DMS_0000	SPINACH_DMS_0000.rdat	99feb88765a249978b413fa6aff454af6a664be96653726e115b134e0d4cdb14	reactflow_delta.d0x_v2.asset_disposition.v2	PARSE_FAIL_ANNOTATION_MISSING_SEPARATOR	200	200	NOT_RUN	0	PARSE_FAIL_ANNOTATION_MISSING_SEPARATOR	RECOVERABLE	VERIFIED_CC0_RMDB	RESOLVED	parse_fail:PARSE_FAIL_ANNOTATION_MISSING_SEPARATOR
421875676	SPINACH_M2G4_0001	SPINACH_M2G4_0001	SPINACH_M2G4_0001.rdat	a2423ec5c4d80b64bb400f0f5b812003b7fe5fab09fe67800352a71509712d31	reactflow_delta.d0x_v2.asset_disposition.v2	PARSE_FAIL_ANNOTATION_MISSING_SEPARATOR	160	160	NOT_RUN	0	PARSE_FAIL_ANNOTATION_MISSING_SEPARATOR	RECOVERABLE	VERIFIED_CC0_RMDB	RESOLVED	parse_fail:PARSE_FAIL_ANNOTATION_MISSING_SEPARATOR
421583088	SRP21CR_BZCN_0001	SRP21CR_BZCN_0001	SRP21CR_BZCN_0001.rdat	6d7287b406e74443ff292814331482ecb74fba393f0ef0962782ea09b2fc1007	reactflow_delta.d0x_v2.asset_disposition.v2	PARSE_FAIL_MISSING_REACTIVITY_ROWS	1	1	NOT_RUN	111	LENGTH_MISMATCH	RECOVERABLE	VERIFIED_CC0_RMDB	RESOLVED	parse_fail:PARSE_FAIL_MISSING_REACTIVITY_ROWS; 111 LENGTH_MISMATCH profile rows
421583092	SRP21CR_BZCN_0002	SRP21CR_BZCN_0002	SRP21CR_BZCN_0002.rdat	deead489c313ff1252f49a4c691134577b6ba5a2cfd128dde1e8fdc4f6f3294b	reactflow_delta.d0x_v2.asset_disposition.v2	PARSE_FAIL_MISSING_REACTIVITY_ROWS	1	1	NOT_RUN	111	LENGTH_MISMATCH	RECOVERABLE	VERIFIED_CC0_RMDB	RESOLVED	parse_fail:PARSE_FAIL_MISSING_REACTIVITY_ROWS; 111 LENGTH_MISMATCH profile rows
421583093	SRP21CR_BZCN_0003	SRP21CR_BZCN_0003	SRP21CR_BZCN_0003.rdat	5e8c5b85b7b91323060da8d75b8b4770104185e89221eb1345137b742b86df71	reactflow_delta.d0x_v2.asset_disposition.v2	PARSE_FAIL_MISSING_REACTIVITY_ROWS	1	1	NOT_RUN	111	LENGTH_MISMATCH	RECOVERABLE	VERIFIED_CC0_RMDB	RESOLVED	parse_fail:PARSE_FAIL_MISSING_REACTIVITY_ROWS; 111 LENGTH_MISMATCH profile rows
421583094	SRPDIV_DMS_0001	SRPDIV_DMS_0001	SRPDIV_DMS_0001.rdat	86cc78dc77076056d2c92e300ded90cf91bd87aa7d3315d2c340ba34b55c351f	reactflow_delta.d0x_v2.asset_disposition.v2	PARSE_FAIL_MALFORMED_SEQPOS	64	64	32	0	PARSE_FAIL_MALFORMED_SEQPOS	RECOVERABLE	VERIFIED_CC0_RMDB	RESOLVED	parse_fail:PARSE_FAIL_MALFORMED_SEQPOS
421583096	SRPECLI_BZCN_0001	SRPECLI_BZCN_0001	SRPECLI_BZCN_0001.rdat	579801d85f48159b8cb9724cb7e6560dd166eb1e34111e659ddf5d7a9461b3f9	reactflow_delta.d0x_v2.asset_disposition.v2	PARSE_FAIL_MISSING_REACTIVITY_ROWS	NOT_RUN	NOT_RUN	NOT_RUN	96	LENGTH_MISMATCH	RECOVERABLE	VERIFIED_CC0_RMDB	RESOLVED	parse_fail:PARSE_FAIL_MISSING_REACTIVITY_ROWS; 96 LENGTH_MISMATCH profile rows; 39GB canonical count not yet produced (NOT_RUN)
421583097	SRPECLI_BZCN_0002	SRPECLI_BZCN_0002	SRPECLI_BZCN_0002.rdat	91aaf04fa146eed247e5ff41cca0e1b326dd8520b1d11284cf2515f1637f2cf9	reactflow_delta.d0x_v2.asset_disposition.v2	PARSE_FAIL_MISSING_REACTIVITY_ROWS	NOT_RUN	NOT_RUN	NOT_RUN	96	LENGTH_MISMATCH	RECOVERABLE	VERIFIED_CC0_RMDB	RESOLVED	parse_fail:PARSE_FAIL_MISSING_REACTIVITY_ROWS; 96 LENGTH_MISMATCH profile rows; 39GB canonical count not yet produced (NOT_RUN)
421583099	SRPECLI_BZCN_0003	SRPECLI_BZCN_0003	SRPECLI_BZCN_0003.rdat	47dad3ec7da38ec484a540e282335b74ec32b1b88bdb489fe6a775416e0fd4aa	reactflow_delta.d0x_v2.asset_disposition.v2	PARSE_FAIL_MISSING_REACTIVITY_ROWS	NOT_RUN	NOT_RUN	NOT_RUN	96	LENGTH_MISMATCH	RECOVERABLE	VERIFIED_CC0_RMDB	RESOLVED	parse_fail:PARSE_FAIL_MISSING_REACTIVITY_ROWS; 96 LENGTH_MISMATCH profile rows; 39GB canonical count not yet produced (NOT_RUN)
421583100	SRPECLI_BZCN_0004	SRPECLI_BZCN_0004	SRPECLI_BZCN_0004.rdat	d2663a1ebf0f055fdef0bf6f3b2fc8be2547e622db5163285aca323878ecda9a	reactflow_delta.d0x_v2.asset_disposition.v2	PARSE_FAIL_MISSING_REACTIVITY_ROWS	NOT_RUN	NOT_RUN	NOT_RUN	96	LENGTH_MISMATCH	RECOVERABLE	VERIFIED_CC0_RMDB	RESOLVED	parse_fail:PARSE_FAIL_MISSING_REACTIVITY_ROWS; 96 LENGTH_MISMATCH profile rows; 39GB canonical count not yet produced (NOT_RUN)
421583102	SRPECLI_DMS_0001	SRPECLI_DMS_0001	SRPECLI_DMS_0001.rdat	3c3af3f9599fa391c47da5236d9c9f650e9189fd48abfd7e1f740876bbd75def	reactflow_delta.d0x_v2.asset_disposition.v2	PARSE_FAIL_MISSING_REACTIVITY_ROWS	NOT_RUN	NOT_RUN	NOT_RUN	96	LENGTH_MISMATCH	RECOVERABLE	VERIFIED_CC0_RMDB	RESOLVED	parse_fail:PARSE_FAIL_MISSING_REACTIVITY_ROWS; 96 LENGTH_MISMATCH profile rows; 39GB canonical count not yet produced (NOT_RUN)
421583101	SRPECLI_DMS_0002	SRPECLI_DMS_0002	SRPECLI_DMS_0002.rdat	b10065531f5d6c78235a01ac0d5b7a2b6ab77305cc96b7f2e3a3ba11434c2910	reactflow_delta.d0x_v2.asset_disposition.v2	PARSE_FAIL_MISSING_REACTIVITY_ROWS	NOT_RUN	NOT_RUN	NOT_RUN	96	LENGTH_MISMATCH	RECOVERABLE	VERIFIED_CC0_RMDB	RESOLVED	parse_fail:PARSE_FAIL_MISSING_REACTIVITY_ROWS; 96 LENGTH_MISMATCH profile rows; 39GB canonical count not yet produced (NOT_RUN)
421583103	SRPECLI_DMS_0003	SRPECLI_DMS_0003	SRPECLI_DMS_0003.rdat	6d1d6ca54ba175a6477cd74639be368bcb23385618d6f623aaead424fdb6cf78	reactflow_delta.d0x_v2.asset_disposition.v2	PARSE_FAIL_MISSING_REACTIVITY_ROWS	NOT_RUN	NOT_RUN	NOT_RUN	96	LENGTH_MISMATCH	RECOVERABLE	VERIFIED_CC0_RMDB	RESOLVED	parse_fail:PARSE_FAIL_MISSING_REACTIVITY_ROWS; 96 LENGTH_MISMATCH profile rows; 39GB canonical count not yet produced (NOT_RUN)
421583105	SRPU21C_BZCN_0001	SRPU21C_BZCN_0001	SRPU21C_BZCN_0001.rdat	314cb67c8f3b76f3f4e03574621a1318c28fcb44e0b45a6d72fa173bd61aeffe	reactflow_delta.d0x_v2.asset_disposition.v2	PARSE_FAIL_MISSING_REACTIVITY_ROWS	1	1	NOT_RUN	111	LENGTH_MISMATCH	RECOVERABLE	VERIFIED_CC0_RMDB	RESOLVED	parse_fail:PARSE_FAIL_MISSING_REACTIVITY_ROWS; 111 LENGTH_MISMATCH profile rows
421583104	SRPU21C_BZCN_0002	SRPU21C_BZCN_0002	SRPU21C_BZCN_0002.rdat	bd62e82ed8828b07480a0a5dce4ca717d5fd355fe20ec9e2502eb871b9c3a89a	reactflow_delta.d0x_v2.asset_disposition.v2	PARSE_FAIL_MISSING_REACTIVITY_ROWS	1	1	NOT_RUN	111	LENGTH_MISMATCH	RECOVERABLE	VERIFIED_CC0_RMDB	RESOLVED	parse_fail:PARSE_FAIL_MISSING_REACTIVITY_ROWS; 111 LENGTH_MISMATCH profile rows
421583106	SRPU21C_BZCN_0003	SRPU21C_BZCN_0003	SRPU21C_BZCN_0003.rdat	b4227d9f03ece7f9128be6c88ec2318b43453df78d60b4871bc19f819ecfa3ab	reactflow_delta.d0x_v2.asset_disposition.v2	PARSE_FAIL_MISSING_REACTIVITY_ROWS	1	1	NOT_RUN	111	LENGTH_MISMATCH	RECOVERABLE	VERIFIED_CC0_RMDB	RESOLVED	parse_fail:PARSE_FAIL_MISSING_REACTIVITY_ROWS; 111 LENGTH_MISMATCH profile rows
421583107	SRPU21C_BZCN_0004	SRPU21C_BZCN_0004	SRPU21C_BZCN_0004.rdat	bdc440a95c7d3bda45497b8cf5ef81c7963ce41a1633bca63e3fce0d36c95090	reactflow_delta.d0x_v2.asset_disposition.v2	PARSE_FAIL_MISSING_REACTIVITY_ROWS	1	1	NOT_RUN	97	LENGTH_MISMATCH	RECOVERABLE	VERIFIED_CC0_RMDB	RESOLVED	parse_fail:PARSE_FAIL_MISSING_REACTIVITY_ROWS; 97 LENGTH_MISMATCH profile rows
421583108	SRPU21C_BZCN_0005	SRPU21C_BZCN_0005	SRPU21C_BZCN_0005.rdat	132e3986e4d0a818ef8d0e348d360c18f99a12f67aaf6585d99f6b5af069ecb1	reactflow_delta.d0x_v2.asset_disposition.v2	PARSE_FAIL_MISSING_REACTIVITY_ROWS	1	1	NOT_RUN	97	LENGTH_MISMATCH	RECOVERABLE	VERIFIED_CC0_RMDB	RESOLVED	parse_fail:PARSE_FAIL_MISSING_REACTIVITY_ROWS; 97 LENGTH_MISMATCH profile rows
421583110	SRSBCV_2A3_0000	SRSBCV_2A3_0000	SRSBCV_2A3_0000.rdat	b8ceb8cf83f0817f94fe06d3a466ca77d7f8e8404a04cb89d5ce4e7a6523a3a7	reactflow_delta.d0x_v2.asset_disposition.v2	PARSE_SUCCESS	70000	70000	NOT_RUN	0	NONE	NOT_APPLICABLE	VERIFIED_CC0_RMDB	UNRESOLVED_PUBLICATION	
421583114	SRSBCV_2A3_0001	SRSBCV_2A3_0001	SRSBCV_2A3_0001.rdat	60793fcf7fd9162e39ef9464643847f0f6506b1a498b917d697e501f2fff3d6b	reactflow_delta.d0x_v2.asset_disposition.v2	PARSE_SUCCESS	70000	70000	NOT_RUN	0	NONE	NOT_APPLICABLE	VERIFIED_CC0_RMDB	UNRESOLVED_PUBLICATION	
421583115	SRSBCV_2A3_0002	SRSBCV_2A3_0002	SRSBCV_2A3_0002.rdat	a1fee405781415aea84ed059f353b72933c6cd18d000bb853ab9dafd8ee9fc10	reactflow_delta.d0x_v2.asset_disposition.v2	PARSE_SUCCESS	63351	63351	NOT_RUN	0	NONE	NOT_APPLICABLE	VERIFIED_CC0_RMDB	UNRESOLVED_PUBLICATION	
421583116	SRSBCV_2A3_0003	SRSBCV_2A3_0003	SRSBCV_2A3_0003.rdat	a67a1d2b93ece93201e9011916cc313ef53df8126399d61bc16657f025954d44	reactflow_delta.d0x_v2.asset_disposition.v2	PARSE_SUCCESS	70000	70000	NOT_RUN	0	NONE	NOT_APPLICABLE	VERIFIED_CC0_RMDB	UNRESOLVED_PUBLICATION	
421583117	SRSBCV_2A3_0004	SRSBCV_2A3_0004	SRSBCV_2A3_0004.rdat	233d5e0316b945cd62dc6f760b86eb6e1dc1ae8ef874dbb417266639835eb940	reactflow_delta.d0x_v2.asset_disposition.v2	PARSE_SUCCESS	70000	70000	NOT_RUN	0	NONE	NOT_APPLICABLE	VERIFIED_CC0_RMDB	UNRESOLVED_PUBLICATION	
421584102	SRSBCV_2A3_0005	SRSBCV_2A3_0005	SRSBCV_2A3_0005.rdat	0341a4bd637c5c61dfab97133882e289f6c9de6320081dfe83eb2d7b02ddd3d3	reactflow_delta.d0x_v2.asset_disposition.v2	PARSE_SUCCESS	70000	70000	NOT_RUN	0	NONE	NOT_APPLICABLE	VERIFIED_CC0_RMDB	UNRESOLVED_PUBLICATION	
421584143	SRSBCV_2A3_0006	SRSBCV_2A3_0006	SRSBCV_2A3_0006.rdat	d84f28a9a08671fcb7b4e55f7e588a76df43583aeb65a157827cf78f21561337	reactflow_delta.d0x_v2.asset_disposition.v2	PARSE_SUCCESS	41005	41005	NOT_RUN	0	NONE	NOT_APPLICABLE	VERIFIED_CC0_RMDB	UNRESOLVED_PUBLICATION	
421584163	SRSBCV_DMS_0000	SRSBCV_DMS_0000	SRSBCV_DMS_0000.rdat	1e49ce267bb4dc5da74feb925223b22e241022af98402617f98e980b84e720a3	reactflow_delta.d0x_v2.asset_disposition.v2	PARSE_SUCCESS	70000	70000	NOT_RUN	0	NONE	NOT_APPLICABLE	VERIFIED_CC0_RMDB	UNRESOLVED_PUBLICATION	
421584346	SRSBCV_DMS_0001	SRSBCV_DMS_0001	SRSBCV_DMS_0001.rdat	86ff798e52302f7ca65d95d343299e32d1b717a6fb3b58d3dfac7ae194355da1	reactflow_delta.d0x_v2.asset_disposition.v2	PARSE_SUCCESS	70000	70000	NOT_RUN	0	NONE	NOT_APPLICABLE	VERIFIED_CC0_RMDB	UNRESOLVED_PUBLICATION	
421584390	SRSBCV_DMS_0002	SRSBCV_DMS_0002	SRSBCV_DMS_0002.rdat	d17f4a00d507cf81f98cdbc6f15e015b041fa61fd707739db39126f35125495e	reactflow_delta.d0x_v2.asset_disposition.v2	PARSE_SUCCESS	63351	63351	NOT_RUN	0	NONE	NOT_APPLICABLE	VERIFIED_CC0_RMDB	UNRESOLVED_PUBLICATION	
421584956	SRSBCV_DMS_0003	SRSBCV_DMS_0003	SRSBCV_DMS_0003.rdat	e0e5ef9a9384151c4de828b478e8fd14e8a668670d2aeb598208270311186764	reactflow_delta.d0x_v2.asset_disposition.v2	PARSE_SUCCESS	70000	70000	NOT_RUN	0	NONE	NOT_APPLICABLE	VERIFIED_CC0_RMDB	UNRESOLVED_PUBLICATION	
421585357	SRSBCV_DMS_0004	SRSBCV_DMS_0004	SRSBCV_DMS_0004.rdat	86040cf78275eb17fbba0f10556725ce3ff740062101db31cec8eb956a01c344	reactflow_delta.d0x_v2.asset_disposition.v2	PARSE_SUCCESS	70000	70000	NOT_RUN	0	NONE	NOT_APPLICABLE	VERIFIED_CC0_RMDB	UNRESOLVED_PUBLICATION	
421585913	SRSBCV_DMS_0005	SRSBCV_DMS_0005	SRSBCV_DMS_0005.rdat	301e0d8ac2e11a3949847020cf555ec418bd1eb8066073d02b1a46ab316c7351	reactflow_delta.d0x_v2.asset_disposition.v2	PARSE_SUCCESS	70000	70000	NOT_RUN	0	NONE	NOT_APPLICABLE	VERIFIED_CC0_RMDB	UNRESOLVED_PUBLICATION	
421585922	SRSBCV_DMS_0006	SRSBCV_DMS_0006	SRSBCV_DMS_0006.rdat	3c650db1df66b083b2f55aa6b8f9b4ad9ae5c8249cb0dcb70fe8508c0392b7e9	reactflow_delta.d0x_v2.asset_disposition.v2	PARSE_SUCCESS	41005	41005	NOT_RUN	0	NONE	NOT_APPLICABLE	VERIFIED_CC0_RMDB	UNRESOLVED_PUBLICATION	
421592827	STTR01_1M7_0001	STTR01_1M7_0001	STTR01_1M7_0001.rdat	17b0fd49261adde0a1c5cdf229e8c60036d0481a51349631a108d5cd3e99b1c1	reactflow_delta.d0x_v2.asset_disposition.v2	PARSE_SUCCESS	2	2	NOT_RUN	0	NONE	NOT_APPLICABLE	VERIFIED_CC0_RMDB	RESOLVED	
421592837	STTR02_1M7_0001	STTR02_1M7_0001	STTR02_1M7_0001.rdat	750c04936e620e03bfd185c4ba7bae39422930d77cbf9acdca186b8cd1694549	reactflow_delta.d0x_v2.asset_disposition.v2	PARSE_SUCCESS	2	2	NOT_RUN	0	NONE	NOT_APPLICABLE	VERIFIED_CC0_RMDB	RESOLVED	
421592839	STTR03_1M7_0001	STTR03_1M7_0001	STTR03_1M7_0001.rdat	7eea6b481ca6e04cb13204533a1a5e794d98dfd82c6bc388957f18e134c80919	reactflow_delta.d0x_v2.asset_disposition.v2	PARSE_SUCCESS	2	2	NOT_RUN	0	NONE	NOT_APPLICABLE	VERIFIED_CC0_RMDB	RESOLVED	
421592842	STTR04_1M7_0001	STTR04_1M7_0001	STTR04_1M7_0001.rdat	49771e2ff12cbfc128244ba5fc36fc76adf9b91edfc9c821ce55db141696252e	reactflow_delta.d0x_v2.asset_disposition.v2	PARSE_SUCCESS	2	2	NOT_RUN	0	NONE	NOT_APPLICABLE	VERIFIED_CC0_RMDB	RESOLVED	
421592847	STTR06_1M7_0001	STTR06_1M7_0001	STTR06_1M7_0001.rdat	b43f3b8b4c1b6b7ad89c60d85533930d2e674506760b534a0ccdca2c762f9827	reactflow_delta.d0x_v2.asset_disposition.v2	PARSE_SUCCESS	2	2	NOT_RUN	0	NONE	NOT_APPLICABLE	VERIFIED_CC0_RMDB	RESOLVED	
421592848	STTR07_1M7_0001	STTR07_1M7_0001	STTR07_1M7_0001.rdat	c2e7b19c3f4cae318c0ebab5adf14d7f183bae70d03ced2f702322b29d0b68a4	reactflow_delta.d0x_v2.asset_disposition.v2	PARSE_SUCCESS	2	2	NOT_RUN	0	NONE	NOT_APPLICABLE	VERIFIED_CC0_RMDB	RESOLVED	
421592850	STTR08_1M7_0001	STTR08_1M7_0001	STTR08_1M7_0001.rdat	744402c4a87e611029f3a020952ada7eea78cc237e689b8e3ac5dcabb9ebe542	reactflow_delta.d0x_v2.asset_disposition.v2	PARSE_SUCCESS	2	2	NOT_RUN	0	NONE	NOT_APPLICABLE	VERIFIED_CC0_RMDB	RESOLVED	
421592851	STTR09_1M7_0001	STTR09_1M7_0001	STTR09_1M7_0001.rdat	74068851acae6af57764ead6fb0809bf3336c9c9ec0ae0739f96815a167edf6e	reactflow_delta.d0x_v2.asset_disposition.v2	PARSE_SUCCESS	2	2	NOT_RUN	0	NONE	NOT_APPLICABLE	VERIFIED_CC0_RMDB	RESOLVED	
421592852	STTR10_1M7_0001	STTR10_1M7_0001	STTR10_1M7_0001.rdat	5d64c3c7f318f47a6fcf691b3d90d1c82584a1f6295b6dc263ec85c531261ee4	reactflow_delta.d0x_v2.asset_disposition.v2	PARSE_SUCCESS	2	2	NOT_RUN	0	NONE	NOT_APPLICABLE	VERIFIED_CC0_RMDB	RESOLVED	
421592854	STTR11_1M7_0001	STTR11_1M7_0001	STTR11_1M7_0001.rdat	36cdbf205e439950caea239cef02b3bb26d71c02b01889d99dc428e1d9109c71	reactflow_delta.d0x_v2.asset_disposition.v2	PARSE_SUCCESS	2	2	NOT_RUN	0	NONE	NOT_APPLICABLE	VERIFIED_CC0_RMDB	RESOLVED	
421592853	STTR12_1M7_0001	STTR12_1M7_0001	STTR12_1M7_0001.rdat	f5237f741e53271b2730afe05f4d1f373a4cf5d80aa6c065342129ce0d0a2557	reactflow_delta.d0x_v2.asset_disposition.v2	PARSE_SUCCESS	2	2	NOT_RUN	0	NONE	NOT_APPLICABLE	VERIFIED_CC0_RMDB	RESOLVED	
421592856	STTR13_1M7_0001	STTR13_1M7_0001	STTR13_1M7_0001.rdat	e77deb1e3be49b223953bfc67801814e204a4a8cc9ded9c8d14e7608c3c1821c	reactflow_delta.d0x_v2.asset_disposition.v2	PARSE_SUCCESS	2	2	NOT_RUN	0	NONE	NOT_APPLICABLE	VERIFIED_CC0_RMDB	RESOLVED	
421592862	STTR14_1M7_0001	STTR14_1M7_0001	STTR14_1M7_0001.rdat	ea174bb05ff62885e6fe36c89f3c2c049df33e5c8bb312225360c42efa0b4903	reactflow_delta.d0x_v2.asset_disposition.v2	PARSE_SUCCESS	2	2	NOT_RUN	0	NONE	NOT_APPLICABLE	VERIFIED_CC0_RMDB	RESOLVED	
421592858	STTR15_1M7_0001	STTR15_1M7_0001	STTR15_1M7_0001.rdat	59c66b0f56f20bfa9502c3e9b079be4a389ca732d86877ae055d60753e76a0a3	reactflow_delta.d0x_v2.asset_disposition.v2	PARSE_SUCCESS	2	2	NOT_RUN	0	NONE	NOT_APPLICABLE	VERIFIED_CC0_RMDB	RESOLVED	
421592857	STTR16_1M7_0001	STTR16_1M7_0001	STTR16_1M7_0001.rdat	1ab6b947bb69ea059cdee88f45a11e82498862ef6a3f6d20b658f8fdeddfa104	reactflow_delta.d0x_v2.asset_disposition.v2	PARSE_SUCCESS	2	2	NOT_RUN	0	NONE	NOT_APPLICABLE	VERIFIED_CC0_RMDB	RESOLVED	
421592860	STTR21_1M7_0001	STTR21_1M7_0001	STTR21_1M7_0001.rdat	0b34bb79b69360792a1ddc395488136ac39a8f5a5ec05a66f36971e7ee8f00b2	reactflow_delta.d0x_v2.asset_disposition.v2	PARSE_FAIL_NON_NUMERIC_REACTIVITY	1	1	NOT_RUN	1	LENGTH_MISMATCH	UNRECOVERABLE	VERIFIED_CC0_RMDB	RESOLVED	parse_fail:PARSE_FAIL_NON_NUMERIC_REACTIVITY; 1 LENGTH_MISMATCH profile rows
421592861	SYN41_M1A_0001	SYN41_M1A_0001	SYN41_M1A_0001.rdat	6cb444daad4849a4c0b6479b158374b3d04550bf53e1b350b767b3a0a1b078ac	reactflow_delta.d0x_v2.asset_disposition.v2	PARSE_FAIL_MALFORMED_SEQPOS	72	72	NOT_RUN	0	PARSE_FAIL_MALFORMED_SEQPOS	RECOVERABLE	VERIFIED_CC0_RMDB	RESOLVED	parse_fail:PARSE_FAIL_MALFORMED_SEQPOS
421592868	TAR10_1M7_0001	TAR10_1M7_0001	TAR10_1M7_0001.rdat	86860727d9188b9d16a20959b951a78a4d6eed550ad6e4b3468fb512f390214e	reactflow_delta.d0x_v2.asset_disposition.v2	PARSE_FAIL_MISSING_REACTIVITY_ROWS	3	3	NOT_RUN	0	PARSE_FAIL_MISSING_REACTIVITY_ROWS	RECOVERABLE	VERIFIED_CC0_RMDB	RESOLVED	parse_fail:PARSE_FAIL_MISSING_REACTIVITY_ROWS
421592865	TAR12_1M7_0001	TAR12_1M7_0001	TAR12_1M7_0001.rdat	29dfe50d09fe3e8b970274a5cc289b2130787c547ecfc99e9742824ed07bd301	reactflow_delta.d0x_v2.asset_disposition.v2	PARSE_FAIL_MISSING_REACTIVITY_ROWS	3	3	NOT_RUN	0	PARSE_FAIL_MISSING_REACTIVITY_ROWS	RECOVERABLE	VERIFIED_CC0_RMDB	RESOLVED	parse_fail:PARSE_FAIL_MISSING_REACTIVITY_ROWS
421592866	TBWND_1M7_0000	TBWND_1M7_0000	TBWND_1M7_0000.rdat	77019cf5db6f021780c4ee1954e57bc6e00b908956953cd86b4b2d257d7be059	reactflow_delta.d0x_v2.asset_disposition.v2	PARSE_SUCCESS	NOT_RUN	NOT_RUN	NOT_RUN	0	NONE	NOT_APPLICABLE	VERIFIED_CC0_RMDB	RESOLVED	39GB canonical count not yet produced (NOT_RUN)
421592873	TBWND_1M7_0001	TBWND_1M7_0001	TBWND_1M7_0001.rdat	5c71594530296ae8ec9fd57c761491fcb892345052f4aa39f7430187d8bd1442	reactflow_delta.d0x_v2.asset_disposition.v2	PARSE_SUCCESS	NOT_RUN	NOT_RUN	NOT_RUN	0	NONE	NOT_APPLICABLE	VERIFIED_CC0_RMDB	RESOLVED	39GB canonical count not yet produced (NOT_RUN)
421592874	THERM1_DMS_0001	THERM1_DMS_0001	THERM1_DMS_0001.rdat	2eecf2b3451995f77cdd3cbf71b601da604ff861c752786c952b9cff2ab4e66e	reactflow_delta.d0x_v2.asset_disposition.v2	PARSE_FAIL_LENGTH_MISMATCH_REACTIVITY_VS_SEQPOS	NOT_RUN	NOT_RUN	NOT_RUN	0	UNPARSEABLE	RECOVERABLE	VERIFIED_CC0_RMDB	UNRESOLVED_PUBLICATION	parse_fail:PARSE_FAIL_LENGTH_MISMATCH_REACTIVITY_VS_SEQPOS; 39GB canonical count not yet produced (NOT_RUN)
421592882	THERM1_GLX_0001	THERM1_GLX_0001	THERM1_GLX_0001.rdat	c959a4400fb513e958070dd0661d52f2882a32b351eea161dada3886a3d8c7d3	reactflow_delta.d0x_v2.asset_disposition.v2	PARSE_FAIL_LENGTH_MISMATCH_REACTIVITY_VS_SEQPOS	NOT_RUN	NOT_RUN	NOT_RUN	0	UNPARSEABLE	RECOVERABLE	VERIFIED_CC0_RMDB	UNRESOLVED_PUBLICATION	parse_fail:PARSE_FAIL_LENGTH_MISMATCH_REACTIVITY_VS_SEQPOS; 39GB canonical count not yet produced (NOT_RUN)
421592885	THERM2_DMS_0001	THERM2_DMS_0001	THERM2_DMS_0001.rdat	77a16810f2430f8d25027b5cb3b9323c57153386a24bef39faea15754f63bffd	reactflow_delta.d0x_v2.asset_disposition.v2	PARSE_FAIL_LENGTH_MISMATCH_REACTIVITY_VS_SEQPOS	NOT_RUN	NOT_RUN	NOT_RUN	0	UNPARSEABLE	RECOVERABLE	VERIFIED_CC0_RMDB	UNRESOLVED_PUBLICATION	parse_fail:PARSE_FAIL_LENGTH_MISMATCH_REACTIVITY_VS_SEQPOS; 39GB canonical count not yet produced (NOT_RUN)
421592887	THERM2_GLX_0001	THERM2_GLX_0001	THERM2_GLX_0001.rdat	74307567543216fe44e5f10f857624633bf952d9259758a77d392679205af97f	reactflow_delta.d0x_v2.asset_disposition.v2	PARSE_FAIL_LENGTH_MISMATCH_REACTIVITY_VS_SEQPOS	NOT_RUN	NOT_RUN	NOT_RUN	0	UNPARSEABLE	RECOVERABLE	VERIFIED_CC0_RMDB	UNRESOLVED_PUBLICATION	parse_fail:PARSE_FAIL_LENGTH_MISMATCH_REACTIVITY_VS_SEQPOS; 39GB canonical count not yet produced (NOT_RUN)
421592888	TODEX_1M7_0000	TODEX_1M7_0000	TODEX_1M7_0000.rdat	7b079ba04b6cde9fea74b055e66218780de07b65db2ab4a02ba41dafd7ca6f4e	reactflow_delta.d0x_v2.asset_disposition.v2	PARSE_SUCCESS	16	16	NOT_RUN	0	NONE	NOT_APPLICABLE	VERIFIED_CC0_RMDB	RESOLVED	
421592906	TODEX_DMS_0000	TODEX_DMS_0000	TODEX_DMS_0000.rdat	2a597de8277f0965543340210381b0ff6debe4f406c67a445571460c355cc2b5	reactflow_delta.d0x_v2.asset_disposition.v2	PARSE_SUCCESS	16	16	NOT_RUN	0	NONE	NOT_APPLICABLE	VERIFIED_CC0_RMDB	RESOLVED	
421592905	TODS1_1M7_0001	TODS1_1M7_0001	TODS1_1M7_0001.rdat	4d9e0418b8b37830177c2c4a281b717ceee0544d1701eaccb6fb9cd494c4b7af	reactflow_delta.d0x_v2.asset_disposition.v2	PARSE_SUCCESS	37	37	NOT_RUN	0	NONE	NOT_APPLICABLE	VERIFIED_CC0_RMDB	RESOLVED	
421592907	TODS1_1M7_0002	TODS1_1M7_0002	TODS1_1M7_0002.rdat	6919d145dd73da29b524efd083625a40480a16936eabe95f16cf39ff06921fd2	reactflow_delta.d0x_v2.asset_disposition.v2	PARSE_SUCCESS	8	8	NOT_RUN	0	NONE	NOT_APPLICABLE	VERIFIED_CC0_RMDB	RESOLVED	
421592903	TODS1_DMS_0001	TODS1_DMS_0001	TODS1_DMS_0001.rdat	7e113cf21e26142dff34ada14744be551bcd11f12dbafa399d48410e5c6d5eda	reactflow_delta.d0x_v2.asset_disposition.v2	PARSE_SUCCESS	38	38	NOT_RUN	0	NONE	NOT_APPLICABLE	VERIFIED_CC0_RMDB	RESOLVED	
421592904	TODS7_1M7_0001	TODS7_1M7_0001	TODS7_1M7_0001.rdat	593e9d77e448d5824eb57172514639004f47a15f25be7e2df53a2a1e6f90755a	reactflow_delta.d0x_v2.asset_disposition.v2	PARSE_SUCCESS	37	37	NOT_RUN	0	NONE	NOT_APPLICABLE	VERIFIED_CC0_RMDB	RESOLVED	
421592910	TODS7_1M7_0002	TODS7_1M7_0002	TODS7_1M7_0002.rdat	6919d145dd73da29b524efd083625a40480a16936eabe95f16cf39ff06921fd2	reactflow_delta.d0x_v2.asset_disposition.v2	PARSE_SUCCESS	8	8	NOT_RUN	0	NONE	NOT_APPLICABLE	VERIFIED_CC0_RMDB	RESOLVED	
421592911	TODS7_DMS_0001	TODS7_DMS_0001	TODS7_DMS_0001.rdat	9a892cd75618b290785a862dd6172aeba19bff9e3d1571d69321a34397618cc1	reactflow_delta.d0x_v2.asset_disposition.v2	PARSE_SUCCESS	38	38	NOT_RUN	0	NONE	NOT_APPLICABLE	VERIFIED_CC0_RMDB	RESOLVED	
421592912	TODS7_MUT_0001	TODS7_MUT_0001	TODS7_MUT_0001.rdat	97d1c08435de5053546d55f32dee794fa65ca6d15e7597d12aeb68abb3bb60df	reactflow_delta.d0x_v2.asset_disposition.v2	PARSE_SUCCESS	24	24	NOT_RUN	0	NONE	NOT_APPLICABLE	VERIFIED_CC0_RMDB	RESOLVED	
421592913	TODS7_TRM_0001	TODS7_TRM_0001	TODS7_TRM_0001.rdat	9f2109134d9f53c6ef07818334211a82a1d57d3380f4bae7fb5d1cd6b38dd4c7	reactflow_delta.d0x_v2.asset_disposition.v2	PARSE_SUCCESS	24	24	NOT_RUN	0	NONE	NOT_APPLICABLE	VERIFIED_CC0_RMDB	RESOLVED	
421580501	TPPRSW_1M7_0001	TPPRSW_1M7_0001	TPPRSW_1M7_0001.rdat	ea256766b9db5b5e42da680eefb136cabaac23b7c3a2138620d285636b36da13	reactflow_delta.d0x_v2.asset_disposition.v2	PARSE_FAIL_LENGTH_MISMATCH_REACTIVITY_VS_SEQPOS	NOT_RUN	NOT_RUN	NOT_RUN	0	UNPARSEABLE	RECOVERABLE	VERIFIED_CC0_RMDB	RESOLVED	parse_fail:PARSE_FAIL_LENGTH_MISMATCH_REACTIVITY_VS_SEQPOS; 39GB canonical count not yet produced (NOT_RUN)
421580503	TPPRSW_1M7_0002	TPPRSW_1M7_0002	TPPRSW_1M7_0002.rdat	72b8d1c0fa0accfa7408b06e0ce8aeb62979c8349711d99328ece71ac671f596	reactflow_delta.d0x_v2.asset_disposition.v2	PARSE_FAIL_LENGTH_MISMATCH_REACTIVITY_VS_SEQPOS	NOT_RUN	NOT_RUN	NOT_RUN	0	UNPARSEABLE	RECOVERABLE	VERIFIED_CC0_RMDB	RESOLVED	parse_fail:PARSE_FAIL_LENGTH_MISMATCH_REACTIVITY_VS_SEQPOS; 39GB canonical count not yet produced (NOT_RUN)
421580504	TPPRSW_1M7_0003	TPPRSW_1M7_0003	TPPRSW_1M7_0003.rdat	08463c1966793ba4e3f3096257640d3cfe69635187f0871e222d4414e92936ea	reactflow_delta.d0x_v2.asset_disposition.v2	PARSE_FAIL_LENGTH_MISMATCH_REACTIVITY_VS_SEQPOS	NOT_RUN	NOT_RUN	NOT_RUN	0	UNPARSEABLE	RECOVERABLE	VERIFIED_CC0_RMDB	RESOLVED	parse_fail:PARSE_FAIL_LENGTH_MISMATCH_REACTIVITY_VS_SEQPOS; 39GB canonical count not yet produced (NOT_RUN)
421580505	TPPRSW_DMS_0000	TPPRSW_DMS_0000	TPPRSW_DMS_0000.rdat	0a44b1e170d67dd1535ca042cd402e25b0adbd9c7426bc62180a8db1bccfed22	reactflow_delta.d0x_v2.asset_disposition.v2	PARSE_SUCCESS	81	81	NOT_RUN	0	NONE	NOT_APPLICABLE	VERIFIED_CC0_RMDB	RESOLVED	
421580506	TPPRSW_DMS_0001	TPPRSW_DMS_0001	TPPRSW_DMS_0001.rdat	0e6bd1e33f0bc85e7775c363086ec469e8f1a7fcd40ae291e09f1752046be85e	reactflow_delta.d0x_v2.asset_disposition.v2	PARSE_SUCCESS	81	81	NOT_RUN	0	NONE	NOT_APPLICABLE	VERIFIED_CC0_RMDB	RESOLVED	
421580507	TPPRSW_DMS_0002	TPPRSW_DMS_0002	TPPRSW_DMS_0002.rdat	8d1f6e88cd451386f6cf2141f0adc1d0af07c3da31623acfffabad22b6596dea	reactflow_delta.d0x_v2.asset_disposition.v2	PARSE_SUCCESS	81	81	NOT_RUN	0	NONE	NOT_APPLICABLE	VERIFIED_CC0_RMDB	RESOLVED	
421580508	TPPRSW_DMS_0003	TPPRSW_DMS_0003	TPPRSW_DMS_0003.rdat	438eae1d8925633ab9b49c78fd89aa88d3bfc78ae0385e91f2ef59e8d7c6ec0e	reactflow_delta.d0x_v2.asset_disposition.v2	PARSE_SUCCESS	81	81	NOT_RUN	0	NONE	NOT_APPLICABLE	VERIFIED_CC0_RMDB	RESOLVED	
421580509	TPPRSW_DMS_0004	TPPRSW_DMS_0004	TPPRSW_DMS_0004.rdat	39f0fab68bb214dfaa5968ca1550406b332295bd8f303a9f4b67bb5df861a9dd	reactflow_delta.d0x_v2.asset_disposition.v2	PARSE_SUCCESS	81	81	NOT_RUN	0	NONE	NOT_APPLICABLE	VERIFIED_CC0_RMDB	RESOLVED	
421580511	TPPRSW_DMS_0005	TPPRSW_DMS_0005	TPPRSW_DMS_0005.rdat	b50cc5c9b39a9e817024e27ef3ab74deab5a27dd0335d630bfb2d189aa00335b	reactflow_delta.d0x_v2.asset_disposition.v2	PARSE_SUCCESS	81	81	NOT_RUN	0	NONE	NOT_APPLICABLE	VERIFIED_CC0_RMDB	RESOLVED	
421580512	TPPSC_1M7_0001	TPPSC_1M7_0001	TPPSC_1M7_0001.rdat	0ce48b0f3950078af234fc14088d3922a98e6495623f862a3e362b862edc4d6c	reactflow_delta.d0x_v2.asset_disposition.v2	PARSE_FAIL_LENGTH_MISMATCH_REACTIVITY_VS_SEQPOS	NOT_RUN	NOT_RUN	NOT_RUN	0	UNPARSEABLE	RECOVERABLE	VERIFIED_CC0_RMDB	RESOLVED	parse_fail:PARSE_FAIL_LENGTH_MISMATCH_REACTIVITY_VS_SEQPOS; 39GB canonical count not yet produced (NOT_RUN)
421580513	TPPSC_1M7_0002	TPPSC_1M7_0002	TPPSC_1M7_0002.rdat	060211099404074601da628c4557a1d5c321408b392c1c7a11d9373b5b920161	reactflow_delta.d0x_v2.asset_disposition.v2	PARSE_FAIL_LENGTH_MISMATCH_REACTIVITY_VS_SEQPOS	NOT_RUN	NOT_RUN	NOT_RUN	0	UNPARSEABLE	RECOVERABLE	VERIFIED_CC0_RMDB	RESOLVED	parse_fail:PARSE_FAIL_LENGTH_MISMATCH_REACTIVITY_VS_SEQPOS; 39GB canonical count not yet produced (NOT_RUN)
421580514	TPPSC_1M7_0003	TPPSC_1M7_0003	TPPSC_1M7_0003.rdat	a10c7fa997653e3c02f415fa176dac79f0ab63b55c44e7498c8884e8a7509d39	reactflow_delta.d0x_v2.asset_disposition.v2	PARSE_FAIL_LENGTH_MISMATCH_REACTIVITY_VS_SEQPOS	NOT_RUN	NOT_RUN	NOT_RUN	0	UNPARSEABLE	RECOVERABLE	VERIFIED_CC0_RMDB	RESOLVED	parse_fail:PARSE_FAIL_LENGTH_MISMATCH_REACTIVITY_VS_SEQPOS; 39GB canonical count not yet produced (NOT_RUN)
421580515	TPPSC_1M7_0004	TPPSC_1M7_0004	TPPSC_1M7_0004.rdat	02ef87682e465073f7177fce7f63af2b96badc4f5b85e93f2e97d5f8d1ae3e9a	reactflow_delta.d0x_v2.asset_disposition.v2	PARSE_FAIL_MISSING_REACTIVITY_ROWS	1	1	NOT_RUN	0	PARSE_FAIL_MISSING_REACTIVITY_ROWS	RECOVERABLE	VERIFIED_CC0_RMDB	RESOLVED	parse_fail:PARSE_FAIL_MISSING_REACTIVITY_ROWS
421580517	TPPSC_1M7_0005	TPPSC_1M7_0005	TPPSC_1M7_0005.rdat	c466e35d2dd0753656edcffab5292a268cac3bc89ab77ecd0cb02612d13778a4	reactflow_delta.d0x_v2.asset_disposition.v2	PARSE_FAIL_MISSING_REACTIVITY_ROWS	5	5	NOT_RUN	0	PARSE_FAIL_MISSING_REACTIVITY_ROWS	RECOVERABLE	VERIFIED_CC0_RMDB	RESOLVED	parse_fail:PARSE_FAIL_MISSING_REACTIVITY_ROWS
421592914	TRIBSC_1M7_0001	TRIBSC_1M7_0001	TRIBSC_1M7_0001.rdat	d09952c0b7ed6060188724b30819d43bfbd5c47c8b72a182dd2c54d52fc39d26	reactflow_delta.d0x_v2.asset_disposition.v2	PARSE_FAIL_LENGTH_MISMATCH_REACTIVITY_VS_SEQPOS	NOT_RUN	NOT_RUN	NOT_RUN	0	UNPARSEABLE	RECOVERABLE	VERIFIED_CC0_RMDB	RESOLVED	parse_fail:PARSE_FAIL_LENGTH_MISMATCH_REACTIVITY_VS_SEQPOS; 39GB canonical count not yet produced (NOT_RUN)
421592918	TRIBSC_1M7_0002	TRIBSC_1M7_0002	TRIBSC_1M7_0002.rdat	744ae705ebe9d7607293839d6dcaad23f04a591bdd886c4d74f07fe12b6aa660	reactflow_delta.d0x_v2.asset_disposition.v2	PARSE_FAIL_LENGTH_MISMATCH_REACTIVITY_VS_SEQPOS	NOT_RUN	NOT_RUN	NOT_RUN	0	UNPARSEABLE	RECOVERABLE	VERIFIED_CC0_RMDB	RESOLVED	parse_fail:PARSE_FAIL_LENGTH_MISMATCH_REACTIVITY_VS_SEQPOS; 39GB canonical count not yet produced (NOT_RUN)
421592919	TRIBSC_1M7_0003	TRIBSC_1M7_0003	TRIBSC_1M7_0003.rdat	2232b63a5222af2b7a48b5d4b90263af27bd921e9f666b653343dd20b86ff0b7	reactflow_delta.d0x_v2.asset_disposition.v2	PARSE_FAIL_LENGTH_MISMATCH_REACTIVITY_VS_SEQPOS	NOT_RUN	NOT_RUN	NOT_RUN	0	UNPARSEABLE	RECOVERABLE	VERIFIED_CC0_RMDB	RESOLVED	parse_fail:PARSE_FAIL_LENGTH_MISMATCH_REACTIVITY_VS_SEQPOS; 39GB canonical count not yet produced (NOT_RUN)
421592920	TRIBSC_1M7_0004	TRIBSC_1M7_0004	TRIBSC_1M7_0004.rdat	5f79c484035001af24306d6b2f651cb74c07c875c0b6bbb6044d5b42b2b28071	reactflow_delta.d0x_v2.asset_disposition.v2	PARSE_FAIL_LENGTH_MISMATCH_REACTIVITY_VS_SEQPOS	NOT_RUN	NOT_RUN	NOT_RUN	0	UNPARSEABLE	RECOVERABLE	VERIFIED_CC0_RMDB	RESOLVED	parse_fail:PARSE_FAIL_LENGTH_MISMATCH_REACTIVITY_VS_SEQPOS; 39GB canonical count not yet produced (NOT_RUN)
421592921	TRIBSC_1M7_0005	TRIBSC_1M7_0005	TRIBSC_1M7_0005.rdat	65d9ba7f98ca308a62a6135c0518fa655ebb2f0f416c78fa7b8a466df7cc4d18	reactflow_delta.d0x_v2.asset_disposition.v2	PARSE_FAIL_LENGTH_MISMATCH_REACTIVITY_VS_SEQPOS	NOT_RUN	NOT_RUN	NOT_RUN	0	UNPARSEABLE	RECOVERABLE	VERIFIED_CC0_RMDB	RESOLVED	parse_fail:PARSE_FAIL_LENGTH_MISMATCH_REACTIVITY_VS_SEQPOS; 39GB canonical count not yet produced (NOT_RUN)
421592922	TRIBSC_1M7_0006	TRIBSC_1M7_0006	TRIBSC_1M7_0006.rdat	88b6ff512edb624bb4dcdcb7f3f374315721a8d21596d68bf21bf670b87df958	reactflow_delta.d0x_v2.asset_disposition.v2	PARSE_FAIL_LENGTH_MISMATCH_REACTIVITY_VS_SEQPOS	NOT_RUN	NOT_RUN	NOT_RUN	0	UNPARSEABLE	RECOVERABLE	VERIFIED_CC0_RMDB	RESOLVED	parse_fail:PARSE_FAIL_LENGTH_MISMATCH_REACTIVITY_VS_SEQPOS; 39GB canonical count not yet produced (NOT_RUN)
421586091	TRNAPH_1M7_0000	TRNAPH_1M7_0000	TRNAPH_1M7_0000.rdat	10deb7182c12c1b8d90ba30a1ede2535d38d1f33cdc3a6012ac774887a57dff8	reactflow_delta.d0x_v2.asset_disposition.v2	PARSE_FAIL_LENGTH_MISMATCH_REACTIVITY_VS_SEQPOS	NOT_RUN	NOT_RUN	NOT_RUN	0	UNPARSEABLE	RECOVERABLE	VERIFIED_CC0_RMDB	RESOLVED	parse_fail:PARSE_FAIL_LENGTH_MISMATCH_REACTIVITY_VS_SEQPOS; 39GB canonical count not yet produced (NOT_RUN)
421586105	TRNAPH_1M7_0001	TRNAPH_1M7_0001	TRNAPH_1M7_0001.rdat	f076282809deb24acb8ae7af822d7e8d148aeb2a210076daf4e544e07725fa1b	reactflow_delta.d0x_v2.asset_disposition.v2	PARSE_FAIL_LENGTH_MISMATCH_REACTIVITY_VS_SEQPOS	NOT_RUN	NOT_RUN	NOT_RUN	0	UNPARSEABLE	RECOVERABLE	VERIFIED_CC0_RMDB	RESOLVED	parse_fail:PARSE_FAIL_LENGTH_MISMATCH_REACTIVITY_VS_SEQPOS; 39GB canonical count not yet produced (NOT_RUN)
421586116	TRNAPH_1M7_0002	TRNAPH_1M7_0002	TRNAPH_1M7_0002.rdat	10deb7182c12c1b8d90ba30a1ede2535d38d1f33cdc3a6012ac774887a57dff8	reactflow_delta.d0x_v2.asset_disposition.v2	PARSE_FAIL_LENGTH_MISMATCH_REACTIVITY_VS_SEQPOS	NOT_RUN	NOT_RUN	NOT_RUN	0	UNPARSEABLE	RECOVERABLE	VERIFIED_CC0_RMDB	RESOLVED	parse_fail:PARSE_FAIL_LENGTH_MISMATCH_REACTIVITY_VS_SEQPOS; 39GB canonical count not yet produced (NOT_RUN)
421586126	TRNAPH_1M7_0003	TRNAPH_1M7_0003	TRNAPH_1M7_0003.rdat	258f09775ea9f354d9fe9463f8e27951a515163309ebe3177a60180c5496dadb	reactflow_delta.d0x_v2.asset_disposition.v2	PARSE_FAIL_LENGTH_MISMATCH_REACTIVITY_VS_SEQPOS	NOT_RUN	NOT_RUN	NOT_RUN	0	UNPARSEABLE	RECOVERABLE	VERIFIED_CC0_RMDB	RESOLVED	parse_fail:PARSE_FAIL_LENGTH_MISMATCH_REACTIVITY_VS_SEQPOS; 39GB canonical count not yet produced (NOT_RUN)
421586146	TRNAPH_1M7_0005	TRNAPH_1M7_0005	TRNAPH_1M7_0005.rdat	e663b50f50ea8d3606336386eecc07400b6336fa65a634e99de586970ec53b2c	reactflow_delta.d0x_v2.asset_disposition.v2	PARSE_FAIL_LENGTH_MISMATCH_REACTIVITY_VS_SEQPOS	NOT_RUN	NOT_RUN	NOT_RUN	0	UNPARSEABLE	RECOVERABLE	VERIFIED_CC0_RMDB	RESOLVED	parse_fail:PARSE_FAIL_LENGTH_MISMATCH_REACTIVITY_VS_SEQPOS; 39GB canonical count not yet produced (NOT_RUN)
421586157	TRNAPH_1M7_0006	TRNAPH_1M7_0006	TRNAPH_1M7_0006.rdat	6c3f92c379dfc7800b2efb9019d2fb5aa0f14d79661fe9cb63ed2e343a474462	reactflow_delta.d0x_v2.asset_disposition.v2	PARSE_FAIL_LENGTH_MISMATCH_REACTIVITY_VS_SEQPOS	NOT_RUN	NOT_RUN	NOT_RUN	0	UNPARSEABLE	RECOVERABLE	VERIFIED_CC0_RMDB	RESOLVED	parse_fail:PARSE_FAIL_LENGTH_MISMATCH_REACTIVITY_VS_SEQPOS; 39GB canonical count not yet produced (NOT_RUN)
421587561	TRNAPH_CMC_0001	TRNAPH_CMC_0001	TRNAPH_CMC_0001.rdat	f0bca8dcef24d3bf8f7bfda31099e718faa1cef80af6ca7e22eae8c92955b669	reactflow_delta.d0x_v2.asset_disposition.v2	PARSE_FAIL_MALFORMED_SEQPOS	1	1	NOT_RUN	0	PARSE_FAIL_MALFORMED_SEQPOS	RECOVERABLE	VERIFIED_CC0_RMDB	RESOLVED	parse_fail:PARSE_FAIL_MALFORMED_SEQPOS
421587557	TRNAPH_CMC_0005	TRNAPH_CMC_0005	TRNAPH_CMC_0005.rdat	8dfd9fe152982f1d1caf8cb924369ba57a15673b664d996ed2deceedcd18f277	reactflow_delta.d0x_v2.asset_disposition.v2	PARSE_FAIL_LENGTH_MISMATCH_REACTIVITY_VS_SEQPOS	NOT_RUN	NOT_RUN	NOT_RUN	0	UNPARSEABLE	RECOVERABLE	VERIFIED_CC0_RMDB	RESOLVED	parse_fail:PARSE_FAIL_LENGTH_MISMATCH_REACTIVITY_VS_SEQPOS; 39GB canonical count not yet produced (NOT_RUN)
421587559	TRNAPH_DCP_0000	TRNAPH_DCP_0000	TRNAPH_DCP_0000.rdat	f9e08ee0a18d6b66e02bcf82893a236a4b2c2ab164d8935d1245260bad7a9eae	reactflow_delta.d0x_v2.asset_disposition.v2	PARSE_FAIL_LENGTH_MISMATCH_REACTIVITY_VS_SEQPOS	NOT_RUN	NOT_RUN	NOT_RUN	0	UNPARSEABLE	RECOVERABLE	VERIFIED_CC0_RMDB	RESOLVED	parse_fail:PARSE_FAIL_LENGTH_MISMATCH_REACTIVITY_VS_SEQPOS; 39GB canonical count not yet produced (NOT_RUN)
421587560	TRNAPH_DMS_0001	TRNAPH_DMS_0001	TRNAPH_DMS_0001.rdat	aecc42de36e391851295f46d1ce0dd6c521b544f694c308d8625009fac24b599	reactflow_delta.d0x_v2.asset_disposition.v2	PARSE_FAIL_MALFORMED_SEQPOS	1	1	NOT_RUN	0	PARSE_FAIL_MALFORMED_SEQPOS	RECOVERABLE	VERIFIED_CC0_RMDB	RESOLVED	parse_fail:PARSE_FAIL_MALFORMED_SEQPOS
421587558	TRNAPH_DMS_0005	TRNAPH_DMS_0005	TRNAPH_DMS_0005.rdat	a92db1d0bff3fe1e7d47174fa0d760c9e64135d4d6bb339429adb9cd8cce30d1	reactflow_delta.d0x_v2.asset_disposition.v2	PARSE_FAIL_LENGTH_MISMATCH_REACTIVITY_VS_SEQPOS	NOT_RUN	NOT_RUN	NOT_RUN	0	UNPARSEABLE	RECOVERABLE	VERIFIED_CC0_RMDB	RESOLVED	parse_fail:PARSE_FAIL_LENGTH_MISMATCH_REACTIVITY_VS_SEQPOS; 39GB canonical count not yet produced (NOT_RUN)
421587572	TRNAPH_DMS_0006	TRNAPH_DMS_0006	TRNAPH_DMS_0006.rdat	62ba67518616301e69a554bb6f6e4e3ec66cb8ed2698a042fe94de0a8a43208e	reactflow_delta.d0x_v2.asset_disposition.v2	PARSE_FAIL_LENGTH_MISMATCH_REACTIVITY_VS_SEQPOS	NOT_RUN	NOT_RUN	NOT_RUN	0	UNPARSEABLE	RECOVERABLE	VERIFIED_CC0_RMDB	RESOLVED	parse_fail:PARSE_FAIL_LENGTH_MISMATCH_REACTIVITY_VS_SEQPOS; 39GB canonical count not yet produced (NOT_RUN)
421587571	TRNAPH_SHP_0001	TRNAPH_SHP_0001	TRNAPH_SHP_0001.rdat	486b2d45ac27e46a01084b86e5843a15c01be3241798bc571ff72cc5e93d3085	reactflow_delta.d0x_v2.asset_disposition.v2	PARSE_FAIL_MALFORMED_SEQPOS	1	1	NOT_RUN	0	PARSE_FAIL_MALFORMED_SEQPOS	RECOVERABLE	VERIFIED_CC0_RMDB	RESOLVED	parse_fail:PARSE_FAIL_MALFORMED_SEQPOS
421587570	TRNAPH_SHP_0002	TRNAPH_SHP_0002	TRNAPH_SHP_0002.rdat	89edc61a4d84159de700f6438ecb69a1632a42f242e0ffa3ad4cb55d694cf0e8	reactflow_delta.d0x_v2.asset_disposition.v2	PARSE_FAIL_MALFORMED_SEQPOS	80	80	78	0	PARSE_FAIL_MALFORMED_SEQPOS	RECOVERABLE	VERIFIED_CC0_RMDB	RESOLVED	parse_fail:PARSE_FAIL_MALFORMED_SEQPOS
421587579	TRNAPH_SHP_0003	TRNAPH_SHP_0003	TRNAPH_SHP_0003.rdat	1c4f8daf6b0ccfcbeab16c1548c6f85b1d4caf3f3c730d1bb704561f2b1dc7eb	reactflow_delta.d0x_v2.asset_disposition.v2	PARSE_FAIL_MALFORMED_SEQPOS	1	1	NOT_RUN	0	PARSE_FAIL_MALFORMED_SEQPOS	RECOVERABLE	VERIFIED_CC0_RMDB	RESOLVED	parse_fail:PARSE_FAIL_MALFORMED_SEQPOS
421587582	TRNASC_1M7_0001	TRNASC_1M7_0001	TRNASC_1M7_0001.rdat	348b8b7a1e76835794d8b37730e8cb81c92e73fb83f15522bd111176fb467072	reactflow_delta.d0x_v2.asset_disposition.v2	PARSE_FAIL_LENGTH_MISMATCH_REACTIVITY_VS_SEQPOS	NOT_RUN	NOT_RUN	NOT_RUN	0	UNPARSEABLE	RECOVERABLE	VERIFIED_CC0_RMDB	RESOLVED	parse_fail:PARSE_FAIL_LENGTH_MISMATCH_REACTIVITY_VS_SEQPOS; 39GB canonical count not yet produced (NOT_RUN)
421587583	TRNASC_1M7_0002	TRNASC_1M7_0002	TRNASC_1M7_0002.rdat	bc69a42c4514cf3c86971a4471b03cfb3f9823af7448edf2448c24f15676f7e5	reactflow_delta.d0x_v2.asset_disposition.v2	PARSE_FAIL_LENGTH_MISMATCH_REACTIVITY_VS_SEQPOS	NOT_RUN	NOT_RUN	NOT_RUN	0	UNPARSEABLE	RECOVERABLE	VERIFIED_CC0_RMDB	RESOLVED	parse_fail:PARSE_FAIL_LENGTH_MISMATCH_REACTIVITY_VS_SEQPOS; 39GB canonical count not yet produced (NOT_RUN)
421587589	TRNASC_1M7_0003	TRNASC_1M7_0003	TRNASC_1M7_0003.rdat	090d9e63e66f357cfbcbcf30822214a8d9aaeeee05a6d2600e64c8251c5c73bd	reactflow_delta.d0x_v2.asset_disposition.v2	PARSE_FAIL_LENGTH_MISMATCH_REACTIVITY_VS_SEQPOS	NOT_RUN	NOT_RUN	NOT_RUN	0	UNPARSEABLE	RECOVERABLE	VERIFIED_CC0_RMDB	RESOLVED	parse_fail:PARSE_FAIL_LENGTH_MISMATCH_REACTIVITY_VS_SEQPOS; 39GB canonical count not yet produced (NOT_RUN)
421587591	TRNASC_1M7_0004	TRNASC_1M7_0004	TRNASC_1M7_0004.rdat	1cbb7a55e46657ccf7a2229786b676c30706879fab177ca6e39743b71772991e	reactflow_delta.d0x_v2.asset_disposition.v2	PARSE_FAIL_LENGTH_MISMATCH_REACTIVITY_VS_SEQPOS	NOT_RUN	NOT_RUN	NOT_RUN	0	UNPARSEABLE	RECOVERABLE	VERIFIED_CC0_RMDB	RESOLVED	parse_fail:PARSE_FAIL_LENGTH_MISMATCH_REACTIVITY_VS_SEQPOS; 39GB canonical count not yet produced (NOT_RUN)
421587593	TRNASC_1M7_0005	TRNASC_1M7_0005	TRNASC_1M7_0005.rdat	9470ff82dc19695b912eb775a8b03601063d4bf32de4ddf80198f2f158613028	reactflow_delta.d0x_v2.asset_disposition.v2	PARSE_FAIL_LENGTH_MISMATCH_REACTIVITY_VS_SEQPOS	NOT_RUN	NOT_RUN	NOT_RUN	0	UNPARSEABLE	RECOVERABLE	VERIFIED_CC0_RMDB	RESOLVED	parse_fail:PARSE_FAIL_LENGTH_MISMATCH_REACTIVITY_VS_SEQPOS; 39GB canonical count not yet produced (NOT_RUN)
421587594	TRNASC_1M7_0006	TRNASC_1M7_0006	TRNASC_1M7_0006.rdat	6f374c1afe5f0a19d06f4a1bfd0c3d8d0877033c72ae0d6150da62638e60a00b	reactflow_delta.d0x_v2.asset_disposition.v2	PARSE_FAIL_LENGTH_MISMATCH_REACTIVITY_VS_SEQPOS	NOT_RUN	NOT_RUN	NOT_RUN	0	UNPARSEABLE	RECOVERABLE	VERIFIED_CC0_RMDB	RESOLVED	parse_fail:PARSE_FAIL_LENGTH_MISMATCH_REACTIVITY_VS_SEQPOS; 39GB canonical count not yet produced (NOT_RUN)
421587596	TRP4P6_1M7_0001	TRP4P6_1M7_0001	TRP4P6_1M7_0001.rdat	73f87e51d7c52c632be5c925d8f07934c16c177872e9e7e628e1b97e656bab11	reactflow_delta.d0x_v2.asset_disposition.v2	PARSE_FAIL_LENGTH_MISMATCH_REACTIVITY_VS_SEQPOS	NOT_RUN	NOT_RUN	NOT_RUN	0	UNPARSEABLE	RECOVERABLE	VERIFIED_CC0_RMDB	RESOLVED	parse_fail:PARSE_FAIL_LENGTH_MISMATCH_REACTIVITY_VS_SEQPOS; 39GB canonical count not yet produced (NOT_RUN)
421587597	TRP4P6_1M7_0002	TRP4P6_1M7_0002	TRP4P6_1M7_0002.rdat	8cb31862ec0876aefcd6d387112d73ff2af9df3992994dee729708bd91fd4556	reactflow_delta.d0x_v2.asset_disposition.v2	PARSE_FAIL_LENGTH_MISMATCH_REACTIVITY_VS_SEQPOS	NOT_RUN	NOT_RUN	NOT_RUN	0	UNPARSEABLE	RECOVERABLE	VERIFIED_CC0_RMDB	RESOLVED	parse_fail:PARSE_FAIL_LENGTH_MISMATCH_REACTIVITY_VS_SEQPOS; 39GB canonical count not yet produced (NOT_RUN)
421587598	TRP4P6_1M7_0003	TRP4P6_1M7_0003	TRP4P6_1M7_0003.rdat	f84af3597d82b5a508ee3b5f2044d347ca8cd72f2ed79f3aca360abd43ce39a1	reactflow_delta.d0x_v2.asset_disposition.v2	PARSE_FAIL_LENGTH_MISMATCH_REACTIVITY_VS_SEQPOS	NOT_RUN	NOT_RUN	NOT_RUN	0	UNPARSEABLE	RECOVERABLE	VERIFIED_CC0_RMDB	RESOLVED	parse_fail:PARSE_FAIL_LENGTH_MISMATCH_REACTIVITY_VS_SEQPOS; 39GB canonical count not yet produced (NOT_RUN)
421587600	TRP4P6_1M7_0005	TRP4P6_1M7_0005	TRP4P6_1M7_0005.rdat	62d27b4ff8aa6f46ff8ae65efd5b7fc1c19b470dd30a0b1d745f7da74bb89230	reactflow_delta.d0x_v2.asset_disposition.v2	PARSE_FAIL_LENGTH_MISMATCH_REACTIVITY_VS_SEQPOS	NOT_RUN	NOT_RUN	NOT_RUN	0	UNPARSEABLE	RECOVERABLE	VERIFIED_CC0_RMDB	RESOLVED	parse_fail:PARSE_FAIL_LENGTH_MISMATCH_REACTIVITY_VS_SEQPOS; 39GB canonical count not yet produced (NOT_RUN)
421587603	TRP4P6_1M7_0006	TRP4P6_1M7_0006	TRP4P6_1M7_0006.rdat	faff82bba0584f6f7d6d407399e53bebbdfb8b600cbbe41432f2f4686392767a	reactflow_delta.d0x_v2.asset_disposition.v2	PARSE_FAIL_LENGTH_MISMATCH_REACTIVITY_VS_SEQPOS	NOT_RUN	NOT_RUN	NOT_RUN	0	UNPARSEABLE	RECOVERABLE	VERIFIED_CC0_RMDB	RESOLVED	parse_fail:PARSE_FAIL_LENGTH_MISMATCH_REACTIVITY_VS_SEQPOS; 39GB canonical count not yet produced (NOT_RUN)
421587604	TRP4P6_C72_0000	TRP4P6_C72_0000	TRP4P6_C72_0000.rdat	24f538e53fbf2bcfd9058ee2010f892501cd044cba1e0572d051df7730843e60	reactflow_delta.d0x_v2.asset_disposition.v2	PARSE_SUCCESS	3	3	NOT_RUN	0	NONE	NOT_APPLICABLE	VERIFIED_CC0_RMDB	RESOLVED	
421587605	TRP4P6_C7X_0000	TRP4P6_C7X_0000	TRP4P6_C7X_0000.rdat	11f23b71633620332f274de59facad9e645a7532a0f3cf3e18fb8295d1852081	reactflow_delta.d0x_v2.asset_disposition.v2	PARSE_SUCCESS	3	3	NOT_RUN	0	NONE	NOT_APPLICABLE	VERIFIED_CC0_RMDB	RESOLVED	
421587607	TRP4P6_CMC_0001	TRP4P6_CMC_0001	TRP4P6_CMC_0001.rdat	df4cb5f724ca0e1b2a9539c7b7afcd249d95482221e3fdc09b5bd32e57f89499	reactflow_delta.d0x_v2.asset_disposition.v2	PARSE_SUCCESS	1	1	NOT_RUN	0	NONE	NOT_APPLICABLE	VERIFIED_CC0_RMDB	RESOLVED	
421587611	TRP4P6_CMC_0005	TRP4P6_CMC_0005	TRP4P6_CMC_0005.rdat	4fe59d170d18bfe1a8af896f48c5bf5ea5415623970d5afd16eb872b6804c1b4	reactflow_delta.d0x_v2.asset_disposition.v2	PARSE_FAIL_LENGTH_MISMATCH_REACTIVITY_VS_SEQPOS	NOT_RUN	NOT_RUN	NOT_RUN	0	UNPARSEABLE	RECOVERABLE	VERIFIED_CC0_RMDB	RESOLVED	parse_fail:PARSE_FAIL_LENGTH_MISMATCH_REACTIVITY_VS_SEQPOS; 39GB canonical count not yet produced (NOT_RUN)
421587609	TRP4P6_DCP_0000	TRP4P6_DCP_0000	TRP4P6_DCP_0000.rdat	7d2f1c7c1bc7495d719a781362ebe3073ad1a33458e58a331ca20c1b50ef34f1	reactflow_delta.d0x_v2.asset_disposition.v2	PARSE_FAIL_LENGTH_MISMATCH_REACTIVITY_VS_SEQPOS	NOT_RUN	NOT_RUN	NOT_RUN	0	UNPARSEABLE	RECOVERABLE	VERIFIED_CC0_RMDB	RESOLVED	parse_fail:PARSE_FAIL_LENGTH_MISMATCH_REACTIVITY_VS_SEQPOS; 39GB canonical count not yet produced (NOT_RUN)
421587612	TRP4P6_DMS_0001	TRP4P6_DMS_0001	TRP4P6_DMS_0001.rdat	9b029c1a055d236a5ebe18d91fc83b275f33ba06b37b1c28cce2fe779e78e250	reactflow_delta.d0x_v2.asset_disposition.v2	PARSE_SUCCESS	1	1	NOT_RUN	0	NONE	NOT_APPLICABLE	VERIFIED_CC0_RMDB	RESOLVED	
421587615	TRP4P6_DMS_0002	TRP4P6_DMS_0002	TRP4P6_DMS_0002.rdat	674e99ea0ba85b4982f708696506a6e8d78dd539045eb27bfacc23a23da6124c	reactflow_delta.d0x_v2.asset_disposition.v2	PARSE_FAIL_MISSING_REACTIVITY_ROWS	NOT_RUN	NOT_RUN	NOT_RUN	0	UNPARSEABLE	RECOVERABLE	VERIFIED_CC0_RMDB	RESOLVED	parse_fail:PARSE_FAIL_MISSING_REACTIVITY_ROWS; 39GB canonical count not yet produced (NOT_RUN)
421587617	TRP4P6_DMS_0003	TRP4P6_DMS_0003	TRP4P6_DMS_0003.rdat	47e28d27379649579b86b24dba24c66f00663124c0408f4952813a8312adfaa1	reactflow_delta.d0x_v2.asset_disposition.v2	PARSE_FAIL_MISSING_REACTIVITY_ROWS	NOT_RUN	NOT_RUN	NOT_RUN	0	UNPARSEABLE	RECOVERABLE	VERIFIED_CC0_RMDB	RESOLVED	parse_fail:PARSE_FAIL_MISSING_REACTIVITY_ROWS; 39GB canonical count not yet produced (NOT_RUN)
421587621	TRP4P6_DMS_0004	TRP4P6_DMS_0004	TRP4P6_DMS_0004.rdat	9efa979eed00cd77dfc672236fbef2b2eea589a05dc9846482656ffb09aec235	reactflow_delta.d0x_v2.asset_disposition.v2	PARSE_FAIL_MISSING_REACTIVITY_ROWS	NOT_RUN	NOT_RUN	NOT_RUN	0	UNPARSEABLE	RECOVERABLE	VERIFIED_CC0_RMDB	RESOLVED	parse_fail:PARSE_FAIL_MISSING_REACTIVITY_ROWS; 39GB canonical count not yet produced (NOT_RUN)
421587623	TRP4P6_DMS_0005	TRP4P6_DMS_0005	TRP4P6_DMS_0005.rdat	f75bafebd4e56e362fba740a27af8ef0ec59df752dc18fdcbc06395fbc3cdbfe	reactflow_delta.d0x_v2.asset_disposition.v2	PARSE_FAIL_ANNOTATION_MISSING_SEPARATOR	203	203	NOT_RUN	0	PARSE_FAIL_ANNOTATION_MISSING_SEPARATOR	RECOVERABLE	VERIFIED_CC0_RMDB	RESOLVED	parse_fail:PARSE_FAIL_ANNOTATION_MISSING_SEPARATOR
421587622	TRP4P6_DMS_0006	TRP4P6_DMS_0006	TRP4P6_DMS_0006.rdat	0141895ef83e8580013dd2400775bf9fee24af65e9e94d1d39ee78e839e38255	reactflow_delta.d0x_v2.asset_disposition.v2	PARSE_FAIL_ANNOTATION_MISSING_SEPARATOR	203	203	NOT_RUN	0	PARSE_FAIL_ANNOTATION_MISSING_SEPARATOR	RECOVERABLE	VERIFIED_CC0_RMDB	RESOLVED	parse_fail:PARSE_FAIL_ANNOTATION_MISSING_SEPARATOR
421587625	TRP4P6_DMS_0007	TRP4P6_DMS_0007	TRP4P6_DMS_0007.rdat	337ffa4ebf180836de9ad8ad1c845326cdc720be07f3d56a48d41ae3b9adbab4	reactflow_delta.d0x_v2.asset_disposition.v2	PARSE_FAIL_ANNOTATION_MISSING_SEPARATOR	203	203	NOT_RUN	0	PARSE_FAIL_ANNOTATION_MISSING_SEPARATOR	RECOVERABLE	VERIFIED_CC0_RMDB	RESOLVED	parse_fail:PARSE_FAIL_ANNOTATION_MISSING_SEPARATOR
421587626	TRP4P6_DMS_0008	TRP4P6_DMS_0008	TRP4P6_DMS_0008.rdat	fba4e4bcf74014cee605e9549fa96962aaafeefe1bc934254d0f755053099a74	reactflow_delta.d0x_v2.asset_disposition.v2	PARSE_FAIL_ANNOTATION_MISSING_SEPARATOR	203	203	NOT_RUN	0	PARSE_FAIL_ANNOTATION_MISSING_SEPARATOR	RECOVERABLE	VERIFIED_CC0_RMDB	RESOLVED	parse_fail:PARSE_FAIL_ANNOTATION_MISSING_SEPARATOR
421587632	TRP4P6_DMS_0009	TRP4P6_DMS_0009	TRP4P6_DMS_0009.rdat	72f2e980b23b8b7d29f82de23e8f916256f1593207b4039909cae5e752e9cdec	reactflow_delta.d0x_v2.asset_disposition.v2	PARSE_FAIL_ANNOTATION_MISSING_SEPARATOR	203	203	NOT_RUN	0	PARSE_FAIL_ANNOTATION_MISSING_SEPARATOR	RECOVERABLE	VERIFIED_CC0_RMDB	RESOLVED	parse_fail:PARSE_FAIL_ANNOTATION_MISSING_SEPARATOR
421587638	TRP4P6_DMS_0010	TRP4P6_DMS_0010	TRP4P6_DMS_0010.rdat	cf525dd9c0ece84abb600384b9b9b54750ade6e60146f6a9e2a45feb6caf1114	reactflow_delta.d0x_v2.asset_disposition.v2	PARSE_FAIL_ANNOTATION_MISSING_SEPARATOR	203	203	NOT_RUN	0	PARSE_FAIL_ANNOTATION_MISSING_SEPARATOR	RECOVERABLE	VERIFIED_CC0_RMDB	RESOLVED	parse_fail:PARSE_FAIL_ANNOTATION_MISSING_SEPARATOR
421587640	TRP4P6_DMS_0011	TRP4P6_DMS_0011	TRP4P6_DMS_0011.rdat	e9c7a4f1e21905d5b4a90e3648543714359928db866c32817031654ae51f3d42	reactflow_delta.d0x_v2.asset_disposition.v2	PARSE_FAIL_ANNOTATION_MISSING_SEPARATOR	203	203	NOT_RUN	0	PARSE_FAIL_ANNOTATION_MISSING_SEPARATOR	RECOVERABLE	VERIFIED_CC0_RMDB	RESOLVED	parse_fail:PARSE_FAIL_ANNOTATION_MISSING_SEPARATOR
421587642	TRP4P6_DMS_0012	TRP4P6_DMS_0012	TRP4P6_DMS_0012.rdat	e353ea7abdb780f723ab0b6b32fe065dec0a90b82ca595ec47b790b5418c6089	reactflow_delta.d0x_v2.asset_disposition.v2	PARSE_FAIL_ANNOTATION_MISSING_SEPARATOR	203	203	NOT_RUN	0	PARSE_FAIL_ANNOTATION_MISSING_SEPARATOR	RECOVERABLE	VERIFIED_CC0_RMDB	RESOLVED	parse_fail:PARSE_FAIL_ANNOTATION_MISSING_SEPARATOR
421587645	TRP4P6_DMS_0013	TRP4P6_DMS_0013	TRP4P6_DMS_0013.rdat	51b331f88a2def7326a4e041d08dd87c5cab0c9a732e23558c69469af79656dd	reactflow_delta.d0x_v2.asset_disposition.v2	PARSE_FAIL_ANNOTATION_MISSING_SEPARATOR	203	203	NOT_RUN	0	PARSE_FAIL_ANNOTATION_MISSING_SEPARATOR	RECOVERABLE	VERIFIED_CC0_RMDB	RESOLVED	parse_fail:PARSE_FAIL_ANNOTATION_MISSING_SEPARATOR
421587651	TRP4P6_DMS_0014	TRP4P6_DMS_0014	TRP4P6_DMS_0014.rdat	66fc15d733deafef7cf796ca9458d68223064af69ec10600bb65882797493148	reactflow_delta.d0x_v2.asset_disposition.v2	PARSE_FAIL_ANNOTATION_MISSING_SEPARATOR	161	161	NOT_RUN	0	PARSE_FAIL_ANNOTATION_MISSING_SEPARATOR	RECOVERABLE	VERIFIED_CC0_RMDB	RESOLVED	parse_fail:PARSE_FAIL_ANNOTATION_MISSING_SEPARATOR
421587652	TRP4P6_DMS_0015	TRP4P6_DMS_0015	TRP4P6_DMS_0015.rdat	74db69acec32e3b26ae3b3023272f0727628d8b32c7cda2f47c5bf5c9147adff	reactflow_delta.d0x_v2.asset_disposition.v2	PARSE_FAIL_MALFORMED_SEQPOS	203	203	NOT_RUN	0	PARSE_FAIL_MALFORMED_SEQPOS	RECOVERABLE	VERIFIED_CC0_RMDB	RESOLVED	parse_fail:PARSE_FAIL_MALFORMED_SEQPOS
421587654	TRP4P6_DMS_0016	TRP4P6_DMS_0016	TRP4P6_DMS_0016.rdat	f5903c2dbfd5a32e590ff4a9defc1e5f7261154486c064ea959ac4390affee91	reactflow_delta.d0x_v2.asset_disposition.v2	PARSE_FAIL_MALFORMED_SEQPOS	203	203	NOT_RUN	0	PARSE_FAIL_MALFORMED_SEQPOS	RECOVERABLE	VERIFIED_CC0_RMDB	RESOLVED	parse_fail:PARSE_FAIL_MALFORMED_SEQPOS
421587656	TRP4P6_HRF_0003	TRP4P6_HRF_0003	TRP4P6_HRF_0003.rdat	77b972789f74657ff07065bbe2f2ee547662d8af7d92a91d59a51006370a50ee	reactflow_delta.d0x_v2.asset_disposition.v2	PARSE_SUCCESS	28	28	NOT_RUN	0	NONE	NOT_APPLICABLE	VERIFIED_CC0_RMDB	RESOLVED	
421587673	TRP4P6_MCA_0000	TRP4P6_MCA_0000	TRP4P6_MCA_0000.rdat	91dba8e23f3951e0bb190c0261163951ade2eefe946a4cc805eacd29d52f4622	reactflow_delta.d0x_v2.asset_disposition.v2	PARSE_FAIL_LENGTH_MISMATCH_REACTIVITY_VS_SEQPOS	NOT_RUN	NOT_RUN	NOT_RUN	0	UNPARSEABLE	RECOVERABLE	VERIFIED_CC0_RMDB	RESOLVED	parse_fail:PARSE_FAIL_LENGTH_MISMATCH_REACTIVITY_VS_SEQPOS; 39GB canonical count not yet produced (NOT_RUN)
421587676	TRP4P6_MCA_0001	TRP4P6_MCA_0001	TRP4P6_MCA_0001.rdat	ee36e4209542fbd1022050c2e703f395877b174d6362c206dcbce24b2b8d8ec8	reactflow_delta.d0x_v2.asset_disposition.v2	PARSE_FAIL_LENGTH_MISMATCH_REACTIVITY_VS_SEQPOS	NOT_RUN	NOT_RUN	NOT_RUN	0	UNPARSEABLE	RECOVERABLE	VERIFIED_CC0_RMDB	RESOLVED	parse_fail:PARSE_FAIL_LENGTH_MISMATCH_REACTIVITY_VS_SEQPOS; 39GB canonical count not yet produced (NOT_RUN)
421587680	TRP4P6_MCA_0002	TRP4P6_MCA_0002	TRP4P6_MCA_0002.rdat	411dcd4ddc9e025f1746ddb19c57ae8df61e9116a65f1ee6127c76eb7d30e3c4	reactflow_delta.d0x_v2.asset_disposition.v2	PARSE_SUCCESS	204	204	NOT_RUN	0	NONE	NOT_APPLICABLE	VERIFIED_CC0_RMDB	RESOLVED	
421587683	TRP4P6_MCA_0003	TRP4P6_MCA_0003	TRP4P6_MCA_0003.rdat	8813b9724791311947ea41816c7033be82191914cfc700016c8e97d83bcfda0d	reactflow_delta.d0x_v2.asset_disposition.v2	PARSE_SUCCESS	204	204	NOT_RUN	0	NONE	NOT_APPLICABLE	VERIFIED_CC0_RMDB	RESOLVED	
421587684	TRP4P6_MCA_0004	TRP4P6_MCA_0004	TRP4P6_MCA_0004.rdat	30d2b9c164fa4effc829ce0046f54ab60a527ec98ef0a19c63186c2073ce27d9	reactflow_delta.d0x_v2.asset_disposition.v2	PARSE_FAIL_LENGTH_MISMATCH_REACTIVITY_VS_SEQPOS	NOT_RUN	NOT_RUN	NOT_RUN	0	UNPARSEABLE	RECOVERABLE	VERIFIED_CC0_RMDB	RESOLVED	parse_fail:PARSE_FAIL_LENGTH_MISMATCH_REACTIVITY_VS_SEQPOS; 39GB canonical count not yet produced (NOT_RUN)
421587685	TRP4P6_MCA_0005	TRP4P6_MCA_0005	TRP4P6_MCA_0005.rdat	91dba8e23f3951e0bb190c0261163951ade2eefe946a4cc805eacd29d52f4622	reactflow_delta.d0x_v2.asset_disposition.v2	PARSE_FAIL_LENGTH_MISMATCH_REACTIVITY_VS_SEQPOS	NOT_RUN	NOT_RUN	NOT_RUN	0	UNPARSEABLE	RECOVERABLE	VERIFIED_CC0_RMDB	RESOLVED	parse_fail:PARSE_FAIL_LENGTH_MISMATCH_REACTIVITY_VS_SEQPOS; 39GB canonical count not yet produced (NOT_RUN)
421587686	TRP4P6_R1J_0000	TRP4P6_R1J_0000	TRP4P6_R1J_0000.rdat	d7c24629da10eabf6dd3bf43953570bd7e416e517a906bb12963d6b9740e9438	reactflow_delta.d0x_v2.asset_disposition.v2	PARSE_SUCCESS	3	3	NOT_RUN	0	NONE	NOT_APPLICABLE	VERIFIED_CC0_RMDB	RESOLVED	
421587687	TRP4P6_R1J_0001	TRP4P6_R1J_0001	TRP4P6_R1J_0001.rdat	cdf61ab6ab02bf9e66ab8053cb9a0265d4fe0d65b8add170d61e9e9830486a6a	reactflow_delta.d0x_v2.asset_disposition.v2	PARSE_SUCCESS	44	44	24	0	NONE	NOT_APPLICABLE	VERIFIED_CC0_RMDB	RESOLVED	
421587714	TRP4P6_RSQ_0001	TRP4P6_RSQ_0001	TRP4P6_RSQ_0001.rdat	9dc53cbad0373e35aff65b2c48dc83fcda726d765200251666427bdaf2e1bffa	reactflow_delta.d0x_v2.asset_disposition.v2	PARSE_SUCCESS	80	80	40	0	NONE	NOT_APPLICABLE	VERIFIED_CC0_RMDB	RESOLVED	
421587713	TRP4P6_SHP_0001	TRP4P6_SHP_0001	TRP4P6_SHP_0001.rdat	f9437e7b722fc0dff9625fe91caf51b0568515694e6fb4bd3da70328948b5f54	reactflow_delta.d0x_v2.asset_disposition.v2	PARSE_SUCCESS	2	2	NOT_RUN	0	NONE	NOT_APPLICABLE	VERIFIED_CC0_RMDB	RESOLVED	
421587718	TRP4P6_SHP_0002	TRP4P6_SHP_0002	TRP4P6_SHP_0002.rdat	516728712e9542c799f0582dd8b4e94ff080865f575939166c9ef800839673d2	reactflow_delta.d0x_v2.asset_disposition.v2	PARSE_SUCCESS	192	192	159	0	NONE	NOT_APPLICABLE	VERIFIED_CC0_RMDB	RESOLVED	
421587715	TRP4P6_SHP_0003	TRP4P6_SHP_0003	TRP4P6_SHP_0003.rdat	f0e856ddf561e2834eeb2fbef739bc2af096b29de81f640800c17f15e028a1c4	reactflow_delta.d0x_v2.asset_disposition.v2	PARSE_SUCCESS	160	160	159	0	NONE	NOT_APPLICABLE	VERIFIED_CC0_RMDB	RESOLVED	
421587717	TRP4P6_SHP_0004	TRP4P6_SHP_0004	TRP4P6_SHP_0004.rdat	0d84798c9f53cf935cdb7b10d1e4bd3ca0d9197c4bb297bdd51a07c57f500a92	reactflow_delta.d0x_v2.asset_disposition.v2	PARSE_SUCCESS	1	1	NOT_RUN	0	NONE	NOT_APPLICABLE	VERIFIED_CC0_RMDB	RESOLVED	
421587732	TRP4P6_UVP_0001	TRP4P6_UVP_0001	TRP4P6_UVP_0001.rdat	94bc5fe7e15419d5620ec48af9dbd1f7ba77cedb66cfddf594f509dd0269f29c	reactflow_delta.d0x_v2.asset_disposition.v2	PARSE_SUCCESS	30	30	NOT_RUN	0	NONE	NOT_APPLICABLE	VERIFIED_CC0_RMDB	RESOLVED	
421587735	TRP4P6_WT2_0000	TRP4P6_WT2_0000	TRP4P6_WT2_0000.rdat	9f4c193d9d07edc6854cfd2868fd83d986d943afde494f05ddbdb9f3251dc2f5	reactflow_delta.d0x_v2.asset_disposition.v2	PARSE_SUCCESS	3	3	NOT_RUN	0	NONE	NOT_APPLICABLE	VERIFIED_CC0_RMDB	RESOLVED	
421587748	TTRDEL_2A3_0001	TTRDEL_2A3_0001	TTRDEL_2A3_0001.rdat	7ea8a72835883f9b207f7ed3459b732e2dd2fd81cae8f2edfd6fd303da9863f3	reactflow_delta.d0x_v2.asset_disposition.v2	PARSE_SUCCESS	52224	52224	NOT_RUN	0	NONE	NOT_APPLICABLE	VERIFIED_CC0_RMDB	UNRESOLVED_PUBLICATION	
421587743	TTRDEL_DMS_0001	TTRDEL_DMS_0001	TTRDEL_DMS_0001.rdat	466f8cdbf8bb5473534dcfa14d1c6c6522a80eece3d5364486a1ef51e9efeba8	reactflow_delta.d0x_v2.asset_disposition.v2	PARSE_SUCCESS	52224	52224	NOT_RUN	0	NONE	NOT_APPLICABLE	VERIFIED_CC0_RMDB	UNRESOLVED_PUBLICATION	
421587747	TTRDES_2A3_0000	TTRDES_2A3_0000	TTRDES_2A3_0000.rdat	1116ceb7f7ec8e69bd40890fb68c42ee4b616eaa5e8a7501bac337c024c4c554	reactflow_delta.d0x_v2.asset_disposition.v2	PARSE_SUCCESS	52224	52224	NOT_RUN	0	NONE	NOT_APPLICABLE	VERIFIED_CC0_RMDB	UNRESOLVED_PUBLICATION	
421587749	TTRDES_DMS_0000	TTRDES_DMS_0000	TTRDES_DMS_0000.rdat	b9a75cf45b051a21d87e4cabd88f716eb381d893cd753a06ceecc6b4d0dbd562	reactflow_delta.d0x_v2.asset_disposition.v2	PARSE_SUCCESS	52224	52224	NOT_RUN	0	NONE	NOT_APPLICABLE	VERIFIED_CC0_RMDB	UNRESOLVED_PUBLICATION	
421587752	TTRINS_2A3_0002	TTRINS_2A3_0002	TTRINS_2A3_0002.rdat	d34f7eccee6d494f73432b719d97560b913b18d23efa9950ba2b3e060b4c3ef6	reactflow_delta.d0x_v2.asset_disposition.v2	PARSE_SUCCESS	51886	51886	NOT_RUN	0	NONE	NOT_APPLICABLE	VERIFIED_CC0_RMDB	UNRESOLVED_PUBLICATION	
421589041	TTRINS_DMS_0002	TTRINS_DMS_0002	TTRINS_DMS_0002.rdat	830644b34d2f0d77a6888aebbb635a2cf3cd0c02c49b8d3bc77e32e230fa1522	reactflow_delta.d0x_v2.asset_disposition.v2	PARSE_SUCCESS	51886	51886	NOT_RUN	0	NONE	NOT_APPLICABLE	VERIFIED_CC0_RMDB	UNRESOLVED_PUBLICATION	
421592923	TTYH2_DMS_0001	TTYH2_DMS_0001	TTYH2_DMS_0001.rdat	a1ff5e7680bd7d9db2eec5fd4d11644e6f5ca1ebf13411dc8652140561ba1b74	reactflow_delta.d0x_v2.asset_disposition.v2	PARSE_SUCCESS	173	173	NOT_RUN	0	NONE	NOT_APPLICABLE	VERIFIED_CC0_RMDB	RESOLVED	
421589052	U1SNRNA_DMS_0000	U1SNRNA_DMS_0000	U1SNRNA_DMS_0000.rdat	61f73df9e097ac62b426bbe85053a0e103f64fd8ef51b8039c4bf90072120820	reactflow_delta.d0x_v2.asset_disposition.v2	PARSE_FAIL_ANNOTATION_MISSING_SEPARATOR	235	235	NOT_RUN	0	PARSE_FAIL_ANNOTATION_MISSING_SEPARATOR	RECOVERABLE	VERIFIED_CC0_RMDB	RESOLVED	parse_fail:PARSE_FAIL_ANNOTATION_MISSING_SEPARATOR
421592924	UVBAD5_UVP_0001	UVBAD5_UVP_0001	UVBAD5_UVP_0001.rdat	147e2cfa5bed76451d476662b16399d4a5358d8af784ea7c117a4a87a27a914f	reactflow_delta.d0x_v2.asset_disposition.v2	PARSE_SUCCESS	10	10	NOT_RUN	0	NONE	NOT_APPLICABLE	VERIFIED_CC0_RMDB	RESOLVED	
421580518	VCKTAPO_DMS_0000	VCKTAPO_DMS_0000	VCKTAPO_DMS_0000.rdat	f2ee36cc8cd14d665df564d020c02cdc5d4ab348348d91b4439c6d8e0106d955	reactflow_delta.d0x_v2.asset_disposition.v2	PARSE_FAIL_ANNOTATION_MISSING_SEPARATOR	302	302	NOT_RUN	0	PARSE_FAIL_ANNOTATION_MISSING_SEPARATOR	RECOVERABLE	VERIFIED_CC0_RMDB	RESOLVED	parse_fail:PARSE_FAIL_ANNOTATION_MISSING_SEPARATOR
421580519	VCKTGLY_DMS_0000	VCKTGLY_DMS_0000	VCKTGLY_DMS_0000.rdat	c681350733dfc0127175c8848224361b5179a6a34fe2bb2c495d31c59b2fdea0	reactflow_delta.d0x_v2.asset_disposition.v2	PARSE_FAIL_ANNOTATION_MISSING_SEPARATOR	302	302	NOT_RUN	0	PARSE_FAIL_ANNOTATION_MISSING_SEPARATOR	RECOVERABLE	VERIFIED_CC0_RMDB	RESOLVED	parse_fail:PARSE_FAIL_ANNOTATION_MISSING_SEPARATOR
421589064	VIR15K_2A3_0002	VIR15K_2A3_0002	VIR15K_2A3_0002.rdat	16c464acd605016e27db3fe6920610bf1e251d1ffadc6b6fe718d35a9b566370	reactflow_delta.d0x_v2.asset_disposition.v2	PARSE_SUCCESS	12633	12633	NOT_RUN	0	NONE	NOT_APPLICABLE	VERIFIED_CC0_RMDB	RESOLVED	
421589066	VIR15K_DMS_0001	VIR15K_DMS_0001	VIR15K_DMS_0001.rdat	e61f0319a87db130bd4a773488941bac597ce4f9bb18e75b621a67b47788c47e	reactflow_delta.d0x_v2.asset_disposition.v2	PARSE_SUCCESS	12633	12633	NOT_RUN	0	NONE	NOT_APPLICABLE	VERIFIED_CC0_RMDB	RESOLVED	
421589074	VIROID_2A3_0000	VIROID_2A3_0000	VIROID_2A3_0000.rdat	0d83839895ab64b0412c2f9ccb152aa9182056a44772f44862497f810069a526	reactflow_delta.d0x_v2.asset_disposition.v2	PARSE_SUCCESS	23888	23888	NOT_RUN	0	NONE	NOT_APPLICABLE	VERIFIED_CC0_RMDB	UNRESOLVED_PUBLICATION	
421589078	VIROID_2A3_0001	VIROID_2A3_0001	VIROID_2A3_0001.rdat	111f4bb5c99120d76f2330ed496720db254e6015b62ce5240324e404d5b1c308	reactflow_delta.d0x_v2.asset_disposition.v2	PARSE_SUCCESS	17596	17596	NOT_RUN	0	NONE	NOT_APPLICABLE	VERIFIED_CC0_RMDB	UNRESOLVED_PUBLICATION	
421589680	VIROID_DMS_0000	VIROID_DMS_0000	VIROID_DMS_0000.rdat	c9c5114099baaef2d9dfc9abfda75410f95e310ce5fa6207aaaf718edc062ee6	reactflow_delta.d0x_v2.asset_disposition.v2	PARSE_SUCCESS	23888	23888	NOT_RUN	0	NONE	NOT_APPLICABLE	VERIFIED_CC0_RMDB	UNRESOLVED_PUBLICATION	
421589689	VIROID_DMS_0001	VIROID_DMS_0001	VIROID_DMS_0001.rdat	b4e7cb4d6e6bbf99eb7d8692cdc163fc04ba4832cf33c4171d606f55e640f307	reactflow_delta.d0x_v2.asset_disposition.v2	PARSE_SUCCESS	17596	17596	NOT_RUN	0	NONE	NOT_APPLICABLE	VERIFIED_CC0_RMDB	UNRESOLVED_PUBLICATION	
421589863	VIRWIN_2A3_0000	VIRWIN_2A3_0000	VIRWIN_2A3_0000.rdat	a23b64f05cb709b6ca400752491b0df2f18eaea38f014f850c53f85ba724ea6d	reactflow_delta.d0x_v2.asset_disposition.v2	PARSE_SUCCESS	57814	57814	NOT_RUN	0	NONE	NOT_APPLICABLE	VERIFIED_CC0_RMDB	UNRESOLVED_PUBLICATION	
421589892	VIRWIN_2A3_0001	VIRWIN_2A3_0001	VIRWIN_2A3_0001.rdat	5f8d9288e3aa82906ec691e8ebb63e39c88f8fd96e73208c224c3262d368e592	reactflow_delta.d0x_v2.asset_disposition.v2	PARSE_SUCCESS	56044	56044	NOT_RUN	0	NONE	NOT_APPLICABLE	VERIFIED_CC0_RMDB	UNRESOLVED_PUBLICATION	
421590299	VIRWIN_DMS_0000	VIRWIN_DMS_0000	VIRWIN_DMS_0000.rdat	f79c6aa5fa873c03d883fb1c51fa1692c05a7ff9b1526a371bfd0286a652932e	reactflow_delta.d0x_v2.asset_disposition.v2	PARSE_SUCCESS	57814	57814	NOT_RUN	0	NONE	NOT_APPLICABLE	VERIFIED_CC0_RMDB	UNRESOLVED_PUBLICATION	
421590326	VIRWIN_DMS_0001	VIRWIN_DMS_0001	VIRWIN_DMS_0001.rdat	f4ce0a358486f642d826b0de765d96fdb9a1496e426783146260f098eb147cd2	reactflow_delta.d0x_v2.asset_disposition.v2	PARSE_SUCCESS	56044	56044	NOT_RUN	0	NONE	NOT_APPLICABLE	VERIFIED_CC0_RMDB	RESOLVED	
421592926	VSRBZM_DCP_0000	VSRBZM_DCP_0000	VSRBZM_DCP_0000.rdat	b20946110f89af48b2c8f3f88010e143881f413abed2b26441f73f5cdf4a7127	reactflow_delta.d0x_v2.asset_disposition.v2	PARSE_FAIL_LENGTH_MISMATCH_REACTIVITY_VS_SEQPOS	NOT_RUN	NOT_RUN	NOT_RUN	0	UNPARSEABLE	RECOVERABLE	VERIFIED_CC0_RMDB	RESOLVED	parse_fail:PARSE_FAIL_LENGTH_MISMATCH_REACTIVITY_VS_SEQPOS; 39GB canonical count not yet produced (NOT_RUN)
421592925	X20H20_DMS_0001	X20H20_DMS_0001	X20H20_DMS_0001.rdat	7b741b27735246ddf386ee057744a7dcb506b5c30cbe7278803d7ac51bfa1c9f	reactflow_delta.d0x_v2.asset_disposition.v2	PARSE_FAIL_OTHER	90	90	NOT_RUN	0	PARSE_FAIL_OTHER	UNRECOVERABLE	VERIFIED_CC0_RMDB	RESOLVED	parse_fail:PARSE_FAIL_OTHER
421592928	X20H20_DMS_0002	X20H20_DMS_0002	X20H20_DMS_0002.rdat	a4582c21fc174ae1689f3bf03b06672788f2e8bad9d024926e5a1df5ab17c5d9	reactflow_delta.d0x_v2.asset_disposition.v2	PARSE_FAIL_OTHER	82	82	NOT_RUN	0	PARSE_FAIL_OTHER	UNRECOVERABLE	VERIFIED_CC0_RMDB	RESOLVED	parse_fail:PARSE_FAIL_OTHER
421580520	YDAORS_DMS_0000	YDAORS_DMS_0000	YDAORS_DMS_0000.rdat	57559bb38f6741b181ba668d48b72d407e47e47295dca85c705a99672f615f4c	reactflow_delta.d0x_v2.asset_disposition.v2	PARSE_FAIL_MALFORMED_SEQPOS	192	192	NOT_RUN	0	PARSE_FAIL_MALFORMED_SEQPOS	RECOVERABLE	VERIFIED_CC0_RMDB	RESOLVED	parse_fail:PARSE_FAIL_MALFORMED_SEQPOS
421580521	YDAORS_DMS_0001	YDAORS_DMS_0001	YDAORS_DMS_0001.rdat	16f1b2d80ae2612a16967979cca0ed1c2a9d1e34d901674ab5a282d9b3cc834b	reactflow_delta.d0x_v2.asset_disposition.v2	PARSE_FAIL_MALFORMED_SEQPOS	192	192	NOT_RUN	0	PARSE_FAIL_MALFORMED_SEQPOS	RECOVERABLE	VERIFIED_CC0_RMDB	RESOLVED	parse_fail:PARSE_FAIL_MALFORMED_SEQPOS
421580522	YXJA135_COTR_0001	YXJA135_COTR_0001	YXJA135_COTR_0001.rdat	cb27cc5e1b18f898fd5ff4bf4264a215ebc157f11ecb64d9075919412ebb138f	reactflow_delta.d0x_v2.asset_disposition.v2	PARSE_FAIL_MISSING_REACTIVITY_ROWS	1	1	NOT_RUN	0	PARSE_FAIL_MISSING_REACTIVITY_ROWS	RECOVERABLE	VERIFIED_CC0_RMDB	UNRESOLVED_PUBLICATION	parse_fail:PARSE_FAIL_MISSING_REACTIVITY_ROWS
421580523	YXJA135_COTR_0002	YXJA135_COTR_0002	YXJA135_COTR_0002.rdat	1b6af1eac82bcc46b1af9dc51f3d5f45c56eb2bb86ecb4332024169d17c1c47b	reactflow_delta.d0x_v2.asset_disposition.v2	PARSE_FAIL_MISSING_REACTIVITY_ROWS	1	1	NOT_RUN	0	PARSE_FAIL_MISSING_REACTIVITY_ROWS	RECOVERABLE	VERIFIED_CC0_RMDB	UNRESOLVED_PUBLICATION	parse_fail:PARSE_FAIL_MISSING_REACTIVITY_ROWS
421580525	YXJA135_EQR_0001	YXJA135_EQR_0001	YXJA135_EQR_0001.rdat	ab66bc8eef4e271d788ffcbebaca39f970c14c507365427e372f5fe794e63d5c	reactflow_delta.d0x_v2.asset_disposition.v2	PARSE_FAIL_MISSING_REACTIVITY_ROWS	1	1	NOT_RUN	0	PARSE_FAIL_MISSING_REACTIVITY_ROWS	RECOVERABLE	VERIFIED_CC0_RMDB	UNRESOLVED_PUBLICATION	parse_fail:PARSE_FAIL_MISSING_REACTIVITY_ROWS
421580524	YXJA135_EQR_0002	YXJA135_EQR_0002	YXJA135_EQR_0002.rdat	98aba2a618c81052afdd986f76117866b15b632d358378a4d332161eb330d23f	reactflow_delta.d0x_v2.asset_disposition.v2	PARSE_FAIL_MISSING_REACTIVITY_ROWS	1	1	NOT_RUN	0	PARSE_FAIL_MISSING_REACTIVITY_ROWS	RECOVERABLE	VERIFIED_CC0_RMDB	UNRESOLVED_PUBLICATION	parse_fail:PARSE_FAIL_MISSING_REACTIVITY_ROWS
421580526	YXJA160_COTR_0001	YXJA160_COTR_0001	YXJA160_COTR_0001.rdat	b39118cbf6757b7ababaab3b18a126fe4f3fe413fd61abedbb395a68e10ac520	reactflow_delta.d0x_v2.asset_disposition.v2	PARSE_FAIL_MISSING_REACTIVITY_ROWS	1	1	NOT_RUN	0	PARSE_FAIL_MISSING_REACTIVITY_ROWS	RECOVERABLE	VERIFIED_CC0_RMDB	UNRESOLVED_PUBLICATION	parse_fail:PARSE_FAIL_MISSING_REACTIVITY_ROWS
421580536	YXJA160_COTR_0002	YXJA160_COTR_0002	YXJA160_COTR_0002.rdat	a85105354f6fe2ee09f11bdc3687c1e26e7835678c47c87e359057075e7abe8b	reactflow_delta.d0x_v2.asset_disposition.v2	PARSE_FAIL_MISSING_REACTIVITY_ROWS	1	1	NOT_RUN	0	PARSE_FAIL_MISSING_REACTIVITY_ROWS	RECOVERABLE	VERIFIED_CC0_RMDB	UNRESOLVED_PUBLICATION	parse_fail:PARSE_FAIL_MISSING_REACTIVITY_ROWS
421580540	YXJA160_EQR_0001	YXJA160_EQR_0001	YXJA160_EQR_0001.rdat	2a7d6e886425e858c6ade9f01d70a471be8dd2f81bc754728d070dd62873682d	reactflow_delta.d0x_v2.asset_disposition.v2	PARSE_FAIL_MISSING_REACTIVITY_ROWS	1	1	NOT_RUN	0	PARSE_FAIL_MISSING_REACTIVITY_ROWS	RECOVERABLE	VERIFIED_CC0_RMDB	UNRESOLVED_PUBLICATION	parse_fail:PARSE_FAIL_MISSING_REACTIVITY_ROWS
421580553	YXJA160_EQR_0002	YXJA160_EQR_0002	YXJA160_EQR_0002.rdat	1c6ad61e851983f7b51d0298c5ce98a12c9f43857c4819e01681233190cc33aa	reactflow_delta.d0x_v2.asset_disposition.v2	PARSE_FAIL_MISSING_REACTIVITY_ROWS	1	1	NOT_RUN	0	PARSE_FAIL_MISSING_REACTIVITY_ROWS	RECOVERABLE	VERIFIED_CC0_RMDB	UNRESOLVED_PUBLICATION	parse_fail:PARSE_FAIL_MISSING_REACTIVITY_ROWS
421580554	YXJA220_COTR_0001	YXJA220_COTR_0001	YXJA220_COTR_0001.rdat	d19fa5e6c64116d944420022be5afd9056916b85a487c8d2b6e63001f53f5e29	reactflow_delta.d0x_v2.asset_disposition.v2	PARSE_FAIL_MISSING_REACTIVITY_ROWS	1	1	NOT_RUN	0	PARSE_FAIL_MISSING_REACTIVITY_ROWS	RECOVERABLE	VERIFIED_CC0_RMDB	UNRESOLVED_PUBLICATION	parse_fail:PARSE_FAIL_MISSING_REACTIVITY_ROWS
421580555	YXJA220_COTR_0002	YXJA220_COTR_0002	YXJA220_COTR_0002.rdat	17b50f72926443c099302ae0b8e522ddc8a37bec2f6766393405f2de8f6fe388	reactflow_delta.d0x_v2.asset_disposition.v2	PARSE_FAIL_MISSING_REACTIVITY_ROWS	1	1	NOT_RUN	0	PARSE_FAIL_MISSING_REACTIVITY_ROWS	RECOVERABLE	VERIFIED_CC0_RMDB	UNRESOLVED_PUBLICATION	parse_fail:PARSE_FAIL_MISSING_REACTIVITY_ROWS
421580556	YXJA220_EQR_0001	YXJA220_EQR_0001	YXJA220_EQR_0001.rdat	931bb635af02e7e8e52f0e4875fb907a15edbfc9c084e64badd3dcfcb0c5cdbc	reactflow_delta.d0x_v2.asset_disposition.v2	PARSE_FAIL_MISSING_REACTIVITY_ROWS	1	1	NOT_RUN	0	PARSE_FAIL_MISSING_REACTIVITY_ROWS	RECOVERABLE	VERIFIED_CC0_RMDB	UNRESOLVED_PUBLICATION	parse_fail:PARSE_FAIL_MISSING_REACTIVITY_ROWS
421580557	YXJA220_EQR_0002	YXJA220_EQR_0002	YXJA220_EQR_0002.rdat	0569cd90e2a8074eed745d301a7577692fab85c30a9a33fd4566e5fda37611bd	reactflow_delta.d0x_v2.asset_disposition.v2	PARSE_FAIL_MISSING_REACTIVITY_ROWS	1	1	NOT_RUN	0	PARSE_FAIL_MISSING_REACTIVITY_ROWS	RECOVERABLE	VERIFIED_CC0_RMDB	UNRESOLVED_PUBLICATION	parse_fail:PARSE_FAIL_MISSING_REACTIVITY_ROWS
421590593	ZIKAXR_DMS_0000	ZIKAXR_DMS_0000	ZIKAXR_DMS_0000.rdat	daadfc7556ce85dc2bfec87a74993913fb9bfb126fc3f42060fa78b1f2054c11	reactflow_delta.d0x_v2.asset_disposition.v2	PARSE_FAIL_MALFORMED_SEQPOS	143	143	NOT_RUN	0	PARSE_FAIL_MALFORMED_SEQPOS	RECOVERABLE	VERIFIED_CC0_RMDB	RESOLVED	parse_fail:PARSE_FAIL_MALFORMED_SEQPOS
421580558	ZTPRSW_BZCN_0001	ZTPRSW_BZCN_0001	ZTPRSW_BZCN_0001.rdat	f93fa033bc82286116c226c0c5d8edfc2b1a95bfe041d624e5212ecf03034c20	reactflow_delta.d0x_v2.asset_disposition.v2	PARSE_FAIL_MISSING_REACTIVITY_ROWS	NOT_RUN	NOT_RUN	NOT_RUN	103	LENGTH_MISMATCH	RECOVERABLE	VERIFIED_CC0_RMDB	RESOLVED	parse_fail:PARSE_FAIL_MISSING_REACTIVITY_ROWS; 103 LENGTH_MISMATCH profile rows; 39GB canonical count not yet produced (NOT_RUN)
421580559	ZTPRSW_BZCN_0002	ZTPRSW_BZCN_0002	ZTPRSW_BZCN_0002.rdat	fec86bdda6d3440d939154d31901f41a911ca4fa7404aaf06d87909eb7ae1875	reactflow_delta.d0x_v2.asset_disposition.v2	PARSE_FAIL_MISSING_REACTIVITY_ROWS	NOT_RUN	NOT_RUN	NOT_RUN	103	LENGTH_MISMATCH	RECOVERABLE	VERIFIED_CC0_RMDB	RESOLVED	parse_fail:PARSE_FAIL_MISSING_REACTIVITY_ROWS; 103 LENGTH_MISMATCH profile rows; 39GB canonical count not yet produced (NOT_RUN)
421580560	ZTPRSW_BZCN_0003	ZTPRSW_BZCN_0003	ZTPRSW_BZCN_0003.rdat	e71fe88293b3c0087ad76367b3ab83317d351500f46f9dc1f86924a794024da8	reactflow_delta.d0x_v2.asset_disposition.v2	PARSE_FAIL_MISSING_REACTIVITY_ROWS	NOT_RUN	NOT_RUN	NOT_RUN	103	LENGTH_MISMATCH	RECOVERABLE	VERIFIED_CC0_RMDB	RESOLVED	parse_fail:PARSE_FAIL_MISSING_REACTIVITY_ROWS; 103 LENGTH_MISMATCH profile rows; 39GB canonical count not yet produced (NOT_RUN)
421580561	ZTPRSW_BZCN_0004	ZTPRSW_BZCN_0004	ZTPRSW_BZCN_0004.rdat	78ac794f3c6bf8eee501cc88c86772c65d532ef72e1c410f9b46e18ae0faae5e	reactflow_delta.d0x_v2.asset_disposition.v2	PARSE_FAIL_MISSING_REACTIVITY_ROWS	NOT_RUN	NOT_RUN	NOT_RUN	103	LENGTH_MISMATCH	RECOVERABLE	VERIFIED_CC0_RMDB	RESOLVED	parse_fail:PARSE_FAIL_MISSING_REACTIVITY_ROWS; 103 LENGTH_MISMATCH profile rows; 39GB canonical count not yet produced (NOT_RUN)
421580562	ZTPRSW_BZCN_0005	ZTPRSW_BZCN_0005	ZTPRSW_BZCN_0005.rdat	a2056765a2d30a365fd0cb7fcdaaa3f5be053d1e56a1fe01e709ef7cc34f89cd	reactflow_delta.d0x_v2.asset_disposition.v2	PARSE_FAIL_MISSING_REACTIVITY_ROWS	NOT_RUN	NOT_RUN	NOT_RUN	103	LENGTH_MISMATCH	RECOVERABLE	VERIFIED_CC0_RMDB	RESOLVED	parse_fail:PARSE_FAIL_MISSING_REACTIVITY_ROWS; 103 LENGTH_MISMATCH profile rows; 39GB canonical count not yet produced (NOT_RUN)
421580564	ZTPRSW_BZCN_0006	ZTPRSW_BZCN_0006	ZTPRSW_BZCN_0006.rdat	340a546e9f5d4cf9e407bd602526aa3514c62b3ff3e8f7aa18c4bc60a1ec7949	reactflow_delta.d0x_v2.asset_disposition.v2	PARSE_FAIL_MISSING_REACTIVITY_ROWS	NOT_RUN	NOT_RUN	NOT_RUN	103	LENGTH_MISMATCH	RECOVERABLE	VERIFIED_CC0_RMDB	RESOLVED	parse_fail:PARSE_FAIL_MISSING_REACTIVITY_ROWS; 103 LENGTH_MISMATCH profile rows; 39GB canonical count not yet produced (NOT_RUN)
421580565	ZTPRSW_BZCN_0007	ZTPRSW_BZCN_0007	ZTPRSW_BZCN_0007.rdat	6aaea89d9a0ce7365e153d37048a110cdcd75187229926b6238d19d8f507d16d	reactflow_delta.d0x_v2.asset_disposition.v2	PARSE_FAIL_MISSING_REACTIVITY_ROWS	NOT_RUN	NOT_RUN	NOT_RUN	9	LENGTH_MISMATCH	RECOVERABLE	VERIFIED_CC0_RMDB	RESOLVED	parse_fail:PARSE_FAIL_MISSING_REACTIVITY_ROWS; 9 LENGTH_MISMATCH profile rows; 39GB canonical count not yet produced (NOT_RUN)
421580566	ZTPRSW_BZCN_0008	ZTPRSW_BZCN_0008	ZTPRSW_BZCN_0008.rdat	71b23f93d1bbe23a2f483e37489a62a36a398b9273ee86a2c73f7cc150bb736f	reactflow_delta.d0x_v2.asset_disposition.v2	PARSE_FAIL_MISSING_REACTIVITY_ROWS	NOT_RUN	NOT_RUN	NOT_RUN	9	LENGTH_MISMATCH	RECOVERABLE	VERIFIED_CC0_RMDB	RESOLVED	parse_fail:PARSE_FAIL_MISSING_REACTIVITY_ROWS; 9 LENGTH_MISMATCH profile rows; 39GB canonical count not yet produced (NOT_RUN)
421580567	ZTPRSW_BZCN_0009	ZTPRSW_BZCN_0009	ZTPRSW_BZCN_0009.rdat	a72b68fbb5c2cc24e10100331050c6def4203af9bd1f2aeeee5cc45810f666c8	reactflow_delta.d0x_v2.asset_disposition.v2	PARSE_FAIL_MISSING_REACTIVITY_ROWS	NOT_RUN	NOT_RUN	NOT_RUN	9	LENGTH_MISMATCH	RECOVERABLE	VERIFIED_CC0_RMDB	RESOLVED	parse_fail:PARSE_FAIL_MISSING_REACTIVITY_ROWS; 9 LENGTH_MISMATCH profile rows; 39GB canonical count not yet produced (NOT_RUN)
421580568	ZTPRSW_BZCN_0010	ZTPRSW_BZCN_0010	ZTPRSW_BZCN_0010.rdat	6a20b6c899de6a78da807ad41c1f8be7238a45d914c414712d678f1bd06eb785	reactflow_delta.d0x_v2.asset_disposition.v2	PARSE_FAIL_MISSING_REACTIVITY_ROWS	NOT_RUN	NOT_RUN	NOT_RUN	9	LENGTH_MISMATCH	RECOVERABLE	VERIFIED_CC0_RMDB	RESOLVED	parse_fail:PARSE_FAIL_MISSING_REACTIVITY_ROWS; 9 LENGTH_MISMATCH profile rows; 39GB canonical count not yet produced (NOT_RUN)
421580570	ZTPRSW_BZCN_0011	ZTPRSW_BZCN_0011	ZTPRSW_BZCN_0011.rdat	c8bcbdc2d3a58c0aa218a613e391500b5de9de0991f65535ea1b70cdcc0ca8be	reactflow_delta.d0x_v2.asset_disposition.v2	PARSE_FAIL_MISSING_REACTIVITY_ROWS	NOT_RUN	NOT_RUN	NOT_RUN	103	LENGTH_MISMATCH	RECOVERABLE	VERIFIED_CC0_RMDB	RESOLVED	parse_fail:PARSE_FAIL_MISSING_REACTIVITY_ROWS; 103 LENGTH_MISMATCH profile rows; 39GB canonical count not yet produced (NOT_RUN)
421580572	ZTPRSW_BZCN_0012	ZTPRSW_BZCN_0012	ZTPRSW_BZCN_0012.rdat	e0c7f51ea414c5ebe52fffcf26bf81f792c3fccd999015a009ef6a87f498316f	reactflow_delta.d0x_v2.asset_disposition.v2	PARSE_FAIL_MISSING_REACTIVITY_ROWS	NOT_RUN	NOT_RUN	NOT_RUN	103	LENGTH_MISMATCH	RECOVERABLE	VERIFIED_CC0_RMDB	RESOLVED	parse_fail:PARSE_FAIL_MISSING_REACTIVITY_ROWS; 103 LENGTH_MISMATCH profile rows; 39GB canonical count not yet produced (NOT_RUN)
421580573	ZTPRSW_BZCN_0013	ZTPRSW_BZCN_0013	ZTPRSW_BZCN_0013.rdat	bf22103fe1216fb0480af5357f9a578761d39d0c730284506ac362479576ac03	reactflow_delta.d0x_v2.asset_disposition.v2	PARSE_FAIL_MISSING_REACTIVITY_ROWS	NOT_RUN	NOT_RUN	NOT_RUN	103	LENGTH_MISMATCH	RECOVERABLE	VERIFIED_CC0_RMDB	RESOLVED	parse_fail:PARSE_FAIL_MISSING_REACTIVITY_ROWS; 103 LENGTH_MISMATCH profile rows; 39GB canonical count not yet produced (NOT_RUN)
421580577	ZTPRSW_BZCN_0014	ZTPRSW_BZCN_0014	ZTPRSW_BZCN_0014.rdat	623cdac1c2f53769066fb6dc0769f948142ec1fd3c7628029d9aeeae063d2079	reactflow_delta.d0x_v2.asset_disposition.v2	PARSE_FAIL_MISSING_REACTIVITY_ROWS	NOT_RUN	NOT_RUN	NOT_RUN	103	LENGTH_MISMATCH	RECOVERABLE	VERIFIED_CC0_RMDB	RESOLVED	parse_fail:PARSE_FAIL_MISSING_REACTIVITY_ROWS; 103 LENGTH_MISMATCH profile rows; 39GB canonical count not yet produced (NOT_RUN)
421580576	ZTPRSW_BZCN_0015	ZTPRSW_BZCN_0015	ZTPRSW_BZCN_0015.rdat	1ece60fb452df92eeb71b7b1d12e949084dc7b7201d40e11cb692f316de13860	reactflow_delta.d0x_v2.asset_disposition.v2	PARSE_FAIL_MISSING_REACTIVITY_ROWS	NOT_RUN	NOT_RUN	NOT_RUN	103	LENGTH_MISMATCH	RECOVERABLE	VERIFIED_CC0_RMDB	RESOLVED	parse_fail:PARSE_FAIL_MISSING_REACTIVITY_ROWS; 103 LENGTH_MISMATCH profile rows; 39GB canonical count not yet produced (NOT_RUN)
421580579	ZTPRSW_BZCN_0016	ZTPRSW_BZCN_0016	ZTPRSW_BZCN_0016.rdat	a170f07d949845a14b1d3bb81174103e56deb942befa6cd8c2c00d9dcee978d2	reactflow_delta.d0x_v2.asset_disposition.v2	PARSE_FAIL_MISSING_REACTIVITY_ROWS	NOT_RUN	NOT_RUN	NOT_RUN	103	LENGTH_MISMATCH	RECOVERABLE	VERIFIED_CC0_RMDB	RESOLVED	parse_fail:PARSE_FAIL_MISSING_REACTIVITY_ROWS; 103 LENGTH_MISMATCH profile rows; 39GB canonical count not yet produced (NOT_RUN)
